Copyright 1986-2018 Xilinx, Inc. All Rights Reserved.
--------------------------------------------------------------------------------------------------------------------------------------------------------------------------------------------------
| Tool Version : Vivado v.2018.3 (win64) Build 2405991 Thu Dec  6 23:38:27 MST 2018
| Date         : Wed Dec 10 13:49:55 2025
| Host         : zph running 64-bit major release  (build 9200)
| Command      : report_timing_summary -max_paths 10 -file clahe_top_timing_summary_routed.rpt -pb clahe_top_timing_summary_routed.pb -rpx clahe_top_timing_summary_routed.rpx -warn_on_violation
| Design       : clahe_top
| Device       : 7vx690t-ffg1761
| Speed File   : -2  PRODUCTION 1.11 2014-09-11
--------------------------------------------------------------------------------------------------------------------------------------------------------------------------------------------------

Timing Summary Report

------------------------------------------------------------------------------------------------
| Timer Settings
| --------------
------------------------------------------------------------------------------------------------

  Enable Multi Corner Analysis               :  Yes
  Enable Pessimism Removal                   :  Yes
  Pessimism Removal Resolution               :  Nearest Common Node
  Enable Input Delay Default Clock           :  No
  Enable Preset / Clear Arcs                 :  No
  Disable Flight Delays                      :  No
  Ignore I/O Paths                           :  No
  Timing Early Launch at Borrowing Latches   :  false

  Corner  Analyze    Analyze    
  Name    Max Paths  Min Paths  
  ------  ---------  ---------  
  Slow    Yes        Yes        
  Fast    Yes        Yes        



check_timing report

Table of Contents
-----------------
1. checking no_clock
2. checking constant_clock
3. checking pulse_width_clock
4. checking unconstrained_internal_endpoints
5. checking no_input_delay
6. checking no_output_delay
7. checking multiple_clock
8. checking generated_clocks
9. checking loops
10. checking partial_input_delay
11. checking partial_output_delay
12. checking latch_loops

1. checking no_clock
--------------------
 There are 0 register/latch pins with no clock.


2. checking constant_clock
--------------------------
 There are 0 register/latch pins with constant_clock.


3. checking pulse_width_clock
-----------------------------
 There are 0 register/latch pins which need pulse_width check


4. checking unconstrained_internal_endpoints
--------------------------------------------
 There are 0 pins that are not constrained for maximum delay.

 There are 0 pins that are not constrained for maximum delay due to constant clock.


5. checking no_input_delay
--------------------------
 There are 37 input ports with no input delay specified. (HIGH)

 There are 0 input ports with no input delay but user has a false path constraint.


6. checking no_output_delay
---------------------------
 There are 29 ports with no output delay specified. (HIGH)

 There are 0 ports with no output delay but user has a false path constraint

 There are 0 ports with no output delay but with a timing clock defined on it or propagating through it


7. checking multiple_clock
--------------------------
 There are 0 register/latch pins with multiple clocks.


8. checking generated_clocks
----------------------------
 There are 0 generated clocks that are not connected to a clock source.


9. checking loops
-----------------
 There are 0 combinational loops in the design.


10. checking partial_input_delay
--------------------------------
 There are 0 input ports with partial input delay specified.


11. checking partial_output_delay
---------------------------------
 There are 0 ports with partial output delay specified.


12. checking latch_loops
------------------------
 There are 0 combinational latch loops in the design through latch input



------------------------------------------------------------------------------------------------
| Design Timing Summary
| ---------------------
------------------------------------------------------------------------------------------------

    WNS(ns)      TNS(ns)  TNS Failing Endpoints  TNS Total Endpoints      WHS(ns)      THS(ns)  THS Failing Endpoints  THS Total Endpoints     WPWS(ns)     TPWS(ns)  TPWS Failing Endpoints  TPWS Total Endpoints  
    -------      -------  ---------------------  -------------------      -------      -------  ---------------------  -------------------     --------     --------  ----------------------  --------------------  
    -22.347     -148.285                      9                 5294        0.094        0.000                      0                 5294        6.108        0.000                       0                   917  


Timing constraints are not met.


------------------------------------------------------------------------------------------------
| Clock Summary
| -------------
------------------------------------------------------------------------------------------------

Clock  Waveform(ns)       Period(ns)      Frequency(MHz)
-----  ------------       ----------      --------------
pclk   {0.000 6.750}      13.500          74.074          


------------------------------------------------------------------------------------------------
| Intra Clock Table
| -----------------
------------------------------------------------------------------------------------------------

Clock             WNS(ns)      TNS(ns)  TNS Failing Endpoints  TNS Total Endpoints      WHS(ns)      THS(ns)  THS Failing Endpoints  THS Total Endpoints     WPWS(ns)     TPWS(ns)  TPWS Failing Endpoints  TPWS Total Endpoints  
-----             -------      -------  ---------------------  -------------------      -------      -------  ---------------------  -------------------     --------     --------  ----------------------  --------------------  
pclk              -22.347     -148.285                      9                 5294        0.094        0.000                      0                 5294        6.108        0.000                       0                   917  


------------------------------------------------------------------------------------------------
| Inter Clock Table
| -----------------
------------------------------------------------------------------------------------------------

From Clock    To Clock          WNS(ns)      TNS(ns)  TNS Failing Endpoints  TNS Total Endpoints      WHS(ns)      THS(ns)  THS Failing Endpoints  THS Total Endpoints  
----------    --------          -------      -------  ---------------------  -------------------      -------      -------  ---------------------  -------------------  


------------------------------------------------------------------------------------------------
| Other Path Groups Table
| -----------------------
------------------------------------------------------------------------------------------------

Path Group    From Clock    To Clock          WNS(ns)      TNS(ns)  TNS Failing Endpoints  TNS Total Endpoints      WHS(ns)      THS(ns)  THS Failing Endpoints  THS Total Endpoints  
----------    ----------    --------          -------      -------  ---------------------  -------------------      -------      -------  ---------------------  -------------------  


------------------------------------------------------------------------------------------------
| Timing Details
| --------------
------------------------------------------------------------------------------------------------


---------------------------------------------------------------------------------------------------
From Clock:  pclk
  To Clock:  pclk

Setup :            9  Failing Endpoints,  Worst Slack      -22.347ns,  Total Violation     -148.285ns
Hold  :            0  Failing Endpoints,  Worst Slack        0.094ns,  Total Violation        0.000ns
PW    :            0  Failing Endpoints,  Worst Slack        6.108ns,  Total Violation        0.000ns
---------------------------------------------------------------------------------------------------


Max Delay Paths
--------------------------------------------------------------------------------------
Slack (VIOLATED) :        -22.347ns  (required time - arrival time)
  Source:                 clipper_cdf_inst/cdf_range_reg[3]/C
                            (rising edge-triggered cell FDCE clocked by pclk  {rise@0.000ns fall@6.750ns period=13.500ns})
  Destination:            clipper_cdf_inst/cdf_wr_data_reg[0]/D
                            (rising edge-triggered cell FDCE clocked by pclk  {rise@0.000ns fall@6.750ns period=13.500ns})
  Path Group:             pclk
  Path Type:              Setup (Max at Slow Process Corner)
  Requirement:            13.500ns  (pclk rise@13.500ns - pclk rise@0.000ns)
  Data Path Delay:        35.546ns  (logic 20.030ns (56.350%)  route 15.516ns (43.650%))
  Logic Levels:           185  (CARRY4=159 LUT1=1 LUT2=7 LUT3=18)
  Clock Path Skew:        -0.300ns (DCD - SCD + CPR)
    Destination Clock Delay (DCD):    4.517ns = ( 18.017 - 13.500 ) 
    Source Clock Delay      (SCD):    5.080ns
    Clock Pessimism Removal (CPR):    0.262ns
  Clock Uncertainty:      0.035ns  ((TSJ^2 + TIJ^2)^1/2 + DJ) / 2 + PE
    Total System Jitter     (TSJ):    0.071ns
    Total Input Jitter      (TIJ):    0.000ns
    Discrete Jitter          (DJ):    0.000ns
    Phase Error              (PE):    0.000ns

    Location             Delay type                Incr(ns)  Path(ns)    Netlist Resource(s)
  -------------------------------------------------------------------    -------------------
                         (clock pclk rise edge)       0.000     0.000 r  
    AU28                                              0.000     0.000 r  pclk (IN)
                         net (fo=0)                   0.000     0.000    pclk
    AU28                 IBUF (Prop_ibuf_I_O)         0.628     0.628 r  pclk_IBUF_inst/O
                         net (fo=1, routed)           2.272     2.900    pclk_IBUF
    BUFGCTRL_X0Y0        BUFG (Prop_bufg_I_O)         0.093     2.993 r  pclk_IBUF_BUFG_inst/O
                         net (fo=916, routed)         2.087     5.080    clipper_cdf_inst/pclk_IBUF_BUFG
    SLICE_X30Y41         FDCE                                         r  clipper_cdf_inst/cdf_range_reg[3]/C
  -------------------------------------------------------------------    -------------------
    SLICE_X30Y41         FDCE (Prop_fdce_C_Q)         0.259     5.339 f  clipper_cdf_inst/cdf_range_reg[3]/Q
                         net (fo=34, routed)          0.366     5.705    clipper_cdf_inst/cdf_range[3]
    SLICE_X31Y40         LUT1 (Prop_lut1_I0_O)        0.043     5.748 r  clipper_cdf_inst/cdf_wr_data[7]_i_581/O
                         net (fo=1, routed)           0.000     5.748    clipper_cdf_inst/cdf_wr_data[7]_i_581_n_0
    SLICE_X31Y40         CARRY4 (Prop_carry4_S[3]_CO[3])
                                                      0.193     5.941 r  clipper_cdf_inst/cdf_wr_data_reg[7]_i_528/CO[3]
                         net (fo=1, routed)           0.000     5.941    clipper_cdf_inst/cdf_wr_data_reg[7]_i_528_n_0
    SLICE_X31Y41         CARRY4 (Prop_carry4_CI_CO[3])
                                                      0.053     5.994 r  clipper_cdf_inst/cdf_wr_data_reg[7]_i_523/CO[3]
                         net (fo=1, routed)           0.000     5.994    clipper_cdf_inst/cdf_wr_data_reg[7]_i_523_n_0
    SLICE_X31Y42         CARRY4 (Prop_carry4_CI_CO[3])
                                                      0.053     6.047 r  clipper_cdf_inst/cdf_wr_data_reg[7]_i_438/CO[3]
                         net (fo=1, routed)           0.000     6.047    clipper_cdf_inst/cdf_wr_data_reg[7]_i_438_n_0
    SLICE_X31Y43         CARRY4 (Prop_carry4_CI_CO[3])
                                                      0.053     6.100 r  clipper_cdf_inst/cdf_wr_data_reg[7]_i_327/CO[3]
                         net (fo=1, routed)           0.000     6.100    clipper_cdf_inst/cdf_wr_data_reg[7]_i_327_n_0
    SLICE_X31Y44         CARRY4 (Prop_carry4_CI_CO[0])
                                                      0.139     6.239 r  clipper_cdf_inst/cdf_wr_data_reg[7]_i_199/CO[0]
                         net (fo=21, routed)          0.568     6.807    clipper_cdf_inst/cdf_wr_data_reg[7]_i_327_0[30]
    SLICE_X30Y39         LUT2 (Prop_lut2_I1_O)        0.131     6.938 r  clipper_cdf_inst/cdf_wr_data[7]_i_568/O
                         net (fo=1, routed)           0.000     6.938    clipper_cdf_inst/cdf_wr_data[7]_i_568_n_0
    SLICE_X30Y39         CARRY4 (Prop_carry4_S[1]_CO[3])
                                                      0.256     7.194 r  clipper_cdf_inst/cdf_wr_data_reg[7]_i_518/CO[3]
                         net (fo=1, routed)           0.000     7.194    clipper_cdf_inst/cdf_wr_data_reg[7]_i_518_n_0
    SLICE_X30Y40         CARRY4 (Prop_carry4_CI_CO[3])
                                                      0.054     7.248 r  clipper_cdf_inst/cdf_wr_data_reg[7]_i_433/CO[3]
                         net (fo=1, routed)           0.000     7.248    clipper_cdf_inst/cdf_wr_data_reg[7]_i_433_n_0
    SLICE_X30Y41         CARRY4 (Prop_carry4_CI_CO[3])
                                                      0.054     7.302 r  clipper_cdf_inst/cdf_wr_data_reg[7]_i_428/CO[3]
                         net (fo=1, routed)           0.000     7.302    clipper_cdf_inst/cdf_wr_data_reg[7]_i_428_n_0
    SLICE_X30Y42         CARRY4 (Prop_carry4_CI_CO[3])
                                                      0.054     7.356 r  clipper_cdf_inst/cdf_wr_data_reg[7]_i_324/CO[3]
                         net (fo=1, routed)           0.000     7.356    clipper_cdf_inst/cdf_wr_data_reg[7]_i_324_n_0
    SLICE_X30Y43         CARRY4 (Prop_carry4_CI_CO[1])
                                                      0.076     7.432 r  clipper_cdf_inst/cdf_wr_data_reg[7]_i_200/CO[1]
                         net (fo=21, routed)          0.578     8.010    clipper_cdf_inst/cdf_wr_data_reg[7]_i_327_0[29]
    SLICE_X29Y41         LUT2 (Prop_lut2_I1_O)        0.124     8.134 r  clipper_cdf_inst/cdf_wr_data[7]_i_564/O
                         net (fo=1, routed)           0.000     8.134    clipper_cdf_inst/cdf_wr_data[7]_i_564_n_0
    SLICE_X29Y41         CARRY4 (Prop_carry4_S[1]_CO[3])
                                                      0.267     8.401 r  clipper_cdf_inst/cdf_wr_data_reg[7]_i_513/CO[3]
                         net (fo=1, routed)           0.000     8.401    clipper_cdf_inst/cdf_wr_data_reg[7]_i_513_n_0
    SLICE_X29Y42         CARRY4 (Prop_carry4_CI_CO[3])
                                                      0.053     8.454 r  clipper_cdf_inst/cdf_wr_data_reg[7]_i_423/CO[3]
                         net (fo=1, routed)           0.000     8.454    clipper_cdf_inst/cdf_wr_data_reg[7]_i_423_n_0
    SLICE_X29Y43         CARRY4 (Prop_carry4_CI_CO[3])
                                                      0.053     8.507 r  clipper_cdf_inst/cdf_wr_data_reg[7]_i_315/CO[3]
                         net (fo=1, routed)           0.000     8.507    clipper_cdf_inst/cdf_wr_data_reg[7]_i_315_n_0
    SLICE_X29Y44         CARRY4 (Prop_carry4_CI_CO[3])
                                                      0.053     8.560 r  clipper_cdf_inst/cdf_wr_data_reg[7]_i_312/CO[3]
                         net (fo=1, routed)           0.000     8.560    clipper_cdf_inst/cdf_wr_data_reg[7]_i_312_n_0
    SLICE_X29Y45         CARRY4 (Prop_carry4_CI_CO[1])
                                                      0.077     8.637 r  clipper_cdf_inst/cdf_wr_data_reg[7]_i_198/CO[1]
                         net (fo=21, routed)          0.637     9.274    clipper_cdf_inst/cdf_wr_data_reg[7]_i_327_0[28]
    SLICE_X29Y36         LUT2 (Prop_lut2_I1_O)        0.122     9.396 r  clipper_cdf_inst/cdf_wr_data[7]_i_560/O
                         net (fo=1, routed)           0.000     9.396    clipper_cdf_inst/cdf_wr_data[7]_i_560_n_0
    SLICE_X29Y36         CARRY4 (Prop_carry4_S[1]_CO[3])
                                                      0.267     9.663 r  clipper_cdf_inst/cdf_wr_data_reg[7]_i_508/CO[3]
                         net (fo=1, routed)           0.000     9.663    clipper_cdf_inst/cdf_wr_data_reg[7]_i_508_n_0
    SLICE_X29Y37         CARRY4 (Prop_carry4_CI_CO[3])
                                                      0.053     9.716 r  clipper_cdf_inst/cdf_wr_data_reg[7]_i_418/CO[3]
                         net (fo=1, routed)           0.000     9.716    clipper_cdf_inst/cdf_wr_data_reg[7]_i_418_n_0
    SLICE_X29Y38         CARRY4 (Prop_carry4_CI_CO[3])
                                                      0.053     9.769 r  clipper_cdf_inst/cdf_wr_data_reg[7]_i_307/CO[3]
                         net (fo=1, routed)           0.000     9.769    clipper_cdf_inst/cdf_wr_data_reg[7]_i_307_n_0
    SLICE_X29Y39         CARRY4 (Prop_carry4_CI_CO[3])
                                                      0.053     9.822 r  clipper_cdf_inst/cdf_wr_data_reg[7]_i_190/CO[3]
                         net (fo=1, routed)           0.000     9.822    clipper_cdf_inst/cdf_wr_data_reg[7]_i_190_n_0
    SLICE_X29Y40         CARRY4 (Prop_carry4_CI_CO[1])
                                                      0.077     9.899 r  clipper_cdf_inst/cdf_wr_data_reg[7]_i_189/CO[1]
                         net (fo=21, routed)          0.372    10.271    clipper_cdf_inst/cdf_wr_data_reg[7]_i_327_0[27]
    SLICE_X28Y38         LUT2 (Prop_lut2_I1_O)        0.122    10.393 r  clipper_cdf_inst/cdf_wr_data[7]_i_556/O
                         net (fo=1, routed)           0.000    10.393    clipper_cdf_inst/cdf_wr_data[7]_i_556_n_0
    SLICE_X28Y38         CARRY4 (Prop_carry4_S[1]_CO[3])
                                                      0.267    10.660 r  clipper_cdf_inst/cdf_wr_data_reg[7]_i_479/CO[3]
                         net (fo=1, routed)           0.000    10.660    clipper_cdf_inst/cdf_wr_data_reg[7]_i_479_n_0
    SLICE_X28Y39         CARRY4 (Prop_carry4_CI_CO[3])
                                                      0.053    10.713 r  clipper_cdf_inst/cdf_wr_data_reg[7]_i_413/CO[3]
                         net (fo=1, routed)           0.000    10.713    clipper_cdf_inst/cdf_wr_data_reg[7]_i_413_n_0
    SLICE_X28Y40         CARRY4 (Prop_carry4_CI_CO[3])
                                                      0.053    10.766 r  clipper_cdf_inst/cdf_wr_data_reg[7]_i_302/CO[3]
                         net (fo=1, routed)           0.000    10.766    clipper_cdf_inst/cdf_wr_data_reg[7]_i_302_n_0
    SLICE_X28Y41         CARRY4 (Prop_carry4_CI_CO[3])
                                                      0.053    10.819 r  clipper_cdf_inst/cdf_wr_data_reg[7]_i_186/CO[3]
                         net (fo=1, routed)           0.000    10.819    clipper_cdf_inst/cdf_wr_data_reg[7]_i_186_n_0
    SLICE_X28Y42         CARRY4 (Prop_carry4_CI_CO[1])
                                                      0.077    10.896 r  clipper_cdf_inst/cdf_wr_data_reg[7]_i_91/CO[1]
                         net (fo=21, routed)          0.459    11.355    clipper_cdf_inst/cdf_wr_data_reg[7]_i_327_0[26]
    SLICE_X26Y40         LUT2 (Prop_lut2_I1_O)        0.122    11.477 r  clipper_cdf_inst/cdf_wr_data[7]_i_552/O
                         net (fo=1, routed)           0.000    11.477    clipper_cdf_inst/cdf_wr_data[7]_i_552_n_0
    SLICE_X26Y40         CARRY4 (Prop_carry4_S[1]_CO[3])
                                                      0.256    11.733 r  clipper_cdf_inst/cdf_wr_data_reg[7]_i_474/CO[3]
                         net (fo=1, routed)           0.000    11.733    clipper_cdf_inst/cdf_wr_data_reg[7]_i_474_n_0
    SLICE_X26Y41         CARRY4 (Prop_carry4_CI_CO[3])
                                                      0.054    11.787 r  clipper_cdf_inst/cdf_wr_data_reg[7]_i_372/CO[3]
                         net (fo=1, routed)           0.000    11.787    clipper_cdf_inst/cdf_wr_data_reg[7]_i_372_n_0
    SLICE_X26Y42         CARRY4 (Prop_carry4_CI_CO[3])
                                                      0.054    11.841 r  clipper_cdf_inst/cdf_wr_data_reg[7]_i_301/CO[3]
                         net (fo=1, routed)           0.000    11.841    clipper_cdf_inst/cdf_wr_data_reg[7]_i_301_n_0
    SLICE_X26Y43         CARRY4 (Prop_carry4_CI_CO[3])
                                                      0.054    11.895 r  clipper_cdf_inst/cdf_wr_data_reg[7]_i_185/CO[3]
                         net (fo=1, routed)           0.000    11.895    clipper_cdf_inst/cdf_wr_data_reg[7]_i_185_n_0
    SLICE_X26Y44         CARRY4 (Prop_carry4_CI_CO[1])
                                                      0.076    11.971 r  clipper_cdf_inst/cdf_wr_data_reg[7]_i_90/CO[1]
                         net (fo=21, routed)          0.447    12.418    clipper_cdf_inst/cdf_wr_data_reg[7]_i_327_0[25]
    SLICE_X25Y42         LUT2 (Prop_lut2_I1_O)        0.124    12.542 r  clipper_cdf_inst/cdf_wr_data[7]_i_548/O
                         net (fo=1, routed)           0.000    12.542    clipper_cdf_inst/cdf_wr_data[7]_i_548_n_0
    SLICE_X25Y42         CARRY4 (Prop_carry4_S[1]_CO[3])
                                                      0.267    12.809 r  clipper_cdf_inst/cdf_wr_data_reg[7]_i_469/CO[3]
                         net (fo=1, routed)           0.000    12.809    clipper_cdf_inst/cdf_wr_data_reg[7]_i_469_n_0
    SLICE_X25Y43         CARRY4 (Prop_carry4_CI_CO[3])
                                                      0.053    12.862 r  clipper_cdf_inst/cdf_wr_data_reg[7]_i_367/CO[3]
                         net (fo=1, routed)           0.000    12.862    clipper_cdf_inst/cdf_wr_data_reg[7]_i_367_n_0
    SLICE_X25Y44         CARRY4 (Prop_carry4_CI_CO[3])
                                                      0.053    12.915 r  clipper_cdf_inst/cdf_wr_data_reg[7]_i_265/CO[3]
                         net (fo=1, routed)           0.000    12.915    clipper_cdf_inst/cdf_wr_data_reg[7]_i_265_n_0
    SLICE_X25Y45         CARRY4 (Prop_carry4_CI_CO[3])
                                                      0.053    12.968 r  clipper_cdf_inst/cdf_wr_data_reg[7]_i_193/CO[3]
                         net (fo=1, routed)           0.000    12.968    clipper_cdf_inst/cdf_wr_data_reg[7]_i_193_n_0
    SLICE_X25Y46         CARRY4 (Prop_carry4_CI_CO[1])
                                                      0.077    13.045 r  clipper_cdf_inst/cdf_wr_data_reg[7]_i_93/CO[1]
                         net (fo=21, routed)          0.554    13.599    clipper_cdf_inst/cdf_wr_data_reg[7]_i_327_0[24]
    SLICE_X28Y43         LUT2 (Prop_lut2_I1_O)        0.122    13.721 r  clipper_cdf_inst/cdf_wr_data[7]_i_544/O
                         net (fo=1, routed)           0.000    13.721    clipper_cdf_inst/cdf_wr_data[7]_i_544_n_0
    SLICE_X28Y43         CARRY4 (Prop_carry4_S[1]_CO[3])
                                                      0.267    13.988 r  clipper_cdf_inst/cdf_wr_data_reg[7]_i_464/CO[3]
                         net (fo=1, routed)           0.000    13.988    clipper_cdf_inst/cdf_wr_data_reg[7]_i_464_n_0
    SLICE_X28Y44         CARRY4 (Prop_carry4_CI_CO[3])
                                                      0.053    14.041 r  clipper_cdf_inst/cdf_wr_data_reg[7]_i_362/CO[3]
                         net (fo=1, routed)           0.000    14.041    clipper_cdf_inst/cdf_wr_data_reg[7]_i_362_n_0
    SLICE_X28Y45         CARRY4 (Prop_carry4_CI_CO[3])
                                                      0.053    14.094 r  clipper_cdf_inst/cdf_wr_data_reg[7]_i_260/CO[3]
                         net (fo=1, routed)           0.000    14.094    clipper_cdf_inst/cdf_wr_data_reg[7]_i_260_n_0
    SLICE_X28Y46         CARRY4 (Prop_carry4_CI_CO[3])
                                                      0.053    14.147 r  clipper_cdf_inst/cdf_wr_data_reg[7]_i_154/CO[3]
                         net (fo=1, routed)           0.000    14.147    clipper_cdf_inst/cdf_wr_data_reg[7]_i_154_n_0
    SLICE_X28Y47         CARRY4 (Prop_carry4_CI_CO[1])
                                                      0.077    14.224 r  clipper_cdf_inst/cdf_wr_data_reg[7]_i_92/CO[1]
                         net (fo=20, routed)          0.615    14.839    clipper_cdf_inst/cdf_wr_data_reg[7]_i_327_0[23]
    SLICE_X30Y44         LUT3 (Prop_lut3_I0_O)        0.122    14.961 r  clipper_cdf_inst/cdf_wr_data[7]_i_505/O
                         net (fo=1, routed)           0.000    14.961    clipper_cdf_inst/cdf_wr_data[7]_i_505_n_0
    SLICE_X30Y44         CARRY4 (Prop_carry4_S[3]_CO[3])
                                                      0.180    15.141 r  clipper_cdf_inst/cdf_wr_data_reg[7]_i_408/CO[3]
                         net (fo=1, routed)           0.000    15.141    clipper_cdf_inst/cdf_wr_data_reg[7]_i_408_n_0
    SLICE_X30Y45         CARRY4 (Prop_carry4_CI_CO[3])
                                                      0.054    15.195 r  clipper_cdf_inst/cdf_wr_data_reg[7]_i_357/CO[3]
                         net (fo=1, routed)           0.000    15.195    clipper_cdf_inst/cdf_wr_data_reg[7]_i_357_n_0
    SLICE_X30Y46         CARRY4 (Prop_carry4_CI_CO[3])
                                                      0.054    15.249 r  clipper_cdf_inst/cdf_wr_data_reg[7]_i_255/CO[3]
                         net (fo=1, routed)           0.000    15.249    clipper_cdf_inst/cdf_wr_data_reg[7]_i_255_n_0
    SLICE_X30Y47         CARRY4 (Prop_carry4_CI_CO[3])
                                                      0.054    15.303 r  clipper_cdf_inst/cdf_wr_data_reg[7]_i_153/CO[3]
                         net (fo=1, routed)           0.000    15.303    clipper_cdf_inst/cdf_wr_data_reg[7]_i_153_n_0
    SLICE_X30Y48         CARRY4 (Prop_carry4_CI_CO[1])
                                                      0.076    15.379 r  clipper_cdf_inst/cdf_wr_data_reg[7]_i_75/CO[1]
                         net (fo=20, routed)          0.466    15.845    clipper_cdf_inst/cdf_wr_data_reg[7]_i_327_0[22]
    SLICE_X31Y45         LUT3 (Prop_lut3_I0_O)        0.124    15.969 r  clipper_cdf_inst/cdf_wr_data[7]_i_504/O
                         net (fo=1, routed)           0.000    15.969    clipper_cdf_inst/cdf_wr_data[7]_i_504_n_0
    SLICE_X31Y45         CARRY4 (Prop_carry4_S[1]_CO[3])
                                                      0.267    16.236 r  clipper_cdf_inst/cdf_wr_data_reg[7]_i_403/CO[3]
                         net (fo=1, routed)           0.000    16.236    clipper_cdf_inst/cdf_wr_data_reg[7]_i_403_n_0
    SLICE_X31Y46         CARRY4 (Prop_carry4_CI_CO[3])
                                                      0.053    16.289 r  clipper_cdf_inst/cdf_wr_data_reg[7]_i_296/CO[3]
                         net (fo=1, routed)           0.000    16.289    clipper_cdf_inst/cdf_wr_data_reg[7]_i_296_n_0
    SLICE_X31Y47         CARRY4 (Prop_carry4_CI_CO[3])
                                                      0.053    16.342 r  clipper_cdf_inst/cdf_wr_data_reg[7]_i_250/CO[3]
                         net (fo=1, routed)           0.000    16.342    clipper_cdf_inst/cdf_wr_data_reg[7]_i_250_n_0
    SLICE_X31Y48         CARRY4 (Prop_carry4_CI_CO[3])
                                                      0.053    16.395 r  clipper_cdf_inst/cdf_wr_data_reg[7]_i_148/CO[3]
                         net (fo=1, routed)           0.000    16.395    clipper_cdf_inst/cdf_wr_data_reg[7]_i_148_n_0
    SLICE_X31Y49         CARRY4 (Prop_carry4_CI_CO[1])
                                                      0.077    16.472 r  clipper_cdf_inst/cdf_wr_data_reg[7]_i_76/CO[1]
                         net (fo=20, routed)          0.535    17.007    clipper_cdf_inst/cdf_wr_data_reg[7]_i_327_0[21]
    SLICE_X29Y46         CARRY4 (Prop_carry4_CYINIT_CO[3])
                                                      0.366    17.373 r  clipper_cdf_inst/cdf_wr_data_reg[7]_i_393/CO[3]
                         net (fo=1, routed)           0.000    17.373    clipper_cdf_inst/cdf_wr_data_reg[7]_i_393_n_0
    SLICE_X29Y47         CARRY4 (Prop_carry4_CI_CO[3])
                                                      0.053    17.426 r  clipper_cdf_inst/cdf_wr_data_reg[7]_i_291/CO[3]
                         net (fo=1, routed)           0.000    17.426    clipper_cdf_inst/cdf_wr_data_reg[7]_i_291_n_0
    SLICE_X29Y48         CARRY4 (Prop_carry4_CI_CO[3])
                                                      0.053    17.479 r  clipper_cdf_inst/cdf_wr_data_reg[7]_i_180/CO[3]
                         net (fo=1, routed)           0.000    17.479    clipper_cdf_inst/cdf_wr_data_reg[7]_i_180_n_0
    SLICE_X29Y49         CARRY4 (Prop_carry4_CI_CO[3])
                                                      0.053    17.532 r  clipper_cdf_inst/cdf_wr_data_reg[7]_i_147/CO[3]
                         net (fo=1, routed)           0.001    17.533    clipper_cdf_inst/cdf_wr_data_reg[7]_i_147_n_0
    SLICE_X29Y50         CARRY4 (Prop_carry4_CI_CO[1])
                                                      0.077    17.610 r  clipper_cdf_inst/cdf_wr_data_reg[7]_i_73/CO[1]
                         net (fo=20, routed)          0.465    18.075    clipper_cdf_inst/cdf_wr_data_reg[7]_i_327_0[20]
    SLICE_X28Y49         LUT3 (Prop_lut3_I0_O)        0.122    18.197 r  clipper_cdf_inst/cdf_wr_data[7]_i_396/O
                         net (fo=1, routed)           0.000    18.197    clipper_cdf_inst/cdf_wr_data[7]_i_396_n_0
    SLICE_X28Y49         CARRY4 (Prop_carry4_S[1]_CO[3])
                                                      0.267    18.464 r  clipper_cdf_inst/cdf_wr_data_reg[7]_i_281/CO[3]
                         net (fo=1, routed)           0.001    18.464    clipper_cdf_inst/cdf_wr_data_reg[7]_i_281_n_0
    SLICE_X28Y50         CARRY4 (Prop_carry4_CI_CO[3])
                                                      0.053    18.517 r  clipper_cdf_inst/cdf_wr_data_reg[7]_i_175/CO[3]
                         net (fo=1, routed)           0.000    18.517    clipper_cdf_inst/cdf_wr_data_reg[7]_i_175_n_0
    SLICE_X28Y51         CARRY4 (Prop_carry4_CI_CO[3])
                                                      0.053    18.570 r  clipper_cdf_inst/cdf_wr_data_reg[7]_i_85/CO[3]
                         net (fo=1, routed)           0.000    18.570    clipper_cdf_inst/cdf_wr_data_reg[7]_i_85_n_0
    SLICE_X28Y52         CARRY4 (Prop_carry4_CI_CO[1])
                                                      0.077    18.647 r  clipper_cdf_inst/cdf_wr_data_reg[7]_i_74/CO[1]
                         net (fo=20, routed)          0.473    19.120    clipper_cdf_inst/cdf_wr_data_reg[7]_i_327_0[19]
    SLICE_X27Y47         LUT3 (Prop_lut3_I0_O)        0.122    19.242 r  clipper_cdf_inst/cdf_wr_data[7]_i_492/O
                         net (fo=1, routed)           0.000    19.242    clipper_cdf_inst/cdf_wr_data[7]_i_492_n_0
    SLICE_X27Y47         CARRY4 (Prop_carry4_S[1]_CO[3])
                                                      0.267    19.509 r  clipper_cdf_inst/cdf_wr_data_reg[7]_i_383/CO[3]
                         net (fo=1, routed)           0.000    19.509    clipper_cdf_inst/cdf_wr_data_reg[7]_i_383_n_0
    SLICE_X27Y48         CARRY4 (Prop_carry4_CI_CO[3])
                                                      0.053    19.562 r  clipper_cdf_inst/cdf_wr_data_reg[7]_i_276/CO[3]
                         net (fo=1, routed)           0.000    19.562    clipper_cdf_inst/cdf_wr_data_reg[7]_i_276_n_0
    SLICE_X27Y49         CARRY4 (Prop_carry4_CI_CO[3])
                                                      0.053    19.615 r  clipper_cdf_inst/cdf_wr_data_reg[7]_i_165/CO[3]
                         net (fo=1, routed)           0.001    19.616    clipper_cdf_inst/cdf_wr_data_reg[7]_i_165_n_0
    SLICE_X27Y50         CARRY4 (Prop_carry4_CI_CO[3])
                                                      0.053    19.669 r  clipper_cdf_inst/cdf_wr_data_reg[7]_i_84/CO[3]
                         net (fo=1, routed)           0.000    19.669    clipper_cdf_inst/cdf_wr_data_reg[7]_i_84_n_0
    SLICE_X27Y51         CARRY4 (Prop_carry4_CI_CO[1])
                                                      0.077    19.746 r  clipper_cdf_inst/cdf_wr_data_reg[7]_i_36/CO[1]
                         net (fo=20, routed)          0.452    20.197    clipper_cdf_inst/cdf_wr_data_reg[7]_i_327_0[18]
    SLICE_X26Y47         LUT3 (Prop_lut3_I0_O)        0.122    20.319 r  clipper_cdf_inst/cdf_wr_data[7]_i_489/O
                         net (fo=1, routed)           0.000    20.319    clipper_cdf_inst/cdf_wr_data[7]_i_489_n_0
    SLICE_X26Y47         CARRY4 (Prop_carry4_S[1]_CO[3])
                                                      0.256    20.575 r  clipper_cdf_inst/cdf_wr_data_reg[7]_i_378/CO[3]
                         net (fo=1, routed)           0.000    20.575    clipper_cdf_inst/cdf_wr_data_reg[7]_i_378_n_0
    SLICE_X26Y48         CARRY4 (Prop_carry4_CI_CO[3])
                                                      0.054    20.629 r  clipper_cdf_inst/cdf_wr_data_reg[7]_i_271/CO[3]
                         net (fo=1, routed)           0.000    20.629    clipper_cdf_inst/cdf_wr_data_reg[7]_i_271_n_0
    SLICE_X26Y49         CARRY4 (Prop_carry4_CI_CO[3])
                                                      0.054    20.683 r  clipper_cdf_inst/cdf_wr_data_reg[7]_i_160/CO[3]
                         net (fo=1, routed)           0.001    20.684    clipper_cdf_inst/cdf_wr_data_reg[7]_i_160_n_0
    SLICE_X26Y50         CARRY4 (Prop_carry4_CI_CO[3])
                                                      0.054    20.738 r  clipper_cdf_inst/cdf_wr_data_reg[7]_i_78/CO[3]
                         net (fo=1, routed)           0.000    20.738    clipper_cdf_inst/cdf_wr_data_reg[7]_i_78_n_0
    SLICE_X26Y51         CARRY4 (Prop_carry4_CI_CO[1])
                                                      0.076    20.814 r  clipper_cdf_inst/cdf_wr_data_reg[7]_i_37/CO[1]
                         net (fo=20, routed)          0.496    21.310    clipper_cdf_inst/cdf_wr_data_reg[7]_i_327_0[17]
    SLICE_X24Y46         LUT3 (Prop_lut3_I0_O)        0.124    21.434 r  clipper_cdf_inst/cdf_wr_data[7]_i_486/O
                         net (fo=1, routed)           0.000    21.434    clipper_cdf_inst/cdf_wr_data[7]_i_486_n_0
    SLICE_X24Y46         CARRY4 (Prop_carry4_S[1]_CO[3])
                                                      0.256    21.690 r  clipper_cdf_inst/cdf_wr_data_reg[7]_i_377/CO[3]
                         net (fo=1, routed)           0.000    21.690    clipper_cdf_inst/cdf_wr_data_reg[7]_i_377_n_0
    SLICE_X24Y47         CARRY4 (Prop_carry4_CI_CO[3])
                                                      0.054    21.744 r  clipper_cdf_inst/cdf_wr_data_reg[7]_i_270/CO[3]
                         net (fo=1, routed)           0.000    21.744    clipper_cdf_inst/cdf_wr_data_reg[7]_i_270_n_0
    SLICE_X24Y48         CARRY4 (Prop_carry4_CI_CO[3])
                                                      0.054    21.798 r  clipper_cdf_inst/cdf_wr_data_reg[7]_i_159/CO[3]
                         net (fo=1, routed)           0.000    21.798    clipper_cdf_inst/cdf_wr_data_reg[7]_i_159_n_0
    SLICE_X24Y49         CARRY4 (Prop_carry4_CI_CO[3])
                                                      0.054    21.852 r  clipper_cdf_inst/cdf_wr_data_reg[7]_i_77/CO[3]
                         net (fo=1, routed)           0.001    21.853    clipper_cdf_inst/cdf_wr_data_reg[7]_i_77_n_0
    SLICE_X24Y50         CARRY4 (Prop_carry4_CI_CO[1])
                                                      0.076    21.929 r  clipper_cdf_inst/cdf_wr_data_reg[7]_i_34/CO[1]
                         net (fo=20, routed)          0.414    22.343    clipper_cdf_inst/cdf_wr_data_reg[7]_i_327_0[16]
    SLICE_X23Y49         CARRY4 (Prop_carry4_CYINIT_CO[3])
                                                      0.368    22.711 r  clipper_cdf_inst/cdf_wr_data_reg[7]_i_398/CO[3]
                         net (fo=1, routed)           0.001    22.712    clipper_cdf_inst/cdf_wr_data_reg[7]_i_398_n_0
    SLICE_X23Y50         CARRY4 (Prop_carry4_CI_CO[3])
                                                      0.053    22.765 r  clipper_cdf_inst/cdf_wr_data_reg[7]_i_286/CO[3]
                         net (fo=1, routed)           0.000    22.765    clipper_cdf_inst/cdf_wr_data_reg[7]_i_286_n_0
    SLICE_X23Y51         CARRY4 (Prop_carry4_CI_CO[3])
                                                      0.053    22.818 r  clipper_cdf_inst/cdf_wr_data_reg[7]_i_170/CO[3]
                         net (fo=1, routed)           0.000    22.818    clipper_cdf_inst/cdf_wr_data_reg[7]_i_170_n_0
    SLICE_X23Y52         CARRY4 (Prop_carry4_CI_CO[3])
                                                      0.053    22.871 r  clipper_cdf_inst/cdf_wr_data_reg[7]_i_81/CO[3]
                         net (fo=1, routed)           0.000    22.871    clipper_cdf_inst/cdf_wr_data_reg[7]_i_81_n_0
    SLICE_X23Y53         CARRY4 (Prop_carry4_CI_CO[1])
                                                      0.077    22.948 r  clipper_cdf_inst/cdf_wr_data_reg[7]_i_35/CO[1]
                         net (fo=20, routed)          0.373    23.321    clipper_cdf_inst/cdf_wr_data_reg[7]_i_327_0[15]
    SLICE_X22Y51         LUT3 (Prop_lut3_I0_O)        0.122    23.443 r  clipper_cdf_inst/cdf_wr_data[7]_i_463/O
                         net (fo=1, routed)           0.000    23.443    clipper_cdf_inst/cdf_wr_data[7]_i_463_n_0
    SLICE_X22Y51         CARRY4 (Prop_carry4_S[1]_CO[3])
                                                      0.256    23.699 r  clipper_cdf_inst/cdf_wr_data_reg[7]_i_349/CO[3]
                         net (fo=1, routed)           0.000    23.699    clipper_cdf_inst/cdf_wr_data_reg[7]_i_349_n_0
    SLICE_X22Y52         CARRY4 (Prop_carry4_CI_CO[3])
                                                      0.054    23.753 r  clipper_cdf_inst/cdf_wr_data_reg[7]_i_330/CO[3]
                         net (fo=1, routed)           0.000    23.753    clipper_cdf_inst/cdf_wr_data_reg[7]_i_330_n_0
    SLICE_X22Y53         CARRY4 (Prop_carry4_CI_CO[3])
                                                      0.054    23.807 r  clipper_cdf_inst/cdf_wr_data_reg[7]_i_206/CO[3]
                         net (fo=1, routed)           0.000    23.807    clipper_cdf_inst/cdf_wr_data_reg[7]_i_206_n_0
    SLICE_X22Y54         CARRY4 (Prop_carry4_CI_CO[3])
                                                      0.054    23.861 r  clipper_cdf_inst/cdf_wr_data_reg[7]_i_101/CO[3]
                         net (fo=1, routed)           0.000    23.861    clipper_cdf_inst/cdf_wr_data_reg[7]_i_101_n_0
    SLICE_X22Y55         CARRY4 (Prop_carry4_CI_CO[1])
                                                      0.076    23.937 r  clipper_cdf_inst/cdf_wr_data_reg[7]_i_41/CO[1]
                         net (fo=20, routed)          0.409    24.345    clipper_cdf_inst/cdf_wr_data_reg[7]_i_327_0[14]
    SLICE_X25Y52         LUT3 (Prop_lut3_I0_O)        0.124    24.469 r  clipper_cdf_inst/cdf_wr_data[7]_i_460/O
                         net (fo=1, routed)           0.000    24.469    clipper_cdf_inst/cdf_wr_data[7]_i_460_n_0
    SLICE_X25Y52         CARRY4 (Prop_carry4_S[1]_CO[3])
                                                      0.267    24.736 r  clipper_cdf_inst/cdf_wr_data_reg[7]_i_344/CO[3]
                         net (fo=1, routed)           0.000    24.736    clipper_cdf_inst/cdf_wr_data_reg[7]_i_344_n_0
    SLICE_X25Y53         CARRY4 (Prop_carry4_CI_CO[3])
                                                      0.053    24.789 r  clipper_cdf_inst/cdf_wr_data_reg[7]_i_225/CO[3]
                         net (fo=1, routed)           0.000    24.789    clipper_cdf_inst/cdf_wr_data_reg[7]_i_225_n_0
    SLICE_X25Y54         CARRY4 (Prop_carry4_CI_CO[3])
                                                      0.053    24.842 r  clipper_cdf_inst/cdf_wr_data_reg[7]_i_201/CO[3]
                         net (fo=1, routed)           0.000    24.842    clipper_cdf_inst/cdf_wr_data_reg[7]_i_201_n_0
    SLICE_X25Y55         CARRY4 (Prop_carry4_CI_CO[3])
                                                      0.053    24.895 r  clipper_cdf_inst/cdf_wr_data_reg[7]_i_96/CO[3]
                         net (fo=1, routed)           0.000    24.895    clipper_cdf_inst/cdf_wr_data_reg[7]_i_96_n_0
    SLICE_X25Y56         CARRY4 (Prop_carry4_CI_CO[1])
                                                      0.077    24.972 r  clipper_cdf_inst/cdf_wr_data_reg[7]_i_42/CO[1]
                         net (fo=20, routed)          0.485    25.457    clipper_cdf_inst/cdf_wr_data_reg[7]_i_327_0[13]
    SLICE_X26Y52         LUT3 (Prop_lut3_I0_O)        0.122    25.579 r  clipper_cdf_inst/cdf_wr_data[7]_i_457/O
                         net (fo=1, routed)           0.000    25.579    clipper_cdf_inst/cdf_wr_data[7]_i_457_n_0
    SLICE_X26Y52         CARRY4 (Prop_carry4_S[1]_CO[3])
                                                      0.256    25.835 r  clipper_cdf_inst/cdf_wr_data_reg[7]_i_339/CO[3]
                         net (fo=1, routed)           0.000    25.835    clipper_cdf_inst/cdf_wr_data_reg[7]_i_339_n_0
    SLICE_X26Y53         CARRY4 (Prop_carry4_CI_CO[3])
                                                      0.054    25.889 r  clipper_cdf_inst/cdf_wr_data_reg[7]_i_220/CO[3]
                         net (fo=1, routed)           0.000    25.889    clipper_cdf_inst/cdf_wr_data_reg[7]_i_220_n_0
    SLICE_X26Y54         CARRY4 (Prop_carry4_CI_CO[3])
                                                      0.054    25.943 r  clipper_cdf_inst/cdf_wr_data_reg[7]_i_116/CO[3]
                         net (fo=1, routed)           0.000    25.943    clipper_cdf_inst/cdf_wr_data_reg[7]_i_116_n_0
    SLICE_X26Y55         CARRY4 (Prop_carry4_CI_CO[3])
                                                      0.054    25.997 r  clipper_cdf_inst/cdf_wr_data_reg[7]_i_95/CO[3]
                         net (fo=1, routed)           0.000    25.997    clipper_cdf_inst/cdf_wr_data_reg[7]_i_95_n_0
    SLICE_X26Y56         CARRY4 (Prop_carry4_CI_CO[1])
                                                      0.076    26.073 r  clipper_cdf_inst/cdf_wr_data_reg[7]_i_39/CO[1]
                         net (fo=20, routed)          0.475    26.548    clipper_cdf_inst/cdf_wr_data_reg[7]_i_327_0[12]
    SLICE_X27Y52         LUT3 (Prop_lut3_I0_O)        0.124    26.672 r  clipper_cdf_inst/cdf_wr_data[7]_i_356/O
                         net (fo=1, routed)           0.000    26.672    clipper_cdf_inst/cdf_wr_data[7]_i_356_n_0
    SLICE_X27Y52         CARRY4 (Prop_carry4_S[1]_CO[3])
                                                      0.267    26.939 r  clipper_cdf_inst/cdf_wr_data_reg[7]_i_242/CO[3]
                         net (fo=1, routed)           0.000    26.939    clipper_cdf_inst/cdf_wr_data_reg[7]_i_242_n_0
    SLICE_X27Y53         CARRY4 (Prop_carry4_CI_CO[3])
                                                      0.053    26.992 r  clipper_cdf_inst/cdf_wr_data_reg[7]_i_215/CO[3]
                         net (fo=1, routed)           0.000    26.992    clipper_cdf_inst/cdf_wr_data_reg[7]_i_215_n_0
    SLICE_X27Y54         CARRY4 (Prop_carry4_CI_CO[3])
                                                      0.053    27.045 r  clipper_cdf_inst/cdf_wr_data_reg[7]_i_111/CO[3]
                         net (fo=1, routed)           0.000    27.045    clipper_cdf_inst/cdf_wr_data_reg[7]_i_111_n_0
    SLICE_X27Y55         CARRY4 (Prop_carry4_CI_CO[3])
                                                      0.053    27.098 r  clipper_cdf_inst/cdf_wr_data_reg[7]_i_47/CO[3]
                         net (fo=1, routed)           0.000    27.098    clipper_cdf_inst/cdf_wr_data_reg[7]_i_47_n_0
    SLICE_X27Y56         CARRY4 (Prop_carry4_CI_CO[1])
                                                      0.077    27.175 r  clipper_cdf_inst/cdf_wr_data_reg[7]_i_40/CO[1]
                         net (fo=20, routed)          0.439    27.614    clipper_cdf_inst/cdf_wr_data_reg[7]_i_327_0[11]
    SLICE_X28Y53         CARRY4 (Prop_carry4_CYINIT_CO[3])
                                                      0.366    27.980 r  clipper_cdf_inst/cdf_wr_data_reg[7]_i_142/CO[3]
                         net (fo=1, routed)           0.000    27.980    clipper_cdf_inst/cdf_wr_data_reg[7]_i_142_n_0
    SLICE_X28Y54         CARRY4 (Prop_carry4_CI_CO[3])
                                                      0.053    28.033 r  clipper_cdf_inst/cdf_wr_data_reg[7]_i_137/CO[3]
                         net (fo=1, routed)           0.000    28.033    clipper_cdf_inst/cdf_wr_data_reg[7]_i_137_n_0
    SLICE_X28Y55         CARRY4 (Prop_carry4_CI_CO[3])
                                                      0.053    28.086 r  clipper_cdf_inst/cdf_wr_data_reg[7]_i_106/CO[3]
                         net (fo=1, routed)           0.000    28.086    clipper_cdf_inst/cdf_wr_data_reg[7]_i_106_n_0
    SLICE_X28Y56         CARRY4 (Prop_carry4_CI_CO[3])
                                                      0.053    28.139 r  clipper_cdf_inst/cdf_wr_data_reg[7]_i_46/CO[3]
                         net (fo=1, routed)           0.000    28.139    clipper_cdf_inst/cdf_wr_data_reg[7]_i_46_n_0
    SLICE_X28Y57         CARRY4 (Prop_carry4_CI_CO[1])
                                                      0.077    28.216 r  clipper_cdf_inst/cdf_wr_data_reg[7]_i_16/CO[1]
                         net (fo=20, routed)          0.468    28.684    clipper_cdf_inst/cdf_wr_data_reg[7]_i_327_0[10]
    SLICE_X29Y54         LUT3 (Prop_lut3_I0_O)        0.122    28.806 r  clipper_cdf_inst/cdf_wr_data[7]_i_241/O
                         net (fo=1, routed)           0.000    28.806    clipper_cdf_inst/cdf_wr_data[7]_i_241_n_0
    SLICE_X29Y54         CARRY4 (Prop_carry4_S[1]_CO[3])
                                                      0.267    29.073 r  clipper_cdf_inst/cdf_wr_data_reg[7]_i_132/CO[3]
                         net (fo=1, routed)           0.000    29.073    clipper_cdf_inst/cdf_wr_data_reg[7]_i_132_n_0
    SLICE_X29Y55         CARRY4 (Prop_carry4_CI_CO[3])
                                                      0.053    29.126 r  clipper_cdf_inst/cdf_wr_data_reg[7]_i_68/CO[3]
                         net (fo=1, routed)           0.000    29.126    clipper_cdf_inst/cdf_wr_data_reg[7]_i_68_n_0
    SLICE_X29Y56         CARRY4 (Prop_carry4_CI_CO[3])
                                                      0.053    29.179 r  clipper_cdf_inst/cdf_wr_data_reg[7]_i_63/CO[3]
                         net (fo=1, routed)           0.000    29.179    clipper_cdf_inst/cdf_wr_data_reg[7]_i_63_n_0
    SLICE_X29Y57         CARRY4 (Prop_carry4_CI_CO[3])
                                                      0.053    29.232 r  clipper_cdf_inst/cdf_wr_data_reg[7]_i_43/CO[3]
                         net (fo=1, routed)           0.000    29.232    clipper_cdf_inst/cdf_wr_data_reg[7]_i_43_n_0
    SLICE_X29Y58         CARRY4 (Prop_carry4_CI_CO[1])
                                                      0.077    29.309 r  clipper_cdf_inst/cdf_wr_data_reg[7]_i_17/CO[1]
                         net (fo=20, routed)          0.596    29.905    clipper_cdf_inst/cdf_wr_data_reg[7]_i_327_0[9]
    SLICE_X30Y50         LUT3 (Prop_lut3_I0_O)        0.122    30.027 r  clipper_cdf_inst/cdf_wr_data[7]_i_238/O
                         net (fo=1, routed)           0.000    30.027    clipper_cdf_inst/cdf_wr_data[7]_i_238_n_0
    SLICE_X30Y50         CARRY4 (Prop_carry4_S[1]_CO[3])
                                                      0.256    30.283 r  clipper_cdf_inst/cdf_wr_data_reg[7]_i_127/CO[3]
                         net (fo=1, routed)           0.000    30.283    clipper_cdf_inst/cdf_wr_data_reg[7]_i_127_n_0
    SLICE_X30Y51         CARRY4 (Prop_carry4_CI_CO[3])
                                                      0.054    30.337 r  clipper_cdf_inst/cdf_wr_data_reg[7]_i_58/CO[3]
                         net (fo=1, routed)           0.000    30.337    clipper_cdf_inst/cdf_wr_data_reg[7]_i_58_n_0
    SLICE_X30Y52         CARRY4 (Prop_carry4_CI_CO[3])
                                                      0.054    30.391 r  clipper_cdf_inst/cdf_wr_data_reg[7]_i_28/CO[3]
                         net (fo=1, routed)           0.000    30.391    clipper_cdf_inst/cdf_wr_data_reg[7]_i_28_n_0
    SLICE_X30Y53         CARRY4 (Prop_carry4_CI_CO[3])
                                                      0.054    30.445 r  clipper_cdf_inst/cdf_wr_data_reg[7]_i_25/CO[3]
                         net (fo=1, routed)           0.000    30.445    clipper_cdf_inst/cdf_wr_data_reg[7]_i_25_n_0
    SLICE_X30Y54         CARRY4 (Prop_carry4_CI_CO[1])
                                                      0.076    30.521 r  clipper_cdf_inst/cdf_wr_data_reg[7]_i_15/CO[1]
                         net (fo=20, routed)          0.479    31.000    clipper_cdf_inst/cdf_wr_data_reg[7]_i_327_0[8]
    SLICE_X31Y51         LUT3 (Prop_lut3_I0_O)        0.124    31.124 r  clipper_cdf_inst/cdf_wr_data[7]_i_235/O
                         net (fo=1, routed)           0.000    31.124    clipper_cdf_inst/cdf_wr_data[7]_i_235_n_0
    SLICE_X31Y51         CARRY4 (Prop_carry4_S[1]_CO[3])
                                                      0.267    31.391 r  clipper_cdf_inst/cdf_wr_data_reg[7]_i_122/CO[3]
                         net (fo=1, routed)           0.000    31.391    clipper_cdf_inst/cdf_wr_data_reg[7]_i_122_n_0
    SLICE_X31Y52         CARRY4 (Prop_carry4_CI_CO[3])
                                                      0.053    31.444 r  clipper_cdf_inst/cdf_wr_data_reg[7]_i_53/CO[3]
                         net (fo=1, routed)           0.000    31.444    clipper_cdf_inst/cdf_wr_data_reg[7]_i_53_n_0
    SLICE_X31Y53         CARRY4 (Prop_carry4_CI_CO[3])
                                                      0.053    31.497 r  clipper_cdf_inst/cdf_wr_data_reg[7]_i_20/CO[3]
                         net (fo=1, routed)           0.000    31.497    clipper_cdf_inst/cdf_wr_data_reg[7]_i_20_n_0
    SLICE_X31Y54         CARRY4 (Prop_carry4_CI_CO[3])
                                                      0.053    31.550 r  clipper_cdf_inst/cdf_wr_data_reg[7]_i_10/CO[3]
                         net (fo=1, routed)           0.000    31.550    clipper_cdf_inst/cdf_wr_data_reg[7]_i_10_n_0
    SLICE_X31Y55         CARRY4 (Prop_carry4_CI_CO[1])
                                                      0.077    31.627 r  clipper_cdf_inst/cdf_wr_data_reg[7]_i_9/CO[1]
                         net (fo=20, routed)          0.320    31.948    clipper_cdf_inst/cdf_wr_data_reg[7]_i_327_0[7]
    SLICE_X32Y54         CARRY4 (Prop_carry4_CYINIT_CO[3])
                                                      0.376    32.324 r  clipper_cdf_inst/cdf_wr_data_reg[7]_i_121/CO[3]
                         net (fo=1, routed)           0.000    32.324    clipper_cdf_inst/cdf_wr_data_reg[7]_i_121_n_0
    SLICE_X32Y55         CARRY4 (Prop_carry4_CI_CO[3])
                                                      0.054    32.378 r  clipper_cdf_inst/cdf_wr_data_reg[7]_i_52/CO[3]
                         net (fo=1, routed)           0.000    32.378    clipper_cdf_inst/cdf_wr_data_reg[7]_i_52_n_0
    SLICE_X32Y56         CARRY4 (Prop_carry4_CI_CO[3])
                                                      0.054    32.432 r  clipper_cdf_inst/cdf_wr_data_reg[7]_i_19/CO[3]
                         net (fo=1, routed)           0.000    32.432    clipper_cdf_inst/cdf_wr_data_reg[7]_i_19_n_0
    SLICE_X32Y57         CARRY4 (Prop_carry4_CI_CO[3])
                                                      0.054    32.486 r  clipper_cdf_inst/cdf_wr_data_reg[7]_i_8/CO[3]
                         net (fo=1, routed)           0.000    32.486    clipper_cdf_inst/cdf_wr_data_reg[7]_i_8_n_0
    SLICE_X32Y58         CARRY4 (Prop_carry4_CI_CO[1])
                                                      0.076    32.562 r  clipper_cdf_inst/cdf_wr_data_reg[7]_i_4/CO[1]
                         net (fo=20, routed)          0.463    33.024    clipper_cdf_inst/cdf_wr_data_reg[7]_i_327_0[6]
    SLICE_X30Y55         LUT3 (Prop_lut3_I0_O)        0.124    33.148 r  clipper_cdf_inst/cdf_wr_data[6]_i_23/O
                         net (fo=1, routed)           0.000    33.148    clipper_cdf_inst/cdf_wr_data[6]_i_23_n_0
    SLICE_X30Y55         CARRY4 (Prop_carry4_S[1]_CO[3])
                                                      0.256    33.404 r  clipper_cdf_inst/cdf_wr_data_reg[6]_i_16/CO[3]
                         net (fo=1, routed)           0.000    33.404    clipper_cdf_inst/cdf_wr_data_reg[6]_i_16_n_0
    SLICE_X30Y56         CARRY4 (Prop_carry4_CI_CO[3])
                                                      0.054    33.458 r  clipper_cdf_inst/cdf_wr_data_reg[6]_i_11/CO[3]
                         net (fo=1, routed)           0.000    33.458    clipper_cdf_inst/cdf_wr_data_reg[6]_i_11_n_0
    SLICE_X30Y57         CARRY4 (Prop_carry4_CI_CO[3])
                                                      0.054    33.512 r  clipper_cdf_inst/cdf_wr_data_reg[6]_i_6/CO[3]
                         net (fo=1, routed)           0.000    33.512    clipper_cdf_inst/cdf_wr_data_reg[6]_i_6_n_0
    SLICE_X30Y58         CARRY4 (Prop_carry4_CI_CO[3])
                                                      0.054    33.566 r  clipper_cdf_inst/cdf_wr_data_reg[6]_i_3/CO[3]
                         net (fo=1, routed)           0.000    33.566    clipper_cdf_inst/cdf_wr_data_reg[6]_i_3_n_0
    SLICE_X30Y59         CARRY4 (Prop_carry4_CI_CO[1])
                                                      0.076    33.642 r  clipper_cdf_inst/cdf_wr_data_reg[6]_i_2/CO[1]
                         net (fo=20, routed)          0.470    34.113    clipper_cdf_inst/cdf_wr_data_reg[7]_i_327_0[5]
    SLICE_X26Y58         CARRY4 (Prop_carry4_CYINIT_CO[3])
                                                      0.378    34.491 r  clipper_cdf_inst/cdf_wr_data_reg[5]_i_16/CO[3]
                         net (fo=1, routed)           0.000    34.491    clipper_cdf_inst/cdf_wr_data_reg[5]_i_16_n_0
    SLICE_X26Y59         CARRY4 (Prop_carry4_CI_CO[3])
                                                      0.054    34.545 r  clipper_cdf_inst/cdf_wr_data_reg[5]_i_11/CO[3]
                         net (fo=1, routed)           0.000    34.545    clipper_cdf_inst/cdf_wr_data_reg[5]_i_11_n_0
    SLICE_X26Y60         CARRY4 (Prop_carry4_CI_CO[3])
                                                      0.054    34.599 r  clipper_cdf_inst/cdf_wr_data_reg[5]_i_6/CO[3]
                         net (fo=1, routed)           0.000    34.599    clipper_cdf_inst/cdf_wr_data_reg[5]_i_6_n_0
    SLICE_X26Y61         CARRY4 (Prop_carry4_CI_CO[3])
                                                      0.054    34.653 r  clipper_cdf_inst/cdf_wr_data_reg[5]_i_3/CO[3]
                         net (fo=1, routed)           0.000    34.653    clipper_cdf_inst/cdf_wr_data_reg[5]_i_3_n_0
    SLICE_X26Y62         CARRY4 (Prop_carry4_CI_CO[1])
                                                      0.076    34.729 r  clipper_cdf_inst/cdf_wr_data_reg[5]_i_2/CO[1]
                         net (fo=20, routed)          0.439    35.168    clipper_cdf_inst/cdf_wr_data_reg[7]_i_327_0[4]
    SLICE_X27Y59         LUT3 (Prop_lut3_I0_O)        0.124    35.292 r  clipper_cdf_inst/cdf_wr_data[4]_i_23/O
                         net (fo=1, routed)           0.000    35.292    clipper_cdf_inst/cdf_wr_data[4]_i_23_n_0
    SLICE_X27Y59         CARRY4 (Prop_carry4_S[1]_CO[3])
                                                      0.267    35.559 r  clipper_cdf_inst/cdf_wr_data_reg[4]_i_16/CO[3]
                         net (fo=1, routed)           0.000    35.559    clipper_cdf_inst/cdf_wr_data_reg[4]_i_16_n_0
    SLICE_X27Y60         CARRY4 (Prop_carry4_CI_CO[3])
                                                      0.053    35.612 r  clipper_cdf_inst/cdf_wr_data_reg[4]_i_11/CO[3]
                         net (fo=1, routed)           0.000    35.612    clipper_cdf_inst/cdf_wr_data_reg[4]_i_11_n_0
    SLICE_X27Y61         CARRY4 (Prop_carry4_CI_CO[3])
                                                      0.053    35.665 r  clipper_cdf_inst/cdf_wr_data_reg[4]_i_6/CO[3]
                         net (fo=1, routed)           0.000    35.665    clipper_cdf_inst/cdf_wr_data_reg[4]_i_6_n_0
    SLICE_X27Y62         CARRY4 (Prop_carry4_CI_CO[3])
                                                      0.053    35.718 r  clipper_cdf_inst/cdf_wr_data_reg[4]_i_3/CO[3]
                         net (fo=1, routed)           0.000    35.718    clipper_cdf_inst/cdf_wr_data_reg[4]_i_3_n_0
    SLICE_X27Y63         CARRY4 (Prop_carry4_CI_CO[1])
                                                      0.077    35.795 r  clipper_cdf_inst/cdf_wr_data_reg[4]_i_2/CO[1]
                         net (fo=20, routed)          0.513    36.308    clipper_cdf_inst/cdf_wr_data_reg[7]_i_327_0[3]
    SLICE_X28Y59         CARRY4 (Prop_carry4_CYINIT_CO[3])
                                                      0.366    36.674 r  clipper_cdf_inst/cdf_wr_data_reg[3]_i_16/CO[3]
                         net (fo=1, routed)           0.000    36.674    clipper_cdf_inst/cdf_wr_data_reg[3]_i_16_n_0
    SLICE_X28Y60         CARRY4 (Prop_carry4_CI_CO[3])
                                                      0.053    36.727 r  clipper_cdf_inst/cdf_wr_data_reg[3]_i_11/CO[3]
                         net (fo=1, routed)           0.000    36.727    clipper_cdf_inst/cdf_wr_data_reg[3]_i_11_n_0
    SLICE_X28Y61         CARRY4 (Prop_carry4_CI_CO[3])
                                                      0.053    36.780 r  clipper_cdf_inst/cdf_wr_data_reg[3]_i_6/CO[3]
                         net (fo=1, routed)           0.000    36.780    clipper_cdf_inst/cdf_wr_data_reg[3]_i_6_n_0
    SLICE_X28Y62         CARRY4 (Prop_carry4_CI_CO[3])
                                                      0.053    36.833 r  clipper_cdf_inst/cdf_wr_data_reg[3]_i_3/CO[3]
                         net (fo=1, routed)           0.000    36.833    clipper_cdf_inst/cdf_wr_data_reg[3]_i_3_n_0
    SLICE_X28Y63         CARRY4 (Prop_carry4_CI_CO[1])
                                                      0.077    36.910 r  clipper_cdf_inst/cdf_wr_data_reg[3]_i_2/CO[1]
                         net (fo=20, routed)          0.485    37.395    clipper_cdf_inst/cdf_wr_data_reg[7]_i_327_0[2]
    SLICE_X25Y60         CARRY4 (Prop_carry4_CYINIT_CO[3])
                                                      0.366    37.761 r  clipper_cdf_inst/cdf_wr_data_reg[2]_i_16/CO[3]
                         net (fo=1, routed)           0.000    37.761    clipper_cdf_inst/cdf_wr_data_reg[2]_i_16_n_0
    SLICE_X25Y61         CARRY4 (Prop_carry4_CI_CO[3])
                                                      0.053    37.814 r  clipper_cdf_inst/cdf_wr_data_reg[2]_i_11/CO[3]
                         net (fo=1, routed)           0.000    37.814    clipper_cdf_inst/cdf_wr_data_reg[2]_i_11_n_0
    SLICE_X25Y62         CARRY4 (Prop_carry4_CI_CO[3])
                                                      0.053    37.867 r  clipper_cdf_inst/cdf_wr_data_reg[2]_i_6/CO[3]
                         net (fo=1, routed)           0.000    37.867    clipper_cdf_inst/cdf_wr_data_reg[2]_i_6_n_0
    SLICE_X25Y63         CARRY4 (Prop_carry4_CI_CO[3])
                                                      0.053    37.920 r  clipper_cdf_inst/cdf_wr_data_reg[2]_i_3/CO[3]
                         net (fo=1, routed)           0.000    37.920    clipper_cdf_inst/cdf_wr_data_reg[2]_i_3_n_0
    SLICE_X25Y64         CARRY4 (Prop_carry4_CI_CO[1])
                                                      0.077    37.997 r  clipper_cdf_inst/cdf_wr_data_reg[2]_i_2/CO[1]
                         net (fo=20, routed)          0.547    38.544    clipper_cdf_inst/cdf_wr_data_reg[7]_i_327_0[1]
    SLICE_X30Y60         LUT3 (Prop_lut3_I0_O)        0.122    38.666 r  clipper_cdf_inst/cdf_wr_data[1]_i_23/O
                         net (fo=1, routed)           0.000    38.666    clipper_cdf_inst/cdf_wr_data[1]_i_23_n_0
    SLICE_X30Y60         CARRY4 (Prop_carry4_S[1]_CO[3])
                                                      0.256    38.922 r  clipper_cdf_inst/cdf_wr_data_reg[1]_i_16/CO[3]
                         net (fo=1, routed)           0.000    38.922    clipper_cdf_inst/cdf_wr_data_reg[1]_i_16_n_0
    SLICE_X30Y61         CARRY4 (Prop_carry4_CI_CO[3])
                                                      0.054    38.976 r  clipper_cdf_inst/cdf_wr_data_reg[1]_i_11/CO[3]
                         net (fo=1, routed)           0.000    38.976    clipper_cdf_inst/cdf_wr_data_reg[1]_i_11_n_0
    SLICE_X30Y62         CARRY4 (Prop_carry4_CI_CO[3])
                                                      0.054    39.030 r  clipper_cdf_inst/cdf_wr_data_reg[1]_i_6/CO[3]
                         net (fo=1, routed)           0.000    39.030    clipper_cdf_inst/cdf_wr_data_reg[1]_i_6_n_0
    SLICE_X30Y63         CARRY4 (Prop_carry4_CI_CO[3])
                                                      0.054    39.084 r  clipper_cdf_inst/cdf_wr_data_reg[1]_i_3/CO[3]
                         net (fo=1, routed)           0.000    39.084    clipper_cdf_inst/cdf_wr_data_reg[1]_i_3_n_0
    SLICE_X30Y64         CARRY4 (Prop_carry4_CI_CO[1])
                                                      0.076    39.160 r  clipper_cdf_inst/cdf_wr_data_reg[1]_i_2/CO[1]
                         net (fo=20, routed)          0.475    39.635    clipper_cdf_inst/cdf_wr_data_reg[7]_i_327_0[0]
    SLICE_X31Y60         LUT3 (Prop_lut3_I0_O)        0.124    39.759 r  clipper_cdf_inst/cdf_wr_data[0]_i_23/O
                         net (fo=1, routed)           0.000    39.759    clipper_cdf_inst/cdf_wr_data[0]_i_23_n_0
    SLICE_X31Y60         CARRY4 (Prop_carry4_S[0]_CO[3])
                                                      0.259    40.018 r  clipper_cdf_inst/cdf_wr_data_reg[0]_i_15/CO[3]
                         net (fo=1, routed)           0.000    40.018    clipper_cdf_inst/cdf_wr_data_reg[0]_i_15_n_0
    SLICE_X31Y61         CARRY4 (Prop_carry4_CI_CO[3])
                                                      0.053    40.071 r  clipper_cdf_inst/cdf_wr_data_reg[0]_i_10/CO[3]
                         net (fo=1, routed)           0.000    40.071    clipper_cdf_inst/cdf_wr_data_reg[0]_i_10_n_0
    SLICE_X31Y62         CARRY4 (Prop_carry4_CI_CO[3])
                                                      0.053    40.124 r  clipper_cdf_inst/cdf_wr_data_reg[0]_i_5/CO[3]
                         net (fo=1, routed)           0.000    40.124    clipper_cdf_inst/cdf_wr_data_reg[0]_i_5_n_0
    SLICE_X31Y63         CARRY4 (Prop_carry4_CI_CO[3])
                                                      0.053    40.177 r  clipper_cdf_inst/cdf_wr_data_reg[0]_i_3/CO[3]
                         net (fo=1, routed)           0.000    40.177    clipper_cdf_inst/cdf_wr_data_reg[0]_i_3_n_0
    SLICE_X31Y64         CARRY4 (Prop_carry4_CI_CO[0])
                                                      0.139    40.316 r  clipper_cdf_inst/cdf_wr_data_reg[0]_i_2/CO[0]
                         net (fo=1, routed)           0.179    40.495    clipper_cdf_inst/norm_div_result0[0]
    SLICE_X31Y65         LUT3 (Prop_lut3_I2_O)        0.131    40.626 r  clipper_cdf_inst/cdf_wr_data[0]_i_1/O
                         net (fo=1, routed)           0.000    40.626    clipper_cdf_inst/norm_saturated[0]
    SLICE_X31Y65         FDCE                                         r  clipper_cdf_inst/cdf_wr_data_reg[0]/D
  -------------------------------------------------------------------    -------------------

                         (clock pclk rise edge)      13.500    13.500 r  
    AU28                                              0.000    13.500 r  pclk (IN)
                         net (fo=0)                   0.000    13.500    pclk
    AU28                 IBUF (Prop_ibuf_I_O)         0.521    14.021 r  pclk_IBUF_inst/O
                         net (fo=1, routed)           2.145    16.166    pclk_IBUF
    BUFGCTRL_X0Y0        BUFG (Prop_bufg_I_O)         0.083    16.249 r  pclk_IBUF_BUFG_inst/O
                         net (fo=916, routed)         1.768    18.017    clipper_cdf_inst/pclk_IBUF_BUFG
    SLICE_X31Y65         FDCE                                         r  clipper_cdf_inst/cdf_wr_data_reg[0]/C
                         clock pessimism              0.262    18.280    
                         clock uncertainty           -0.035    18.244    
    SLICE_X31Y65         FDCE (Setup_fdce_C_D)        0.034    18.278    clipper_cdf_inst/cdf_wr_data_reg[0]
  -------------------------------------------------------------------
                         required time                         18.278    
                         arrival time                         -40.626    
  -------------------------------------------------------------------
                         slack                                -22.347    

Slack (VIOLATED) :        -21.185ns  (required time - arrival time)
  Source:                 clipper_cdf_inst/cdf_range_reg[3]/C
                            (rising edge-triggered cell FDCE clocked by pclk  {rise@0.000ns fall@6.750ns period=13.500ns})
  Destination:            clipper_cdf_inst/cdf_wr_data_reg[1]/D
                            (rising edge-triggered cell FDCE clocked by pclk  {rise@0.000ns fall@6.750ns period=13.500ns})
  Path Group:             pclk
  Path Type:              Setup (Max at Slow Process Corner)
  Requirement:            13.500ns  (pclk rise@13.500ns - pclk rise@0.000ns)
  Data Path Delay:        34.415ns  (logic 19.342ns (56.202%)  route 15.073ns (43.798%))
  Logic Levels:           179  (CARRY4=154 LUT1=1 LUT2=7 LUT3=17)
  Clock Path Skew:        -0.300ns (DCD - SCD + CPR)
    Destination Clock Delay (DCD):    4.517ns = ( 18.017 - 13.500 ) 
    Source Clock Delay      (SCD):    5.080ns
    Clock Pessimism Removal (CPR):    0.262ns
  Clock Uncertainty:      0.035ns  ((TSJ^2 + TIJ^2)^1/2 + DJ) / 2 + PE
    Total System Jitter     (TSJ):    0.071ns
    Total Input Jitter      (TIJ):    0.000ns
    Discrete Jitter          (DJ):    0.000ns
    Phase Error              (PE):    0.000ns

    Location             Delay type                Incr(ns)  Path(ns)    Netlist Resource(s)
  -------------------------------------------------------------------    -------------------
                         (clock pclk rise edge)       0.000     0.000 r  
    AU28                                              0.000     0.000 r  pclk (IN)
                         net (fo=0)                   0.000     0.000    pclk
    AU28                 IBUF (Prop_ibuf_I_O)         0.628     0.628 r  pclk_IBUF_inst/O
                         net (fo=1, routed)           2.272     2.900    pclk_IBUF
    BUFGCTRL_X0Y0        BUFG (Prop_bufg_I_O)         0.093     2.993 r  pclk_IBUF_BUFG_inst/O
                         net (fo=916, routed)         2.087     5.080    clipper_cdf_inst/pclk_IBUF_BUFG
    SLICE_X30Y41         FDCE                                         r  clipper_cdf_inst/cdf_range_reg[3]/C
  -------------------------------------------------------------------    -------------------
    SLICE_X30Y41         FDCE (Prop_fdce_C_Q)         0.259     5.339 f  clipper_cdf_inst/cdf_range_reg[3]/Q
                         net (fo=34, routed)          0.366     5.705    clipper_cdf_inst/cdf_range[3]
    SLICE_X31Y40         LUT1 (Prop_lut1_I0_O)        0.043     5.748 r  clipper_cdf_inst/cdf_wr_data[7]_i_581/O
                         net (fo=1, routed)           0.000     5.748    clipper_cdf_inst/cdf_wr_data[7]_i_581_n_0
    SLICE_X31Y40         CARRY4 (Prop_carry4_S[3]_CO[3])
                                                      0.193     5.941 r  clipper_cdf_inst/cdf_wr_data_reg[7]_i_528/CO[3]
                         net (fo=1, routed)           0.000     5.941    clipper_cdf_inst/cdf_wr_data_reg[7]_i_528_n_0
    SLICE_X31Y41         CARRY4 (Prop_carry4_CI_CO[3])
                                                      0.053     5.994 r  clipper_cdf_inst/cdf_wr_data_reg[7]_i_523/CO[3]
                         net (fo=1, routed)           0.000     5.994    clipper_cdf_inst/cdf_wr_data_reg[7]_i_523_n_0
    SLICE_X31Y42         CARRY4 (Prop_carry4_CI_CO[3])
                                                      0.053     6.047 r  clipper_cdf_inst/cdf_wr_data_reg[7]_i_438/CO[3]
                         net (fo=1, routed)           0.000     6.047    clipper_cdf_inst/cdf_wr_data_reg[7]_i_438_n_0
    SLICE_X31Y43         CARRY4 (Prop_carry4_CI_CO[3])
                                                      0.053     6.100 r  clipper_cdf_inst/cdf_wr_data_reg[7]_i_327/CO[3]
                         net (fo=1, routed)           0.000     6.100    clipper_cdf_inst/cdf_wr_data_reg[7]_i_327_n_0
    SLICE_X31Y44         CARRY4 (Prop_carry4_CI_CO[0])
                                                      0.139     6.239 r  clipper_cdf_inst/cdf_wr_data_reg[7]_i_199/CO[0]
                         net (fo=21, routed)          0.568     6.807    clipper_cdf_inst/cdf_wr_data_reg[7]_i_327_0[30]
    SLICE_X30Y39         LUT2 (Prop_lut2_I1_O)        0.131     6.938 r  clipper_cdf_inst/cdf_wr_data[7]_i_568/O
                         net (fo=1, routed)           0.000     6.938    clipper_cdf_inst/cdf_wr_data[7]_i_568_n_0
    SLICE_X30Y39         CARRY4 (Prop_carry4_S[1]_CO[3])
                                                      0.256     7.194 r  clipper_cdf_inst/cdf_wr_data_reg[7]_i_518/CO[3]
                         net (fo=1, routed)           0.000     7.194    clipper_cdf_inst/cdf_wr_data_reg[7]_i_518_n_0
    SLICE_X30Y40         CARRY4 (Prop_carry4_CI_CO[3])
                                                      0.054     7.248 r  clipper_cdf_inst/cdf_wr_data_reg[7]_i_433/CO[3]
                         net (fo=1, routed)           0.000     7.248    clipper_cdf_inst/cdf_wr_data_reg[7]_i_433_n_0
    SLICE_X30Y41         CARRY4 (Prop_carry4_CI_CO[3])
                                                      0.054     7.302 r  clipper_cdf_inst/cdf_wr_data_reg[7]_i_428/CO[3]
                         net (fo=1, routed)           0.000     7.302    clipper_cdf_inst/cdf_wr_data_reg[7]_i_428_n_0
    SLICE_X30Y42         CARRY4 (Prop_carry4_CI_CO[3])
                                                      0.054     7.356 r  clipper_cdf_inst/cdf_wr_data_reg[7]_i_324/CO[3]
                         net (fo=1, routed)           0.000     7.356    clipper_cdf_inst/cdf_wr_data_reg[7]_i_324_n_0
    SLICE_X30Y43         CARRY4 (Prop_carry4_CI_CO[1])
                                                      0.076     7.432 r  clipper_cdf_inst/cdf_wr_data_reg[7]_i_200/CO[1]
                         net (fo=21, routed)          0.578     8.010    clipper_cdf_inst/cdf_wr_data_reg[7]_i_327_0[29]
    SLICE_X29Y41         LUT2 (Prop_lut2_I1_O)        0.124     8.134 r  clipper_cdf_inst/cdf_wr_data[7]_i_564/O
                         net (fo=1, routed)           0.000     8.134    clipper_cdf_inst/cdf_wr_data[7]_i_564_n_0
    SLICE_X29Y41         CARRY4 (Prop_carry4_S[1]_CO[3])
                                                      0.267     8.401 r  clipper_cdf_inst/cdf_wr_data_reg[7]_i_513/CO[3]
                         net (fo=1, routed)           0.000     8.401    clipper_cdf_inst/cdf_wr_data_reg[7]_i_513_n_0
    SLICE_X29Y42         CARRY4 (Prop_carry4_CI_CO[3])
                                                      0.053     8.454 r  clipper_cdf_inst/cdf_wr_data_reg[7]_i_423/CO[3]
                         net (fo=1, routed)           0.000     8.454    clipper_cdf_inst/cdf_wr_data_reg[7]_i_423_n_0
    SLICE_X29Y43         CARRY4 (Prop_carry4_CI_CO[3])
                                                      0.053     8.507 r  clipper_cdf_inst/cdf_wr_data_reg[7]_i_315/CO[3]
                         net (fo=1, routed)           0.000     8.507    clipper_cdf_inst/cdf_wr_data_reg[7]_i_315_n_0
    SLICE_X29Y44         CARRY4 (Prop_carry4_CI_CO[3])
                                                      0.053     8.560 r  clipper_cdf_inst/cdf_wr_data_reg[7]_i_312/CO[3]
                         net (fo=1, routed)           0.000     8.560    clipper_cdf_inst/cdf_wr_data_reg[7]_i_312_n_0
    SLICE_X29Y45         CARRY4 (Prop_carry4_CI_CO[1])
                                                      0.077     8.637 r  clipper_cdf_inst/cdf_wr_data_reg[7]_i_198/CO[1]
                         net (fo=21, routed)          0.637     9.274    clipper_cdf_inst/cdf_wr_data_reg[7]_i_327_0[28]
    SLICE_X29Y36         LUT2 (Prop_lut2_I1_O)        0.122     9.396 r  clipper_cdf_inst/cdf_wr_data[7]_i_560/O
                         net (fo=1, routed)           0.000     9.396    clipper_cdf_inst/cdf_wr_data[7]_i_560_n_0
    SLICE_X29Y36         CARRY4 (Prop_carry4_S[1]_CO[3])
                                                      0.267     9.663 r  clipper_cdf_inst/cdf_wr_data_reg[7]_i_508/CO[3]
                         net (fo=1, routed)           0.000     9.663    clipper_cdf_inst/cdf_wr_data_reg[7]_i_508_n_0
    SLICE_X29Y37         CARRY4 (Prop_carry4_CI_CO[3])
                                                      0.053     9.716 r  clipper_cdf_inst/cdf_wr_data_reg[7]_i_418/CO[3]
                         net (fo=1, routed)           0.000     9.716    clipper_cdf_inst/cdf_wr_data_reg[7]_i_418_n_0
    SLICE_X29Y38         CARRY4 (Prop_carry4_CI_CO[3])
                                                      0.053     9.769 r  clipper_cdf_inst/cdf_wr_data_reg[7]_i_307/CO[3]
                         net (fo=1, routed)           0.000     9.769    clipper_cdf_inst/cdf_wr_data_reg[7]_i_307_n_0
    SLICE_X29Y39         CARRY4 (Prop_carry4_CI_CO[3])
                                                      0.053     9.822 r  clipper_cdf_inst/cdf_wr_data_reg[7]_i_190/CO[3]
                         net (fo=1, routed)           0.000     9.822    clipper_cdf_inst/cdf_wr_data_reg[7]_i_190_n_0
    SLICE_X29Y40         CARRY4 (Prop_carry4_CI_CO[1])
                                                      0.077     9.899 r  clipper_cdf_inst/cdf_wr_data_reg[7]_i_189/CO[1]
                         net (fo=21, routed)          0.372    10.271    clipper_cdf_inst/cdf_wr_data_reg[7]_i_327_0[27]
    SLICE_X28Y38         LUT2 (Prop_lut2_I1_O)        0.122    10.393 r  clipper_cdf_inst/cdf_wr_data[7]_i_556/O
                         net (fo=1, routed)           0.000    10.393    clipper_cdf_inst/cdf_wr_data[7]_i_556_n_0
    SLICE_X28Y38         CARRY4 (Prop_carry4_S[1]_CO[3])
                                                      0.267    10.660 r  clipper_cdf_inst/cdf_wr_data_reg[7]_i_479/CO[3]
                         net (fo=1, routed)           0.000    10.660    clipper_cdf_inst/cdf_wr_data_reg[7]_i_479_n_0
    SLICE_X28Y39         CARRY4 (Prop_carry4_CI_CO[3])
                                                      0.053    10.713 r  clipper_cdf_inst/cdf_wr_data_reg[7]_i_413/CO[3]
                         net (fo=1, routed)           0.000    10.713    clipper_cdf_inst/cdf_wr_data_reg[7]_i_413_n_0
    SLICE_X28Y40         CARRY4 (Prop_carry4_CI_CO[3])
                                                      0.053    10.766 r  clipper_cdf_inst/cdf_wr_data_reg[7]_i_302/CO[3]
                         net (fo=1, routed)           0.000    10.766    clipper_cdf_inst/cdf_wr_data_reg[7]_i_302_n_0
    SLICE_X28Y41         CARRY4 (Prop_carry4_CI_CO[3])
                                                      0.053    10.819 r  clipper_cdf_inst/cdf_wr_data_reg[7]_i_186/CO[3]
                         net (fo=1, routed)           0.000    10.819    clipper_cdf_inst/cdf_wr_data_reg[7]_i_186_n_0
    SLICE_X28Y42         CARRY4 (Prop_carry4_CI_CO[1])
                                                      0.077    10.896 r  clipper_cdf_inst/cdf_wr_data_reg[7]_i_91/CO[1]
                         net (fo=21, routed)          0.459    11.355    clipper_cdf_inst/cdf_wr_data_reg[7]_i_327_0[26]
    SLICE_X26Y40         LUT2 (Prop_lut2_I1_O)        0.122    11.477 r  clipper_cdf_inst/cdf_wr_data[7]_i_552/O
                         net (fo=1, routed)           0.000    11.477    clipper_cdf_inst/cdf_wr_data[7]_i_552_n_0
    SLICE_X26Y40         CARRY4 (Prop_carry4_S[1]_CO[3])
                                                      0.256    11.733 r  clipper_cdf_inst/cdf_wr_data_reg[7]_i_474/CO[3]
                         net (fo=1, routed)           0.000    11.733    clipper_cdf_inst/cdf_wr_data_reg[7]_i_474_n_0
    SLICE_X26Y41         CARRY4 (Prop_carry4_CI_CO[3])
                                                      0.054    11.787 r  clipper_cdf_inst/cdf_wr_data_reg[7]_i_372/CO[3]
                         net (fo=1, routed)           0.000    11.787    clipper_cdf_inst/cdf_wr_data_reg[7]_i_372_n_0
    SLICE_X26Y42         CARRY4 (Prop_carry4_CI_CO[3])
                                                      0.054    11.841 r  clipper_cdf_inst/cdf_wr_data_reg[7]_i_301/CO[3]
                         net (fo=1, routed)           0.000    11.841    clipper_cdf_inst/cdf_wr_data_reg[7]_i_301_n_0
    SLICE_X26Y43         CARRY4 (Prop_carry4_CI_CO[3])
                                                      0.054    11.895 r  clipper_cdf_inst/cdf_wr_data_reg[7]_i_185/CO[3]
                         net (fo=1, routed)           0.000    11.895    clipper_cdf_inst/cdf_wr_data_reg[7]_i_185_n_0
    SLICE_X26Y44         CARRY4 (Prop_carry4_CI_CO[1])
                                                      0.076    11.971 r  clipper_cdf_inst/cdf_wr_data_reg[7]_i_90/CO[1]
                         net (fo=21, routed)          0.447    12.418    clipper_cdf_inst/cdf_wr_data_reg[7]_i_327_0[25]
    SLICE_X25Y42         LUT2 (Prop_lut2_I1_O)        0.124    12.542 r  clipper_cdf_inst/cdf_wr_data[7]_i_548/O
                         net (fo=1, routed)           0.000    12.542    clipper_cdf_inst/cdf_wr_data[7]_i_548_n_0
    SLICE_X25Y42         CARRY4 (Prop_carry4_S[1]_CO[3])
                                                      0.267    12.809 r  clipper_cdf_inst/cdf_wr_data_reg[7]_i_469/CO[3]
                         net (fo=1, routed)           0.000    12.809    clipper_cdf_inst/cdf_wr_data_reg[7]_i_469_n_0
    SLICE_X25Y43         CARRY4 (Prop_carry4_CI_CO[3])
                                                      0.053    12.862 r  clipper_cdf_inst/cdf_wr_data_reg[7]_i_367/CO[3]
                         net (fo=1, routed)           0.000    12.862    clipper_cdf_inst/cdf_wr_data_reg[7]_i_367_n_0
    SLICE_X25Y44         CARRY4 (Prop_carry4_CI_CO[3])
                                                      0.053    12.915 r  clipper_cdf_inst/cdf_wr_data_reg[7]_i_265/CO[3]
                         net (fo=1, routed)           0.000    12.915    clipper_cdf_inst/cdf_wr_data_reg[7]_i_265_n_0
    SLICE_X25Y45         CARRY4 (Prop_carry4_CI_CO[3])
                                                      0.053    12.968 r  clipper_cdf_inst/cdf_wr_data_reg[7]_i_193/CO[3]
                         net (fo=1, routed)           0.000    12.968    clipper_cdf_inst/cdf_wr_data_reg[7]_i_193_n_0
    SLICE_X25Y46         CARRY4 (Prop_carry4_CI_CO[1])
                                                      0.077    13.045 r  clipper_cdf_inst/cdf_wr_data_reg[7]_i_93/CO[1]
                         net (fo=21, routed)          0.554    13.599    clipper_cdf_inst/cdf_wr_data_reg[7]_i_327_0[24]
    SLICE_X28Y43         LUT2 (Prop_lut2_I1_O)        0.122    13.721 r  clipper_cdf_inst/cdf_wr_data[7]_i_544/O
                         net (fo=1, routed)           0.000    13.721    clipper_cdf_inst/cdf_wr_data[7]_i_544_n_0
    SLICE_X28Y43         CARRY4 (Prop_carry4_S[1]_CO[3])
                                                      0.267    13.988 r  clipper_cdf_inst/cdf_wr_data_reg[7]_i_464/CO[3]
                         net (fo=1, routed)           0.000    13.988    clipper_cdf_inst/cdf_wr_data_reg[7]_i_464_n_0
    SLICE_X28Y44         CARRY4 (Prop_carry4_CI_CO[3])
                                                      0.053    14.041 r  clipper_cdf_inst/cdf_wr_data_reg[7]_i_362/CO[3]
                         net (fo=1, routed)           0.000    14.041    clipper_cdf_inst/cdf_wr_data_reg[7]_i_362_n_0
    SLICE_X28Y45         CARRY4 (Prop_carry4_CI_CO[3])
                                                      0.053    14.094 r  clipper_cdf_inst/cdf_wr_data_reg[7]_i_260/CO[3]
                         net (fo=1, routed)           0.000    14.094    clipper_cdf_inst/cdf_wr_data_reg[7]_i_260_n_0
    SLICE_X28Y46         CARRY4 (Prop_carry4_CI_CO[3])
                                                      0.053    14.147 r  clipper_cdf_inst/cdf_wr_data_reg[7]_i_154/CO[3]
                         net (fo=1, routed)           0.000    14.147    clipper_cdf_inst/cdf_wr_data_reg[7]_i_154_n_0
    SLICE_X28Y47         CARRY4 (Prop_carry4_CI_CO[1])
                                                      0.077    14.224 r  clipper_cdf_inst/cdf_wr_data_reg[7]_i_92/CO[1]
                         net (fo=20, routed)          0.615    14.839    clipper_cdf_inst/cdf_wr_data_reg[7]_i_327_0[23]
    SLICE_X30Y44         LUT3 (Prop_lut3_I0_O)        0.122    14.961 r  clipper_cdf_inst/cdf_wr_data[7]_i_505/O
                         net (fo=1, routed)           0.000    14.961    clipper_cdf_inst/cdf_wr_data[7]_i_505_n_0
    SLICE_X30Y44         CARRY4 (Prop_carry4_S[3]_CO[3])
                                                      0.180    15.141 r  clipper_cdf_inst/cdf_wr_data_reg[7]_i_408/CO[3]
                         net (fo=1, routed)           0.000    15.141    clipper_cdf_inst/cdf_wr_data_reg[7]_i_408_n_0
    SLICE_X30Y45         CARRY4 (Prop_carry4_CI_CO[3])
                                                      0.054    15.195 r  clipper_cdf_inst/cdf_wr_data_reg[7]_i_357/CO[3]
                         net (fo=1, routed)           0.000    15.195    clipper_cdf_inst/cdf_wr_data_reg[7]_i_357_n_0
    SLICE_X30Y46         CARRY4 (Prop_carry4_CI_CO[3])
                                                      0.054    15.249 r  clipper_cdf_inst/cdf_wr_data_reg[7]_i_255/CO[3]
                         net (fo=1, routed)           0.000    15.249    clipper_cdf_inst/cdf_wr_data_reg[7]_i_255_n_0
    SLICE_X30Y47         CARRY4 (Prop_carry4_CI_CO[3])
                                                      0.054    15.303 r  clipper_cdf_inst/cdf_wr_data_reg[7]_i_153/CO[3]
                         net (fo=1, routed)           0.000    15.303    clipper_cdf_inst/cdf_wr_data_reg[7]_i_153_n_0
    SLICE_X30Y48         CARRY4 (Prop_carry4_CI_CO[1])
                                                      0.076    15.379 r  clipper_cdf_inst/cdf_wr_data_reg[7]_i_75/CO[1]
                         net (fo=20, routed)          0.466    15.845    clipper_cdf_inst/cdf_wr_data_reg[7]_i_327_0[22]
    SLICE_X31Y45         LUT3 (Prop_lut3_I0_O)        0.124    15.969 r  clipper_cdf_inst/cdf_wr_data[7]_i_504/O
                         net (fo=1, routed)           0.000    15.969    clipper_cdf_inst/cdf_wr_data[7]_i_504_n_0
    SLICE_X31Y45         CARRY4 (Prop_carry4_S[1]_CO[3])
                                                      0.267    16.236 r  clipper_cdf_inst/cdf_wr_data_reg[7]_i_403/CO[3]
                         net (fo=1, routed)           0.000    16.236    clipper_cdf_inst/cdf_wr_data_reg[7]_i_403_n_0
    SLICE_X31Y46         CARRY4 (Prop_carry4_CI_CO[3])
                                                      0.053    16.289 r  clipper_cdf_inst/cdf_wr_data_reg[7]_i_296/CO[3]
                         net (fo=1, routed)           0.000    16.289    clipper_cdf_inst/cdf_wr_data_reg[7]_i_296_n_0
    SLICE_X31Y47         CARRY4 (Prop_carry4_CI_CO[3])
                                                      0.053    16.342 r  clipper_cdf_inst/cdf_wr_data_reg[7]_i_250/CO[3]
                         net (fo=1, routed)           0.000    16.342    clipper_cdf_inst/cdf_wr_data_reg[7]_i_250_n_0
    SLICE_X31Y48         CARRY4 (Prop_carry4_CI_CO[3])
                                                      0.053    16.395 r  clipper_cdf_inst/cdf_wr_data_reg[7]_i_148/CO[3]
                         net (fo=1, routed)           0.000    16.395    clipper_cdf_inst/cdf_wr_data_reg[7]_i_148_n_0
    SLICE_X31Y49         CARRY4 (Prop_carry4_CI_CO[1])
                                                      0.077    16.472 r  clipper_cdf_inst/cdf_wr_data_reg[7]_i_76/CO[1]
                         net (fo=20, routed)          0.535    17.007    clipper_cdf_inst/cdf_wr_data_reg[7]_i_327_0[21]
    SLICE_X29Y46         CARRY4 (Prop_carry4_CYINIT_CO[3])
                                                      0.366    17.373 r  clipper_cdf_inst/cdf_wr_data_reg[7]_i_393/CO[3]
                         net (fo=1, routed)           0.000    17.373    clipper_cdf_inst/cdf_wr_data_reg[7]_i_393_n_0
    SLICE_X29Y47         CARRY4 (Prop_carry4_CI_CO[3])
                                                      0.053    17.426 r  clipper_cdf_inst/cdf_wr_data_reg[7]_i_291/CO[3]
                         net (fo=1, routed)           0.000    17.426    clipper_cdf_inst/cdf_wr_data_reg[7]_i_291_n_0
    SLICE_X29Y48         CARRY4 (Prop_carry4_CI_CO[3])
                                                      0.053    17.479 r  clipper_cdf_inst/cdf_wr_data_reg[7]_i_180/CO[3]
                         net (fo=1, routed)           0.000    17.479    clipper_cdf_inst/cdf_wr_data_reg[7]_i_180_n_0
    SLICE_X29Y49         CARRY4 (Prop_carry4_CI_CO[3])
                                                      0.053    17.532 r  clipper_cdf_inst/cdf_wr_data_reg[7]_i_147/CO[3]
                         net (fo=1, routed)           0.001    17.533    clipper_cdf_inst/cdf_wr_data_reg[7]_i_147_n_0
    SLICE_X29Y50         CARRY4 (Prop_carry4_CI_CO[1])
                                                      0.077    17.610 r  clipper_cdf_inst/cdf_wr_data_reg[7]_i_73/CO[1]
                         net (fo=20, routed)          0.465    18.075    clipper_cdf_inst/cdf_wr_data_reg[7]_i_327_0[20]
    SLICE_X28Y49         LUT3 (Prop_lut3_I0_O)        0.122    18.197 r  clipper_cdf_inst/cdf_wr_data[7]_i_396/O
                         net (fo=1, routed)           0.000    18.197    clipper_cdf_inst/cdf_wr_data[7]_i_396_n_0
    SLICE_X28Y49         CARRY4 (Prop_carry4_S[1]_CO[3])
                                                      0.267    18.464 r  clipper_cdf_inst/cdf_wr_data_reg[7]_i_281/CO[3]
                         net (fo=1, routed)           0.001    18.464    clipper_cdf_inst/cdf_wr_data_reg[7]_i_281_n_0
    SLICE_X28Y50         CARRY4 (Prop_carry4_CI_CO[3])
                                                      0.053    18.517 r  clipper_cdf_inst/cdf_wr_data_reg[7]_i_175/CO[3]
                         net (fo=1, routed)           0.000    18.517    clipper_cdf_inst/cdf_wr_data_reg[7]_i_175_n_0
    SLICE_X28Y51         CARRY4 (Prop_carry4_CI_CO[3])
                                                      0.053    18.570 r  clipper_cdf_inst/cdf_wr_data_reg[7]_i_85/CO[3]
                         net (fo=1, routed)           0.000    18.570    clipper_cdf_inst/cdf_wr_data_reg[7]_i_85_n_0
    SLICE_X28Y52         CARRY4 (Prop_carry4_CI_CO[1])
                                                      0.077    18.647 r  clipper_cdf_inst/cdf_wr_data_reg[7]_i_74/CO[1]
                         net (fo=20, routed)          0.473    19.120    clipper_cdf_inst/cdf_wr_data_reg[7]_i_327_0[19]
    SLICE_X27Y47         LUT3 (Prop_lut3_I0_O)        0.122    19.242 r  clipper_cdf_inst/cdf_wr_data[7]_i_492/O
                         net (fo=1, routed)           0.000    19.242    clipper_cdf_inst/cdf_wr_data[7]_i_492_n_0
    SLICE_X27Y47         CARRY4 (Prop_carry4_S[1]_CO[3])
                                                      0.267    19.509 r  clipper_cdf_inst/cdf_wr_data_reg[7]_i_383/CO[3]
                         net (fo=1, routed)           0.000    19.509    clipper_cdf_inst/cdf_wr_data_reg[7]_i_383_n_0
    SLICE_X27Y48         CARRY4 (Prop_carry4_CI_CO[3])
                                                      0.053    19.562 r  clipper_cdf_inst/cdf_wr_data_reg[7]_i_276/CO[3]
                         net (fo=1, routed)           0.000    19.562    clipper_cdf_inst/cdf_wr_data_reg[7]_i_276_n_0
    SLICE_X27Y49         CARRY4 (Prop_carry4_CI_CO[3])
                                                      0.053    19.615 r  clipper_cdf_inst/cdf_wr_data_reg[7]_i_165/CO[3]
                         net (fo=1, routed)           0.001    19.616    clipper_cdf_inst/cdf_wr_data_reg[7]_i_165_n_0
    SLICE_X27Y50         CARRY4 (Prop_carry4_CI_CO[3])
                                                      0.053    19.669 r  clipper_cdf_inst/cdf_wr_data_reg[7]_i_84/CO[3]
                         net (fo=1, routed)           0.000    19.669    clipper_cdf_inst/cdf_wr_data_reg[7]_i_84_n_0
    SLICE_X27Y51         CARRY4 (Prop_carry4_CI_CO[1])
                                                      0.077    19.746 r  clipper_cdf_inst/cdf_wr_data_reg[7]_i_36/CO[1]
                         net (fo=20, routed)          0.452    20.197    clipper_cdf_inst/cdf_wr_data_reg[7]_i_327_0[18]
    SLICE_X26Y47         LUT3 (Prop_lut3_I0_O)        0.122    20.319 r  clipper_cdf_inst/cdf_wr_data[7]_i_489/O
                         net (fo=1, routed)           0.000    20.319    clipper_cdf_inst/cdf_wr_data[7]_i_489_n_0
    SLICE_X26Y47         CARRY4 (Prop_carry4_S[1]_CO[3])
                                                      0.256    20.575 r  clipper_cdf_inst/cdf_wr_data_reg[7]_i_378/CO[3]
                         net (fo=1, routed)           0.000    20.575    clipper_cdf_inst/cdf_wr_data_reg[7]_i_378_n_0
    SLICE_X26Y48         CARRY4 (Prop_carry4_CI_CO[3])
                                                      0.054    20.629 r  clipper_cdf_inst/cdf_wr_data_reg[7]_i_271/CO[3]
                         net (fo=1, routed)           0.000    20.629    clipper_cdf_inst/cdf_wr_data_reg[7]_i_271_n_0
    SLICE_X26Y49         CARRY4 (Prop_carry4_CI_CO[3])
                                                      0.054    20.683 r  clipper_cdf_inst/cdf_wr_data_reg[7]_i_160/CO[3]
                         net (fo=1, routed)           0.001    20.684    clipper_cdf_inst/cdf_wr_data_reg[7]_i_160_n_0
    SLICE_X26Y50         CARRY4 (Prop_carry4_CI_CO[3])
                                                      0.054    20.738 r  clipper_cdf_inst/cdf_wr_data_reg[7]_i_78/CO[3]
                         net (fo=1, routed)           0.000    20.738    clipper_cdf_inst/cdf_wr_data_reg[7]_i_78_n_0
    SLICE_X26Y51         CARRY4 (Prop_carry4_CI_CO[1])
                                                      0.076    20.814 r  clipper_cdf_inst/cdf_wr_data_reg[7]_i_37/CO[1]
                         net (fo=20, routed)          0.496    21.310    clipper_cdf_inst/cdf_wr_data_reg[7]_i_327_0[17]
    SLICE_X24Y46         LUT3 (Prop_lut3_I0_O)        0.124    21.434 r  clipper_cdf_inst/cdf_wr_data[7]_i_486/O
                         net (fo=1, routed)           0.000    21.434    clipper_cdf_inst/cdf_wr_data[7]_i_486_n_0
    SLICE_X24Y46         CARRY4 (Prop_carry4_S[1]_CO[3])
                                                      0.256    21.690 r  clipper_cdf_inst/cdf_wr_data_reg[7]_i_377/CO[3]
                         net (fo=1, routed)           0.000    21.690    clipper_cdf_inst/cdf_wr_data_reg[7]_i_377_n_0
    SLICE_X24Y47         CARRY4 (Prop_carry4_CI_CO[3])
                                                      0.054    21.744 r  clipper_cdf_inst/cdf_wr_data_reg[7]_i_270/CO[3]
                         net (fo=1, routed)           0.000    21.744    clipper_cdf_inst/cdf_wr_data_reg[7]_i_270_n_0
    SLICE_X24Y48         CARRY4 (Prop_carry4_CI_CO[3])
                                                      0.054    21.798 r  clipper_cdf_inst/cdf_wr_data_reg[7]_i_159/CO[3]
                         net (fo=1, routed)           0.000    21.798    clipper_cdf_inst/cdf_wr_data_reg[7]_i_159_n_0
    SLICE_X24Y49         CARRY4 (Prop_carry4_CI_CO[3])
                                                      0.054    21.852 r  clipper_cdf_inst/cdf_wr_data_reg[7]_i_77/CO[3]
                         net (fo=1, routed)           0.001    21.853    clipper_cdf_inst/cdf_wr_data_reg[7]_i_77_n_0
    SLICE_X24Y50         CARRY4 (Prop_carry4_CI_CO[1])
                                                      0.076    21.929 r  clipper_cdf_inst/cdf_wr_data_reg[7]_i_34/CO[1]
                         net (fo=20, routed)          0.414    22.343    clipper_cdf_inst/cdf_wr_data_reg[7]_i_327_0[16]
    SLICE_X23Y49         CARRY4 (Prop_carry4_CYINIT_CO[3])
                                                      0.368    22.711 r  clipper_cdf_inst/cdf_wr_data_reg[7]_i_398/CO[3]
                         net (fo=1, routed)           0.001    22.712    clipper_cdf_inst/cdf_wr_data_reg[7]_i_398_n_0
    SLICE_X23Y50         CARRY4 (Prop_carry4_CI_CO[3])
                                                      0.053    22.765 r  clipper_cdf_inst/cdf_wr_data_reg[7]_i_286/CO[3]
                         net (fo=1, routed)           0.000    22.765    clipper_cdf_inst/cdf_wr_data_reg[7]_i_286_n_0
    SLICE_X23Y51         CARRY4 (Prop_carry4_CI_CO[3])
                                                      0.053    22.818 r  clipper_cdf_inst/cdf_wr_data_reg[7]_i_170/CO[3]
                         net (fo=1, routed)           0.000    22.818    clipper_cdf_inst/cdf_wr_data_reg[7]_i_170_n_0
    SLICE_X23Y52         CARRY4 (Prop_carry4_CI_CO[3])
                                                      0.053    22.871 r  clipper_cdf_inst/cdf_wr_data_reg[7]_i_81/CO[3]
                         net (fo=1, routed)           0.000    22.871    clipper_cdf_inst/cdf_wr_data_reg[7]_i_81_n_0
    SLICE_X23Y53         CARRY4 (Prop_carry4_CI_CO[1])
                                                      0.077    22.948 r  clipper_cdf_inst/cdf_wr_data_reg[7]_i_35/CO[1]
                         net (fo=20, routed)          0.373    23.321    clipper_cdf_inst/cdf_wr_data_reg[7]_i_327_0[15]
    SLICE_X22Y51         LUT3 (Prop_lut3_I0_O)        0.122    23.443 r  clipper_cdf_inst/cdf_wr_data[7]_i_463/O
                         net (fo=1, routed)           0.000    23.443    clipper_cdf_inst/cdf_wr_data[7]_i_463_n_0
    SLICE_X22Y51         CARRY4 (Prop_carry4_S[1]_CO[3])
                                                      0.256    23.699 r  clipper_cdf_inst/cdf_wr_data_reg[7]_i_349/CO[3]
                         net (fo=1, routed)           0.000    23.699    clipper_cdf_inst/cdf_wr_data_reg[7]_i_349_n_0
    SLICE_X22Y52         CARRY4 (Prop_carry4_CI_CO[3])
                                                      0.054    23.753 r  clipper_cdf_inst/cdf_wr_data_reg[7]_i_330/CO[3]
                         net (fo=1, routed)           0.000    23.753    clipper_cdf_inst/cdf_wr_data_reg[7]_i_330_n_0
    SLICE_X22Y53         CARRY4 (Prop_carry4_CI_CO[3])
                                                      0.054    23.807 r  clipper_cdf_inst/cdf_wr_data_reg[7]_i_206/CO[3]
                         net (fo=1, routed)           0.000    23.807    clipper_cdf_inst/cdf_wr_data_reg[7]_i_206_n_0
    SLICE_X22Y54         CARRY4 (Prop_carry4_CI_CO[3])
                                                      0.054    23.861 r  clipper_cdf_inst/cdf_wr_data_reg[7]_i_101/CO[3]
                         net (fo=1, routed)           0.000    23.861    clipper_cdf_inst/cdf_wr_data_reg[7]_i_101_n_0
    SLICE_X22Y55         CARRY4 (Prop_carry4_CI_CO[1])
                                                      0.076    23.937 r  clipper_cdf_inst/cdf_wr_data_reg[7]_i_41/CO[1]
                         net (fo=20, routed)          0.409    24.345    clipper_cdf_inst/cdf_wr_data_reg[7]_i_327_0[14]
    SLICE_X25Y52         LUT3 (Prop_lut3_I0_O)        0.124    24.469 r  clipper_cdf_inst/cdf_wr_data[7]_i_460/O
                         net (fo=1, routed)           0.000    24.469    clipper_cdf_inst/cdf_wr_data[7]_i_460_n_0
    SLICE_X25Y52         CARRY4 (Prop_carry4_S[1]_CO[3])
                                                      0.267    24.736 r  clipper_cdf_inst/cdf_wr_data_reg[7]_i_344/CO[3]
                         net (fo=1, routed)           0.000    24.736    clipper_cdf_inst/cdf_wr_data_reg[7]_i_344_n_0
    SLICE_X25Y53         CARRY4 (Prop_carry4_CI_CO[3])
                                                      0.053    24.789 r  clipper_cdf_inst/cdf_wr_data_reg[7]_i_225/CO[3]
                         net (fo=1, routed)           0.000    24.789    clipper_cdf_inst/cdf_wr_data_reg[7]_i_225_n_0
    SLICE_X25Y54         CARRY4 (Prop_carry4_CI_CO[3])
                                                      0.053    24.842 r  clipper_cdf_inst/cdf_wr_data_reg[7]_i_201/CO[3]
                         net (fo=1, routed)           0.000    24.842    clipper_cdf_inst/cdf_wr_data_reg[7]_i_201_n_0
    SLICE_X25Y55         CARRY4 (Prop_carry4_CI_CO[3])
                                                      0.053    24.895 r  clipper_cdf_inst/cdf_wr_data_reg[7]_i_96/CO[3]
                         net (fo=1, routed)           0.000    24.895    clipper_cdf_inst/cdf_wr_data_reg[7]_i_96_n_0
    SLICE_X25Y56         CARRY4 (Prop_carry4_CI_CO[1])
                                                      0.077    24.972 r  clipper_cdf_inst/cdf_wr_data_reg[7]_i_42/CO[1]
                         net (fo=20, routed)          0.485    25.457    clipper_cdf_inst/cdf_wr_data_reg[7]_i_327_0[13]
    SLICE_X26Y52         LUT3 (Prop_lut3_I0_O)        0.122    25.579 r  clipper_cdf_inst/cdf_wr_data[7]_i_457/O
                         net (fo=1, routed)           0.000    25.579    clipper_cdf_inst/cdf_wr_data[7]_i_457_n_0
    SLICE_X26Y52         CARRY4 (Prop_carry4_S[1]_CO[3])
                                                      0.256    25.835 r  clipper_cdf_inst/cdf_wr_data_reg[7]_i_339/CO[3]
                         net (fo=1, routed)           0.000    25.835    clipper_cdf_inst/cdf_wr_data_reg[7]_i_339_n_0
    SLICE_X26Y53         CARRY4 (Prop_carry4_CI_CO[3])
                                                      0.054    25.889 r  clipper_cdf_inst/cdf_wr_data_reg[7]_i_220/CO[3]
                         net (fo=1, routed)           0.000    25.889    clipper_cdf_inst/cdf_wr_data_reg[7]_i_220_n_0
    SLICE_X26Y54         CARRY4 (Prop_carry4_CI_CO[3])
                                                      0.054    25.943 r  clipper_cdf_inst/cdf_wr_data_reg[7]_i_116/CO[3]
                         net (fo=1, routed)           0.000    25.943    clipper_cdf_inst/cdf_wr_data_reg[7]_i_116_n_0
    SLICE_X26Y55         CARRY4 (Prop_carry4_CI_CO[3])
                                                      0.054    25.997 r  clipper_cdf_inst/cdf_wr_data_reg[7]_i_95/CO[3]
                         net (fo=1, routed)           0.000    25.997    clipper_cdf_inst/cdf_wr_data_reg[7]_i_95_n_0
    SLICE_X26Y56         CARRY4 (Prop_carry4_CI_CO[1])
                                                      0.076    26.073 r  clipper_cdf_inst/cdf_wr_data_reg[7]_i_39/CO[1]
                         net (fo=20, routed)          0.475    26.548    clipper_cdf_inst/cdf_wr_data_reg[7]_i_327_0[12]
    SLICE_X27Y52         LUT3 (Prop_lut3_I0_O)        0.124    26.672 r  clipper_cdf_inst/cdf_wr_data[7]_i_356/O
                         net (fo=1, routed)           0.000    26.672    clipper_cdf_inst/cdf_wr_data[7]_i_356_n_0
    SLICE_X27Y52         CARRY4 (Prop_carry4_S[1]_CO[3])
                                                      0.267    26.939 r  clipper_cdf_inst/cdf_wr_data_reg[7]_i_242/CO[3]
                         net (fo=1, routed)           0.000    26.939    clipper_cdf_inst/cdf_wr_data_reg[7]_i_242_n_0
    SLICE_X27Y53         CARRY4 (Prop_carry4_CI_CO[3])
                                                      0.053    26.992 r  clipper_cdf_inst/cdf_wr_data_reg[7]_i_215/CO[3]
                         net (fo=1, routed)           0.000    26.992    clipper_cdf_inst/cdf_wr_data_reg[7]_i_215_n_0
    SLICE_X27Y54         CARRY4 (Prop_carry4_CI_CO[3])
                                                      0.053    27.045 r  clipper_cdf_inst/cdf_wr_data_reg[7]_i_111/CO[3]
                         net (fo=1, routed)           0.000    27.045    clipper_cdf_inst/cdf_wr_data_reg[7]_i_111_n_0
    SLICE_X27Y55         CARRY4 (Prop_carry4_CI_CO[3])
                                                      0.053    27.098 r  clipper_cdf_inst/cdf_wr_data_reg[7]_i_47/CO[3]
                         net (fo=1, routed)           0.000    27.098    clipper_cdf_inst/cdf_wr_data_reg[7]_i_47_n_0
    SLICE_X27Y56         CARRY4 (Prop_carry4_CI_CO[1])
                                                      0.077    27.175 r  clipper_cdf_inst/cdf_wr_data_reg[7]_i_40/CO[1]
                         net (fo=20, routed)          0.439    27.614    clipper_cdf_inst/cdf_wr_data_reg[7]_i_327_0[11]
    SLICE_X28Y53         CARRY4 (Prop_carry4_CYINIT_CO[3])
                                                      0.366    27.980 r  clipper_cdf_inst/cdf_wr_data_reg[7]_i_142/CO[3]
                         net (fo=1, routed)           0.000    27.980    clipper_cdf_inst/cdf_wr_data_reg[7]_i_142_n_0
    SLICE_X28Y54         CARRY4 (Prop_carry4_CI_CO[3])
                                                      0.053    28.033 r  clipper_cdf_inst/cdf_wr_data_reg[7]_i_137/CO[3]
                         net (fo=1, routed)           0.000    28.033    clipper_cdf_inst/cdf_wr_data_reg[7]_i_137_n_0
    SLICE_X28Y55         CARRY4 (Prop_carry4_CI_CO[3])
                                                      0.053    28.086 r  clipper_cdf_inst/cdf_wr_data_reg[7]_i_106/CO[3]
                         net (fo=1, routed)           0.000    28.086    clipper_cdf_inst/cdf_wr_data_reg[7]_i_106_n_0
    SLICE_X28Y56         CARRY4 (Prop_carry4_CI_CO[3])
                                                      0.053    28.139 r  clipper_cdf_inst/cdf_wr_data_reg[7]_i_46/CO[3]
                         net (fo=1, routed)           0.000    28.139    clipper_cdf_inst/cdf_wr_data_reg[7]_i_46_n_0
    SLICE_X28Y57         CARRY4 (Prop_carry4_CI_CO[1])
                                                      0.077    28.216 r  clipper_cdf_inst/cdf_wr_data_reg[7]_i_16/CO[1]
                         net (fo=20, routed)          0.468    28.684    clipper_cdf_inst/cdf_wr_data_reg[7]_i_327_0[10]
    SLICE_X29Y54         LUT3 (Prop_lut3_I0_O)        0.122    28.806 r  clipper_cdf_inst/cdf_wr_data[7]_i_241/O
                         net (fo=1, routed)           0.000    28.806    clipper_cdf_inst/cdf_wr_data[7]_i_241_n_0
    SLICE_X29Y54         CARRY4 (Prop_carry4_S[1]_CO[3])
                                                      0.267    29.073 r  clipper_cdf_inst/cdf_wr_data_reg[7]_i_132/CO[3]
                         net (fo=1, routed)           0.000    29.073    clipper_cdf_inst/cdf_wr_data_reg[7]_i_132_n_0
    SLICE_X29Y55         CARRY4 (Prop_carry4_CI_CO[3])
                                                      0.053    29.126 r  clipper_cdf_inst/cdf_wr_data_reg[7]_i_68/CO[3]
                         net (fo=1, routed)           0.000    29.126    clipper_cdf_inst/cdf_wr_data_reg[7]_i_68_n_0
    SLICE_X29Y56         CARRY4 (Prop_carry4_CI_CO[3])
                                                      0.053    29.179 r  clipper_cdf_inst/cdf_wr_data_reg[7]_i_63/CO[3]
                         net (fo=1, routed)           0.000    29.179    clipper_cdf_inst/cdf_wr_data_reg[7]_i_63_n_0
    SLICE_X29Y57         CARRY4 (Prop_carry4_CI_CO[3])
                                                      0.053    29.232 r  clipper_cdf_inst/cdf_wr_data_reg[7]_i_43/CO[3]
                         net (fo=1, routed)           0.000    29.232    clipper_cdf_inst/cdf_wr_data_reg[7]_i_43_n_0
    SLICE_X29Y58         CARRY4 (Prop_carry4_CI_CO[1])
                                                      0.077    29.309 r  clipper_cdf_inst/cdf_wr_data_reg[7]_i_17/CO[1]
                         net (fo=20, routed)          0.596    29.905    clipper_cdf_inst/cdf_wr_data_reg[7]_i_327_0[9]
    SLICE_X30Y50         LUT3 (Prop_lut3_I0_O)        0.122    30.027 r  clipper_cdf_inst/cdf_wr_data[7]_i_238/O
                         net (fo=1, routed)           0.000    30.027    clipper_cdf_inst/cdf_wr_data[7]_i_238_n_0
    SLICE_X30Y50         CARRY4 (Prop_carry4_S[1]_CO[3])
                                                      0.256    30.283 r  clipper_cdf_inst/cdf_wr_data_reg[7]_i_127/CO[3]
                         net (fo=1, routed)           0.000    30.283    clipper_cdf_inst/cdf_wr_data_reg[7]_i_127_n_0
    SLICE_X30Y51         CARRY4 (Prop_carry4_CI_CO[3])
                                                      0.054    30.337 r  clipper_cdf_inst/cdf_wr_data_reg[7]_i_58/CO[3]
                         net (fo=1, routed)           0.000    30.337    clipper_cdf_inst/cdf_wr_data_reg[7]_i_58_n_0
    SLICE_X30Y52         CARRY4 (Prop_carry4_CI_CO[3])
                                                      0.054    30.391 r  clipper_cdf_inst/cdf_wr_data_reg[7]_i_28/CO[3]
                         net (fo=1, routed)           0.000    30.391    clipper_cdf_inst/cdf_wr_data_reg[7]_i_28_n_0
    SLICE_X30Y53         CARRY4 (Prop_carry4_CI_CO[3])
                                                      0.054    30.445 r  clipper_cdf_inst/cdf_wr_data_reg[7]_i_25/CO[3]
                         net (fo=1, routed)           0.000    30.445    clipper_cdf_inst/cdf_wr_data_reg[7]_i_25_n_0
    SLICE_X30Y54         CARRY4 (Prop_carry4_CI_CO[1])
                                                      0.076    30.521 r  clipper_cdf_inst/cdf_wr_data_reg[7]_i_15/CO[1]
                         net (fo=20, routed)          0.479    31.000    clipper_cdf_inst/cdf_wr_data_reg[7]_i_327_0[8]
    SLICE_X31Y51         LUT3 (Prop_lut3_I0_O)        0.124    31.124 r  clipper_cdf_inst/cdf_wr_data[7]_i_235/O
                         net (fo=1, routed)           0.000    31.124    clipper_cdf_inst/cdf_wr_data[7]_i_235_n_0
    SLICE_X31Y51         CARRY4 (Prop_carry4_S[1]_CO[3])
                                                      0.267    31.391 r  clipper_cdf_inst/cdf_wr_data_reg[7]_i_122/CO[3]
                         net (fo=1, routed)           0.000    31.391    clipper_cdf_inst/cdf_wr_data_reg[7]_i_122_n_0
    SLICE_X31Y52         CARRY4 (Prop_carry4_CI_CO[3])
                                                      0.053    31.444 r  clipper_cdf_inst/cdf_wr_data_reg[7]_i_53/CO[3]
                         net (fo=1, routed)           0.000    31.444    clipper_cdf_inst/cdf_wr_data_reg[7]_i_53_n_0
    SLICE_X31Y53         CARRY4 (Prop_carry4_CI_CO[3])
                                                      0.053    31.497 r  clipper_cdf_inst/cdf_wr_data_reg[7]_i_20/CO[3]
                         net (fo=1, routed)           0.000    31.497    clipper_cdf_inst/cdf_wr_data_reg[7]_i_20_n_0
    SLICE_X31Y54         CARRY4 (Prop_carry4_CI_CO[3])
                                                      0.053    31.550 r  clipper_cdf_inst/cdf_wr_data_reg[7]_i_10/CO[3]
                         net (fo=1, routed)           0.000    31.550    clipper_cdf_inst/cdf_wr_data_reg[7]_i_10_n_0
    SLICE_X31Y55         CARRY4 (Prop_carry4_CI_CO[1])
                                                      0.077    31.627 r  clipper_cdf_inst/cdf_wr_data_reg[7]_i_9/CO[1]
                         net (fo=20, routed)          0.320    31.948    clipper_cdf_inst/cdf_wr_data_reg[7]_i_327_0[7]
    SLICE_X32Y54         CARRY4 (Prop_carry4_CYINIT_CO[3])
                                                      0.376    32.324 r  clipper_cdf_inst/cdf_wr_data_reg[7]_i_121/CO[3]
                         net (fo=1, routed)           0.000    32.324    clipper_cdf_inst/cdf_wr_data_reg[7]_i_121_n_0
    SLICE_X32Y55         CARRY4 (Prop_carry4_CI_CO[3])
                                                      0.054    32.378 r  clipper_cdf_inst/cdf_wr_data_reg[7]_i_52/CO[3]
                         net (fo=1, routed)           0.000    32.378    clipper_cdf_inst/cdf_wr_data_reg[7]_i_52_n_0
    SLICE_X32Y56         CARRY4 (Prop_carry4_CI_CO[3])
                                                      0.054    32.432 r  clipper_cdf_inst/cdf_wr_data_reg[7]_i_19/CO[3]
                         net (fo=1, routed)           0.000    32.432    clipper_cdf_inst/cdf_wr_data_reg[7]_i_19_n_0
    SLICE_X32Y57         CARRY4 (Prop_carry4_CI_CO[3])
                                                      0.054    32.486 r  clipper_cdf_inst/cdf_wr_data_reg[7]_i_8/CO[3]
                         net (fo=1, routed)           0.000    32.486    clipper_cdf_inst/cdf_wr_data_reg[7]_i_8_n_0
    SLICE_X32Y58         CARRY4 (Prop_carry4_CI_CO[1])
                                                      0.076    32.562 r  clipper_cdf_inst/cdf_wr_data_reg[7]_i_4/CO[1]
                         net (fo=20, routed)          0.463    33.024    clipper_cdf_inst/cdf_wr_data_reg[7]_i_327_0[6]
    SLICE_X30Y55         LUT3 (Prop_lut3_I0_O)        0.124    33.148 r  clipper_cdf_inst/cdf_wr_data[6]_i_23/O
                         net (fo=1, routed)           0.000    33.148    clipper_cdf_inst/cdf_wr_data[6]_i_23_n_0
    SLICE_X30Y55         CARRY4 (Prop_carry4_S[1]_CO[3])
                                                      0.256    33.404 r  clipper_cdf_inst/cdf_wr_data_reg[6]_i_16/CO[3]
                         net (fo=1, routed)           0.000    33.404    clipper_cdf_inst/cdf_wr_data_reg[6]_i_16_n_0
    SLICE_X30Y56         CARRY4 (Prop_carry4_CI_CO[3])
                                                      0.054    33.458 r  clipper_cdf_inst/cdf_wr_data_reg[6]_i_11/CO[3]
                         net (fo=1, routed)           0.000    33.458    clipper_cdf_inst/cdf_wr_data_reg[6]_i_11_n_0
    SLICE_X30Y57         CARRY4 (Prop_carry4_CI_CO[3])
                                                      0.054    33.512 r  clipper_cdf_inst/cdf_wr_data_reg[6]_i_6/CO[3]
                         net (fo=1, routed)           0.000    33.512    clipper_cdf_inst/cdf_wr_data_reg[6]_i_6_n_0
    SLICE_X30Y58         CARRY4 (Prop_carry4_CI_CO[3])
                                                      0.054    33.566 r  clipper_cdf_inst/cdf_wr_data_reg[6]_i_3/CO[3]
                         net (fo=1, routed)           0.000    33.566    clipper_cdf_inst/cdf_wr_data_reg[6]_i_3_n_0
    SLICE_X30Y59         CARRY4 (Prop_carry4_CI_CO[1])
                                                      0.076    33.642 r  clipper_cdf_inst/cdf_wr_data_reg[6]_i_2/CO[1]
                         net (fo=20, routed)          0.470    34.113    clipper_cdf_inst/cdf_wr_data_reg[7]_i_327_0[5]
    SLICE_X26Y58         CARRY4 (Prop_carry4_CYINIT_CO[3])
                                                      0.378    34.491 r  clipper_cdf_inst/cdf_wr_data_reg[5]_i_16/CO[3]
                         net (fo=1, routed)           0.000    34.491    clipper_cdf_inst/cdf_wr_data_reg[5]_i_16_n_0
    SLICE_X26Y59         CARRY4 (Prop_carry4_CI_CO[3])
                                                      0.054    34.545 r  clipper_cdf_inst/cdf_wr_data_reg[5]_i_11/CO[3]
                         net (fo=1, routed)           0.000    34.545    clipper_cdf_inst/cdf_wr_data_reg[5]_i_11_n_0
    SLICE_X26Y60         CARRY4 (Prop_carry4_CI_CO[3])
                                                      0.054    34.599 r  clipper_cdf_inst/cdf_wr_data_reg[5]_i_6/CO[3]
                         net (fo=1, routed)           0.000    34.599    clipper_cdf_inst/cdf_wr_data_reg[5]_i_6_n_0
    SLICE_X26Y61         CARRY4 (Prop_carry4_CI_CO[3])
                                                      0.054    34.653 r  clipper_cdf_inst/cdf_wr_data_reg[5]_i_3/CO[3]
                         net (fo=1, routed)           0.000    34.653    clipper_cdf_inst/cdf_wr_data_reg[5]_i_3_n_0
    SLICE_X26Y62         CARRY4 (Prop_carry4_CI_CO[1])
                                                      0.076    34.729 r  clipper_cdf_inst/cdf_wr_data_reg[5]_i_2/CO[1]
                         net (fo=20, routed)          0.439    35.168    clipper_cdf_inst/cdf_wr_data_reg[7]_i_327_0[4]
    SLICE_X27Y59         LUT3 (Prop_lut3_I0_O)        0.124    35.292 r  clipper_cdf_inst/cdf_wr_data[4]_i_23/O
                         net (fo=1, routed)           0.000    35.292    clipper_cdf_inst/cdf_wr_data[4]_i_23_n_0
    SLICE_X27Y59         CARRY4 (Prop_carry4_S[1]_CO[3])
                                                      0.267    35.559 r  clipper_cdf_inst/cdf_wr_data_reg[4]_i_16/CO[3]
                         net (fo=1, routed)           0.000    35.559    clipper_cdf_inst/cdf_wr_data_reg[4]_i_16_n_0
    SLICE_X27Y60         CARRY4 (Prop_carry4_CI_CO[3])
                                                      0.053    35.612 r  clipper_cdf_inst/cdf_wr_data_reg[4]_i_11/CO[3]
                         net (fo=1, routed)           0.000    35.612    clipper_cdf_inst/cdf_wr_data_reg[4]_i_11_n_0
    SLICE_X27Y61         CARRY4 (Prop_carry4_CI_CO[3])
                                                      0.053    35.665 r  clipper_cdf_inst/cdf_wr_data_reg[4]_i_6/CO[3]
                         net (fo=1, routed)           0.000    35.665    clipper_cdf_inst/cdf_wr_data_reg[4]_i_6_n_0
    SLICE_X27Y62         CARRY4 (Prop_carry4_CI_CO[3])
                                                      0.053    35.718 r  clipper_cdf_inst/cdf_wr_data_reg[4]_i_3/CO[3]
                         net (fo=1, routed)           0.000    35.718    clipper_cdf_inst/cdf_wr_data_reg[4]_i_3_n_0
    SLICE_X27Y63         CARRY4 (Prop_carry4_CI_CO[1])
                                                      0.077    35.795 r  clipper_cdf_inst/cdf_wr_data_reg[4]_i_2/CO[1]
                         net (fo=20, routed)          0.513    36.308    clipper_cdf_inst/cdf_wr_data_reg[7]_i_327_0[3]
    SLICE_X28Y59         CARRY4 (Prop_carry4_CYINIT_CO[3])
                                                      0.366    36.674 r  clipper_cdf_inst/cdf_wr_data_reg[3]_i_16/CO[3]
                         net (fo=1, routed)           0.000    36.674    clipper_cdf_inst/cdf_wr_data_reg[3]_i_16_n_0
    SLICE_X28Y60         CARRY4 (Prop_carry4_CI_CO[3])
                                                      0.053    36.727 r  clipper_cdf_inst/cdf_wr_data_reg[3]_i_11/CO[3]
                         net (fo=1, routed)           0.000    36.727    clipper_cdf_inst/cdf_wr_data_reg[3]_i_11_n_0
    SLICE_X28Y61         CARRY4 (Prop_carry4_CI_CO[3])
                                                      0.053    36.780 r  clipper_cdf_inst/cdf_wr_data_reg[3]_i_6/CO[3]
                         net (fo=1, routed)           0.000    36.780    clipper_cdf_inst/cdf_wr_data_reg[3]_i_6_n_0
    SLICE_X28Y62         CARRY4 (Prop_carry4_CI_CO[3])
                                                      0.053    36.833 r  clipper_cdf_inst/cdf_wr_data_reg[3]_i_3/CO[3]
                         net (fo=1, routed)           0.000    36.833    clipper_cdf_inst/cdf_wr_data_reg[3]_i_3_n_0
    SLICE_X28Y63         CARRY4 (Prop_carry4_CI_CO[1])
                                                      0.077    36.910 r  clipper_cdf_inst/cdf_wr_data_reg[3]_i_2/CO[1]
                         net (fo=20, routed)          0.485    37.395    clipper_cdf_inst/cdf_wr_data_reg[7]_i_327_0[2]
    SLICE_X25Y60         CARRY4 (Prop_carry4_CYINIT_CO[3])
                                                      0.366    37.761 r  clipper_cdf_inst/cdf_wr_data_reg[2]_i_16/CO[3]
                         net (fo=1, routed)           0.000    37.761    clipper_cdf_inst/cdf_wr_data_reg[2]_i_16_n_0
    SLICE_X25Y61         CARRY4 (Prop_carry4_CI_CO[3])
                                                      0.053    37.814 r  clipper_cdf_inst/cdf_wr_data_reg[2]_i_11/CO[3]
                         net (fo=1, routed)           0.000    37.814    clipper_cdf_inst/cdf_wr_data_reg[2]_i_11_n_0
    SLICE_X25Y62         CARRY4 (Prop_carry4_CI_CO[3])
                                                      0.053    37.867 r  clipper_cdf_inst/cdf_wr_data_reg[2]_i_6/CO[3]
                         net (fo=1, routed)           0.000    37.867    clipper_cdf_inst/cdf_wr_data_reg[2]_i_6_n_0
    SLICE_X25Y63         CARRY4 (Prop_carry4_CI_CO[3])
                                                      0.053    37.920 r  clipper_cdf_inst/cdf_wr_data_reg[2]_i_3/CO[3]
                         net (fo=1, routed)           0.000    37.920    clipper_cdf_inst/cdf_wr_data_reg[2]_i_3_n_0
    SLICE_X25Y64         CARRY4 (Prop_carry4_CI_CO[1])
                                                      0.077    37.997 r  clipper_cdf_inst/cdf_wr_data_reg[2]_i_2/CO[1]
                         net (fo=20, routed)          0.547    38.544    clipper_cdf_inst/cdf_wr_data_reg[7]_i_327_0[1]
    SLICE_X30Y60         LUT3 (Prop_lut3_I0_O)        0.122    38.666 r  clipper_cdf_inst/cdf_wr_data[1]_i_23/O
                         net (fo=1, routed)           0.000    38.666    clipper_cdf_inst/cdf_wr_data[1]_i_23_n_0
    SLICE_X30Y60         CARRY4 (Prop_carry4_S[1]_CO[3])
                                                      0.256    38.922 r  clipper_cdf_inst/cdf_wr_data_reg[1]_i_16/CO[3]
                         net (fo=1, routed)           0.000    38.922    clipper_cdf_inst/cdf_wr_data_reg[1]_i_16_n_0
    SLICE_X30Y61         CARRY4 (Prop_carry4_CI_CO[3])
                                                      0.054    38.976 r  clipper_cdf_inst/cdf_wr_data_reg[1]_i_11/CO[3]
                         net (fo=1, routed)           0.000    38.976    clipper_cdf_inst/cdf_wr_data_reg[1]_i_11_n_0
    SLICE_X30Y62         CARRY4 (Prop_carry4_CI_CO[3])
                                                      0.054    39.030 r  clipper_cdf_inst/cdf_wr_data_reg[1]_i_6/CO[3]
                         net (fo=1, routed)           0.000    39.030    clipper_cdf_inst/cdf_wr_data_reg[1]_i_6_n_0
    SLICE_X30Y63         CARRY4 (Prop_carry4_CI_CO[3])
                                                      0.054    39.084 r  clipper_cdf_inst/cdf_wr_data_reg[1]_i_3/CO[3]
                         net (fo=1, routed)           0.000    39.084    clipper_cdf_inst/cdf_wr_data_reg[1]_i_3_n_0
    SLICE_X30Y64         CARRY4 (Prop_carry4_CI_CO[1])
                                                      0.076    39.160 r  clipper_cdf_inst/cdf_wr_data_reg[1]_i_2/CO[1]
                         net (fo=20, routed)          0.211    39.371    clipper_cdf_inst/cdf_wr_data_reg[7]_i_327_0[0]
    SLICE_X30Y65         LUT3 (Prop_lut3_I2_O)        0.124    39.495 r  clipper_cdf_inst/cdf_wr_data[1]_i_1/O
                         net (fo=1, routed)           0.000    39.495    clipper_cdf_inst/norm_saturated[1]
    SLICE_X30Y65         FDCE                                         r  clipper_cdf_inst/cdf_wr_data_reg[1]/D
  -------------------------------------------------------------------    -------------------

                         (clock pclk rise edge)      13.500    13.500 r  
    AU28                                              0.000    13.500 r  pclk (IN)
                         net (fo=0)                   0.000    13.500    pclk
    AU28                 IBUF (Prop_ibuf_I_O)         0.521    14.021 r  pclk_IBUF_inst/O
                         net (fo=1, routed)           2.145    16.166    pclk_IBUF
    BUFGCTRL_X0Y0        BUFG (Prop_bufg_I_O)         0.083    16.249 r  pclk_IBUF_BUFG_inst/O
                         net (fo=916, routed)         1.768    18.017    clipper_cdf_inst/pclk_IBUF_BUFG
    SLICE_X30Y65         FDCE                                         r  clipper_cdf_inst/cdf_wr_data_reg[1]/C
                         clock pessimism              0.262    18.280    
                         clock uncertainty           -0.035    18.244    
    SLICE_X30Y65         FDCE (Setup_fdce_C_D)        0.065    18.309    clipper_cdf_inst/cdf_wr_data_reg[1]
  -------------------------------------------------------------------
                         required time                         18.309    
                         arrival time                         -39.495    
  -------------------------------------------------------------------
                         slack                                -21.185    

Slack (VIOLATED) :        -20.045ns  (required time - arrival time)
  Source:                 clipper_cdf_inst/cdf_range_reg[3]/C
                            (rising edge-triggered cell FDCE clocked by pclk  {rise@0.000ns fall@6.750ns period=13.500ns})
  Destination:            clipper_cdf_inst/cdf_wr_data_reg[2]/D
                            (rising edge-triggered cell FDCE clocked by pclk  {rise@0.000ns fall@6.750ns period=13.500ns})
  Path Group:             pclk
  Path Type:              Setup (Max at Slow Process Corner)
  Requirement:            13.500ns  (pclk rise@13.500ns - pclk rise@0.000ns)
  Data Path Delay:        33.322ns  (logic 18.729ns (56.206%)  route 14.593ns (43.794%))
  Logic Levels:           173  (CARRY4=149 LUT1=1 LUT2=7 LUT3=16)
  Clock Path Skew:        -0.246ns (DCD - SCD + CPR)
    Destination Clock Delay (DCD):    4.571ns = ( 18.071 - 13.500 ) 
    Source Clock Delay      (SCD):    5.080ns
    Clock Pessimism Removal (CPR):    0.262ns
  Clock Uncertainty:      0.035ns  ((TSJ^2 + TIJ^2)^1/2 + DJ) / 2 + PE
    Total System Jitter     (TSJ):    0.071ns
    Total Input Jitter      (TIJ):    0.000ns
    Discrete Jitter          (DJ):    0.000ns
    Phase Error              (PE):    0.000ns

    Location             Delay type                Incr(ns)  Path(ns)    Netlist Resource(s)
  -------------------------------------------------------------------    -------------------
                         (clock pclk rise edge)       0.000     0.000 r  
    AU28                                              0.000     0.000 r  pclk (IN)
                         net (fo=0)                   0.000     0.000    pclk
    AU28                 IBUF (Prop_ibuf_I_O)         0.628     0.628 r  pclk_IBUF_inst/O
                         net (fo=1, routed)           2.272     2.900    pclk_IBUF
    BUFGCTRL_X0Y0        BUFG (Prop_bufg_I_O)         0.093     2.993 r  pclk_IBUF_BUFG_inst/O
                         net (fo=916, routed)         2.087     5.080    clipper_cdf_inst/pclk_IBUF_BUFG
    SLICE_X30Y41         FDCE                                         r  clipper_cdf_inst/cdf_range_reg[3]/C
  -------------------------------------------------------------------    -------------------
    SLICE_X30Y41         FDCE (Prop_fdce_C_Q)         0.259     5.339 f  clipper_cdf_inst/cdf_range_reg[3]/Q
                         net (fo=34, routed)          0.366     5.705    clipper_cdf_inst/cdf_range[3]
    SLICE_X31Y40         LUT1 (Prop_lut1_I0_O)        0.043     5.748 r  clipper_cdf_inst/cdf_wr_data[7]_i_581/O
                         net (fo=1, routed)           0.000     5.748    clipper_cdf_inst/cdf_wr_data[7]_i_581_n_0
    SLICE_X31Y40         CARRY4 (Prop_carry4_S[3]_CO[3])
                                                      0.193     5.941 r  clipper_cdf_inst/cdf_wr_data_reg[7]_i_528/CO[3]
                         net (fo=1, routed)           0.000     5.941    clipper_cdf_inst/cdf_wr_data_reg[7]_i_528_n_0
    SLICE_X31Y41         CARRY4 (Prop_carry4_CI_CO[3])
                                                      0.053     5.994 r  clipper_cdf_inst/cdf_wr_data_reg[7]_i_523/CO[3]
                         net (fo=1, routed)           0.000     5.994    clipper_cdf_inst/cdf_wr_data_reg[7]_i_523_n_0
    SLICE_X31Y42         CARRY4 (Prop_carry4_CI_CO[3])
                                                      0.053     6.047 r  clipper_cdf_inst/cdf_wr_data_reg[7]_i_438/CO[3]
                         net (fo=1, routed)           0.000     6.047    clipper_cdf_inst/cdf_wr_data_reg[7]_i_438_n_0
    SLICE_X31Y43         CARRY4 (Prop_carry4_CI_CO[3])
                                                      0.053     6.100 r  clipper_cdf_inst/cdf_wr_data_reg[7]_i_327/CO[3]
                         net (fo=1, routed)           0.000     6.100    clipper_cdf_inst/cdf_wr_data_reg[7]_i_327_n_0
    SLICE_X31Y44         CARRY4 (Prop_carry4_CI_CO[0])
                                                      0.139     6.239 r  clipper_cdf_inst/cdf_wr_data_reg[7]_i_199/CO[0]
                         net (fo=21, routed)          0.568     6.807    clipper_cdf_inst/cdf_wr_data_reg[7]_i_327_0[30]
    SLICE_X30Y39         LUT2 (Prop_lut2_I1_O)        0.131     6.938 r  clipper_cdf_inst/cdf_wr_data[7]_i_568/O
                         net (fo=1, routed)           0.000     6.938    clipper_cdf_inst/cdf_wr_data[7]_i_568_n_0
    SLICE_X30Y39         CARRY4 (Prop_carry4_S[1]_CO[3])
                                                      0.256     7.194 r  clipper_cdf_inst/cdf_wr_data_reg[7]_i_518/CO[3]
                         net (fo=1, routed)           0.000     7.194    clipper_cdf_inst/cdf_wr_data_reg[7]_i_518_n_0
    SLICE_X30Y40         CARRY4 (Prop_carry4_CI_CO[3])
                                                      0.054     7.248 r  clipper_cdf_inst/cdf_wr_data_reg[7]_i_433/CO[3]
                         net (fo=1, routed)           0.000     7.248    clipper_cdf_inst/cdf_wr_data_reg[7]_i_433_n_0
    SLICE_X30Y41         CARRY4 (Prop_carry4_CI_CO[3])
                                                      0.054     7.302 r  clipper_cdf_inst/cdf_wr_data_reg[7]_i_428/CO[3]
                         net (fo=1, routed)           0.000     7.302    clipper_cdf_inst/cdf_wr_data_reg[7]_i_428_n_0
    SLICE_X30Y42         CARRY4 (Prop_carry4_CI_CO[3])
                                                      0.054     7.356 r  clipper_cdf_inst/cdf_wr_data_reg[7]_i_324/CO[3]
                         net (fo=1, routed)           0.000     7.356    clipper_cdf_inst/cdf_wr_data_reg[7]_i_324_n_0
    SLICE_X30Y43         CARRY4 (Prop_carry4_CI_CO[1])
                                                      0.076     7.432 r  clipper_cdf_inst/cdf_wr_data_reg[7]_i_200/CO[1]
                         net (fo=21, routed)          0.578     8.010    clipper_cdf_inst/cdf_wr_data_reg[7]_i_327_0[29]
    SLICE_X29Y41         LUT2 (Prop_lut2_I1_O)        0.124     8.134 r  clipper_cdf_inst/cdf_wr_data[7]_i_564/O
                         net (fo=1, routed)           0.000     8.134    clipper_cdf_inst/cdf_wr_data[7]_i_564_n_0
    SLICE_X29Y41         CARRY4 (Prop_carry4_S[1]_CO[3])
                                                      0.267     8.401 r  clipper_cdf_inst/cdf_wr_data_reg[7]_i_513/CO[3]
                         net (fo=1, routed)           0.000     8.401    clipper_cdf_inst/cdf_wr_data_reg[7]_i_513_n_0
    SLICE_X29Y42         CARRY4 (Prop_carry4_CI_CO[3])
                                                      0.053     8.454 r  clipper_cdf_inst/cdf_wr_data_reg[7]_i_423/CO[3]
                         net (fo=1, routed)           0.000     8.454    clipper_cdf_inst/cdf_wr_data_reg[7]_i_423_n_0
    SLICE_X29Y43         CARRY4 (Prop_carry4_CI_CO[3])
                                                      0.053     8.507 r  clipper_cdf_inst/cdf_wr_data_reg[7]_i_315/CO[3]
                         net (fo=1, routed)           0.000     8.507    clipper_cdf_inst/cdf_wr_data_reg[7]_i_315_n_0
    SLICE_X29Y44         CARRY4 (Prop_carry4_CI_CO[3])
                                                      0.053     8.560 r  clipper_cdf_inst/cdf_wr_data_reg[7]_i_312/CO[3]
                         net (fo=1, routed)           0.000     8.560    clipper_cdf_inst/cdf_wr_data_reg[7]_i_312_n_0
    SLICE_X29Y45         CARRY4 (Prop_carry4_CI_CO[1])
                                                      0.077     8.637 r  clipper_cdf_inst/cdf_wr_data_reg[7]_i_198/CO[1]
                         net (fo=21, routed)          0.637     9.274    clipper_cdf_inst/cdf_wr_data_reg[7]_i_327_0[28]
    SLICE_X29Y36         LUT2 (Prop_lut2_I1_O)        0.122     9.396 r  clipper_cdf_inst/cdf_wr_data[7]_i_560/O
                         net (fo=1, routed)           0.000     9.396    clipper_cdf_inst/cdf_wr_data[7]_i_560_n_0
    SLICE_X29Y36         CARRY4 (Prop_carry4_S[1]_CO[3])
                                                      0.267     9.663 r  clipper_cdf_inst/cdf_wr_data_reg[7]_i_508/CO[3]
                         net (fo=1, routed)           0.000     9.663    clipper_cdf_inst/cdf_wr_data_reg[7]_i_508_n_0
    SLICE_X29Y37         CARRY4 (Prop_carry4_CI_CO[3])
                                                      0.053     9.716 r  clipper_cdf_inst/cdf_wr_data_reg[7]_i_418/CO[3]
                         net (fo=1, routed)           0.000     9.716    clipper_cdf_inst/cdf_wr_data_reg[7]_i_418_n_0
    SLICE_X29Y38         CARRY4 (Prop_carry4_CI_CO[3])
                                                      0.053     9.769 r  clipper_cdf_inst/cdf_wr_data_reg[7]_i_307/CO[3]
                         net (fo=1, routed)           0.000     9.769    clipper_cdf_inst/cdf_wr_data_reg[7]_i_307_n_0
    SLICE_X29Y39         CARRY4 (Prop_carry4_CI_CO[3])
                                                      0.053     9.822 r  clipper_cdf_inst/cdf_wr_data_reg[7]_i_190/CO[3]
                         net (fo=1, routed)           0.000     9.822    clipper_cdf_inst/cdf_wr_data_reg[7]_i_190_n_0
    SLICE_X29Y40         CARRY4 (Prop_carry4_CI_CO[1])
                                                      0.077     9.899 r  clipper_cdf_inst/cdf_wr_data_reg[7]_i_189/CO[1]
                         net (fo=21, routed)          0.372    10.271    clipper_cdf_inst/cdf_wr_data_reg[7]_i_327_0[27]
    SLICE_X28Y38         LUT2 (Prop_lut2_I1_O)        0.122    10.393 r  clipper_cdf_inst/cdf_wr_data[7]_i_556/O
                         net (fo=1, routed)           0.000    10.393    clipper_cdf_inst/cdf_wr_data[7]_i_556_n_0
    SLICE_X28Y38         CARRY4 (Prop_carry4_S[1]_CO[3])
                                                      0.267    10.660 r  clipper_cdf_inst/cdf_wr_data_reg[7]_i_479/CO[3]
                         net (fo=1, routed)           0.000    10.660    clipper_cdf_inst/cdf_wr_data_reg[7]_i_479_n_0
    SLICE_X28Y39         CARRY4 (Prop_carry4_CI_CO[3])
                                                      0.053    10.713 r  clipper_cdf_inst/cdf_wr_data_reg[7]_i_413/CO[3]
                         net (fo=1, routed)           0.000    10.713    clipper_cdf_inst/cdf_wr_data_reg[7]_i_413_n_0
    SLICE_X28Y40         CARRY4 (Prop_carry4_CI_CO[3])
                                                      0.053    10.766 r  clipper_cdf_inst/cdf_wr_data_reg[7]_i_302/CO[3]
                         net (fo=1, routed)           0.000    10.766    clipper_cdf_inst/cdf_wr_data_reg[7]_i_302_n_0
    SLICE_X28Y41         CARRY4 (Prop_carry4_CI_CO[3])
                                                      0.053    10.819 r  clipper_cdf_inst/cdf_wr_data_reg[7]_i_186/CO[3]
                         net (fo=1, routed)           0.000    10.819    clipper_cdf_inst/cdf_wr_data_reg[7]_i_186_n_0
    SLICE_X28Y42         CARRY4 (Prop_carry4_CI_CO[1])
                                                      0.077    10.896 r  clipper_cdf_inst/cdf_wr_data_reg[7]_i_91/CO[1]
                         net (fo=21, routed)          0.459    11.355    clipper_cdf_inst/cdf_wr_data_reg[7]_i_327_0[26]
    SLICE_X26Y40         LUT2 (Prop_lut2_I1_O)        0.122    11.477 r  clipper_cdf_inst/cdf_wr_data[7]_i_552/O
                         net (fo=1, routed)           0.000    11.477    clipper_cdf_inst/cdf_wr_data[7]_i_552_n_0
    SLICE_X26Y40         CARRY4 (Prop_carry4_S[1]_CO[3])
                                                      0.256    11.733 r  clipper_cdf_inst/cdf_wr_data_reg[7]_i_474/CO[3]
                         net (fo=1, routed)           0.000    11.733    clipper_cdf_inst/cdf_wr_data_reg[7]_i_474_n_0
    SLICE_X26Y41         CARRY4 (Prop_carry4_CI_CO[3])
                                                      0.054    11.787 r  clipper_cdf_inst/cdf_wr_data_reg[7]_i_372/CO[3]
                         net (fo=1, routed)           0.000    11.787    clipper_cdf_inst/cdf_wr_data_reg[7]_i_372_n_0
    SLICE_X26Y42         CARRY4 (Prop_carry4_CI_CO[3])
                                                      0.054    11.841 r  clipper_cdf_inst/cdf_wr_data_reg[7]_i_301/CO[3]
                         net (fo=1, routed)           0.000    11.841    clipper_cdf_inst/cdf_wr_data_reg[7]_i_301_n_0
    SLICE_X26Y43         CARRY4 (Prop_carry4_CI_CO[3])
                                                      0.054    11.895 r  clipper_cdf_inst/cdf_wr_data_reg[7]_i_185/CO[3]
                         net (fo=1, routed)           0.000    11.895    clipper_cdf_inst/cdf_wr_data_reg[7]_i_185_n_0
    SLICE_X26Y44         CARRY4 (Prop_carry4_CI_CO[1])
                                                      0.076    11.971 r  clipper_cdf_inst/cdf_wr_data_reg[7]_i_90/CO[1]
                         net (fo=21, routed)          0.447    12.418    clipper_cdf_inst/cdf_wr_data_reg[7]_i_327_0[25]
    SLICE_X25Y42         LUT2 (Prop_lut2_I1_O)        0.124    12.542 r  clipper_cdf_inst/cdf_wr_data[7]_i_548/O
                         net (fo=1, routed)           0.000    12.542    clipper_cdf_inst/cdf_wr_data[7]_i_548_n_0
    SLICE_X25Y42         CARRY4 (Prop_carry4_S[1]_CO[3])
                                                      0.267    12.809 r  clipper_cdf_inst/cdf_wr_data_reg[7]_i_469/CO[3]
                         net (fo=1, routed)           0.000    12.809    clipper_cdf_inst/cdf_wr_data_reg[7]_i_469_n_0
    SLICE_X25Y43         CARRY4 (Prop_carry4_CI_CO[3])
                                                      0.053    12.862 r  clipper_cdf_inst/cdf_wr_data_reg[7]_i_367/CO[3]
                         net (fo=1, routed)           0.000    12.862    clipper_cdf_inst/cdf_wr_data_reg[7]_i_367_n_0
    SLICE_X25Y44         CARRY4 (Prop_carry4_CI_CO[3])
                                                      0.053    12.915 r  clipper_cdf_inst/cdf_wr_data_reg[7]_i_265/CO[3]
                         net (fo=1, routed)           0.000    12.915    clipper_cdf_inst/cdf_wr_data_reg[7]_i_265_n_0
    SLICE_X25Y45         CARRY4 (Prop_carry4_CI_CO[3])
                                                      0.053    12.968 r  clipper_cdf_inst/cdf_wr_data_reg[7]_i_193/CO[3]
                         net (fo=1, routed)           0.000    12.968    clipper_cdf_inst/cdf_wr_data_reg[7]_i_193_n_0
    SLICE_X25Y46         CARRY4 (Prop_carry4_CI_CO[1])
                                                      0.077    13.045 r  clipper_cdf_inst/cdf_wr_data_reg[7]_i_93/CO[1]
                         net (fo=21, routed)          0.554    13.599    clipper_cdf_inst/cdf_wr_data_reg[7]_i_327_0[24]
    SLICE_X28Y43         LUT2 (Prop_lut2_I1_O)        0.122    13.721 r  clipper_cdf_inst/cdf_wr_data[7]_i_544/O
                         net (fo=1, routed)           0.000    13.721    clipper_cdf_inst/cdf_wr_data[7]_i_544_n_0
    SLICE_X28Y43         CARRY4 (Prop_carry4_S[1]_CO[3])
                                                      0.267    13.988 r  clipper_cdf_inst/cdf_wr_data_reg[7]_i_464/CO[3]
                         net (fo=1, routed)           0.000    13.988    clipper_cdf_inst/cdf_wr_data_reg[7]_i_464_n_0
    SLICE_X28Y44         CARRY4 (Prop_carry4_CI_CO[3])
                                                      0.053    14.041 r  clipper_cdf_inst/cdf_wr_data_reg[7]_i_362/CO[3]
                         net (fo=1, routed)           0.000    14.041    clipper_cdf_inst/cdf_wr_data_reg[7]_i_362_n_0
    SLICE_X28Y45         CARRY4 (Prop_carry4_CI_CO[3])
                                                      0.053    14.094 r  clipper_cdf_inst/cdf_wr_data_reg[7]_i_260/CO[3]
                         net (fo=1, routed)           0.000    14.094    clipper_cdf_inst/cdf_wr_data_reg[7]_i_260_n_0
    SLICE_X28Y46         CARRY4 (Prop_carry4_CI_CO[3])
                                                      0.053    14.147 r  clipper_cdf_inst/cdf_wr_data_reg[7]_i_154/CO[3]
                         net (fo=1, routed)           0.000    14.147    clipper_cdf_inst/cdf_wr_data_reg[7]_i_154_n_0
    SLICE_X28Y47         CARRY4 (Prop_carry4_CI_CO[1])
                                                      0.077    14.224 r  clipper_cdf_inst/cdf_wr_data_reg[7]_i_92/CO[1]
                         net (fo=20, routed)          0.615    14.839    clipper_cdf_inst/cdf_wr_data_reg[7]_i_327_0[23]
    SLICE_X30Y44         LUT3 (Prop_lut3_I0_O)        0.122    14.961 r  clipper_cdf_inst/cdf_wr_data[7]_i_505/O
                         net (fo=1, routed)           0.000    14.961    clipper_cdf_inst/cdf_wr_data[7]_i_505_n_0
    SLICE_X30Y44         CARRY4 (Prop_carry4_S[3]_CO[3])
                                                      0.180    15.141 r  clipper_cdf_inst/cdf_wr_data_reg[7]_i_408/CO[3]
                         net (fo=1, routed)           0.000    15.141    clipper_cdf_inst/cdf_wr_data_reg[7]_i_408_n_0
    SLICE_X30Y45         CARRY4 (Prop_carry4_CI_CO[3])
                                                      0.054    15.195 r  clipper_cdf_inst/cdf_wr_data_reg[7]_i_357/CO[3]
                         net (fo=1, routed)           0.000    15.195    clipper_cdf_inst/cdf_wr_data_reg[7]_i_357_n_0
    SLICE_X30Y46         CARRY4 (Prop_carry4_CI_CO[3])
                                                      0.054    15.249 r  clipper_cdf_inst/cdf_wr_data_reg[7]_i_255/CO[3]
                         net (fo=1, routed)           0.000    15.249    clipper_cdf_inst/cdf_wr_data_reg[7]_i_255_n_0
    SLICE_X30Y47         CARRY4 (Prop_carry4_CI_CO[3])
                                                      0.054    15.303 r  clipper_cdf_inst/cdf_wr_data_reg[7]_i_153/CO[3]
                         net (fo=1, routed)           0.000    15.303    clipper_cdf_inst/cdf_wr_data_reg[7]_i_153_n_0
    SLICE_X30Y48         CARRY4 (Prop_carry4_CI_CO[1])
                                                      0.076    15.379 r  clipper_cdf_inst/cdf_wr_data_reg[7]_i_75/CO[1]
                         net (fo=20, routed)          0.466    15.845    clipper_cdf_inst/cdf_wr_data_reg[7]_i_327_0[22]
    SLICE_X31Y45         LUT3 (Prop_lut3_I0_O)        0.124    15.969 r  clipper_cdf_inst/cdf_wr_data[7]_i_504/O
                         net (fo=1, routed)           0.000    15.969    clipper_cdf_inst/cdf_wr_data[7]_i_504_n_0
    SLICE_X31Y45         CARRY4 (Prop_carry4_S[1]_CO[3])
                                                      0.267    16.236 r  clipper_cdf_inst/cdf_wr_data_reg[7]_i_403/CO[3]
                         net (fo=1, routed)           0.000    16.236    clipper_cdf_inst/cdf_wr_data_reg[7]_i_403_n_0
    SLICE_X31Y46         CARRY4 (Prop_carry4_CI_CO[3])
                                                      0.053    16.289 r  clipper_cdf_inst/cdf_wr_data_reg[7]_i_296/CO[3]
                         net (fo=1, routed)           0.000    16.289    clipper_cdf_inst/cdf_wr_data_reg[7]_i_296_n_0
    SLICE_X31Y47         CARRY4 (Prop_carry4_CI_CO[3])
                                                      0.053    16.342 r  clipper_cdf_inst/cdf_wr_data_reg[7]_i_250/CO[3]
                         net (fo=1, routed)           0.000    16.342    clipper_cdf_inst/cdf_wr_data_reg[7]_i_250_n_0
    SLICE_X31Y48         CARRY4 (Prop_carry4_CI_CO[3])
                                                      0.053    16.395 r  clipper_cdf_inst/cdf_wr_data_reg[7]_i_148/CO[3]
                         net (fo=1, routed)           0.000    16.395    clipper_cdf_inst/cdf_wr_data_reg[7]_i_148_n_0
    SLICE_X31Y49         CARRY4 (Prop_carry4_CI_CO[1])
                                                      0.077    16.472 r  clipper_cdf_inst/cdf_wr_data_reg[7]_i_76/CO[1]
                         net (fo=20, routed)          0.535    17.007    clipper_cdf_inst/cdf_wr_data_reg[7]_i_327_0[21]
    SLICE_X29Y46         CARRY4 (Prop_carry4_CYINIT_CO[3])
                                                      0.366    17.373 r  clipper_cdf_inst/cdf_wr_data_reg[7]_i_393/CO[3]
                         net (fo=1, routed)           0.000    17.373    clipper_cdf_inst/cdf_wr_data_reg[7]_i_393_n_0
    SLICE_X29Y47         CARRY4 (Prop_carry4_CI_CO[3])
                                                      0.053    17.426 r  clipper_cdf_inst/cdf_wr_data_reg[7]_i_291/CO[3]
                         net (fo=1, routed)           0.000    17.426    clipper_cdf_inst/cdf_wr_data_reg[7]_i_291_n_0
    SLICE_X29Y48         CARRY4 (Prop_carry4_CI_CO[3])
                                                      0.053    17.479 r  clipper_cdf_inst/cdf_wr_data_reg[7]_i_180/CO[3]
                         net (fo=1, routed)           0.000    17.479    clipper_cdf_inst/cdf_wr_data_reg[7]_i_180_n_0
    SLICE_X29Y49         CARRY4 (Prop_carry4_CI_CO[3])
                                                      0.053    17.532 r  clipper_cdf_inst/cdf_wr_data_reg[7]_i_147/CO[3]
                         net (fo=1, routed)           0.001    17.533    clipper_cdf_inst/cdf_wr_data_reg[7]_i_147_n_0
    SLICE_X29Y50         CARRY4 (Prop_carry4_CI_CO[1])
                                                      0.077    17.610 r  clipper_cdf_inst/cdf_wr_data_reg[7]_i_73/CO[1]
                         net (fo=20, routed)          0.465    18.075    clipper_cdf_inst/cdf_wr_data_reg[7]_i_327_0[20]
    SLICE_X28Y49         LUT3 (Prop_lut3_I0_O)        0.122    18.197 r  clipper_cdf_inst/cdf_wr_data[7]_i_396/O
                         net (fo=1, routed)           0.000    18.197    clipper_cdf_inst/cdf_wr_data[7]_i_396_n_0
    SLICE_X28Y49         CARRY4 (Prop_carry4_S[1]_CO[3])
                                                      0.267    18.464 r  clipper_cdf_inst/cdf_wr_data_reg[7]_i_281/CO[3]
                         net (fo=1, routed)           0.001    18.464    clipper_cdf_inst/cdf_wr_data_reg[7]_i_281_n_0
    SLICE_X28Y50         CARRY4 (Prop_carry4_CI_CO[3])
                                                      0.053    18.517 r  clipper_cdf_inst/cdf_wr_data_reg[7]_i_175/CO[3]
                         net (fo=1, routed)           0.000    18.517    clipper_cdf_inst/cdf_wr_data_reg[7]_i_175_n_0
    SLICE_X28Y51         CARRY4 (Prop_carry4_CI_CO[3])
                                                      0.053    18.570 r  clipper_cdf_inst/cdf_wr_data_reg[7]_i_85/CO[3]
                         net (fo=1, routed)           0.000    18.570    clipper_cdf_inst/cdf_wr_data_reg[7]_i_85_n_0
    SLICE_X28Y52         CARRY4 (Prop_carry4_CI_CO[1])
                                                      0.077    18.647 r  clipper_cdf_inst/cdf_wr_data_reg[7]_i_74/CO[1]
                         net (fo=20, routed)          0.473    19.120    clipper_cdf_inst/cdf_wr_data_reg[7]_i_327_0[19]
    SLICE_X27Y47         LUT3 (Prop_lut3_I0_O)        0.122    19.242 r  clipper_cdf_inst/cdf_wr_data[7]_i_492/O
                         net (fo=1, routed)           0.000    19.242    clipper_cdf_inst/cdf_wr_data[7]_i_492_n_0
    SLICE_X27Y47         CARRY4 (Prop_carry4_S[1]_CO[3])
                                                      0.267    19.509 r  clipper_cdf_inst/cdf_wr_data_reg[7]_i_383/CO[3]
                         net (fo=1, routed)           0.000    19.509    clipper_cdf_inst/cdf_wr_data_reg[7]_i_383_n_0
    SLICE_X27Y48         CARRY4 (Prop_carry4_CI_CO[3])
                                                      0.053    19.562 r  clipper_cdf_inst/cdf_wr_data_reg[7]_i_276/CO[3]
                         net (fo=1, routed)           0.000    19.562    clipper_cdf_inst/cdf_wr_data_reg[7]_i_276_n_0
    SLICE_X27Y49         CARRY4 (Prop_carry4_CI_CO[3])
                                                      0.053    19.615 r  clipper_cdf_inst/cdf_wr_data_reg[7]_i_165/CO[3]
                         net (fo=1, routed)           0.001    19.616    clipper_cdf_inst/cdf_wr_data_reg[7]_i_165_n_0
    SLICE_X27Y50         CARRY4 (Prop_carry4_CI_CO[3])
                                                      0.053    19.669 r  clipper_cdf_inst/cdf_wr_data_reg[7]_i_84/CO[3]
                         net (fo=1, routed)           0.000    19.669    clipper_cdf_inst/cdf_wr_data_reg[7]_i_84_n_0
    SLICE_X27Y51         CARRY4 (Prop_carry4_CI_CO[1])
                                                      0.077    19.746 r  clipper_cdf_inst/cdf_wr_data_reg[7]_i_36/CO[1]
                         net (fo=20, routed)          0.452    20.197    clipper_cdf_inst/cdf_wr_data_reg[7]_i_327_0[18]
    SLICE_X26Y47         LUT3 (Prop_lut3_I0_O)        0.122    20.319 r  clipper_cdf_inst/cdf_wr_data[7]_i_489/O
                         net (fo=1, routed)           0.000    20.319    clipper_cdf_inst/cdf_wr_data[7]_i_489_n_0
    SLICE_X26Y47         CARRY4 (Prop_carry4_S[1]_CO[3])
                                                      0.256    20.575 r  clipper_cdf_inst/cdf_wr_data_reg[7]_i_378/CO[3]
                         net (fo=1, routed)           0.000    20.575    clipper_cdf_inst/cdf_wr_data_reg[7]_i_378_n_0
    SLICE_X26Y48         CARRY4 (Prop_carry4_CI_CO[3])
                                                      0.054    20.629 r  clipper_cdf_inst/cdf_wr_data_reg[7]_i_271/CO[3]
                         net (fo=1, routed)           0.000    20.629    clipper_cdf_inst/cdf_wr_data_reg[7]_i_271_n_0
    SLICE_X26Y49         CARRY4 (Prop_carry4_CI_CO[3])
                                                      0.054    20.683 r  clipper_cdf_inst/cdf_wr_data_reg[7]_i_160/CO[3]
                         net (fo=1, routed)           0.001    20.684    clipper_cdf_inst/cdf_wr_data_reg[7]_i_160_n_0
    SLICE_X26Y50         CARRY4 (Prop_carry4_CI_CO[3])
                                                      0.054    20.738 r  clipper_cdf_inst/cdf_wr_data_reg[7]_i_78/CO[3]
                         net (fo=1, routed)           0.000    20.738    clipper_cdf_inst/cdf_wr_data_reg[7]_i_78_n_0
    SLICE_X26Y51         CARRY4 (Prop_carry4_CI_CO[1])
                                                      0.076    20.814 r  clipper_cdf_inst/cdf_wr_data_reg[7]_i_37/CO[1]
                         net (fo=20, routed)          0.496    21.310    clipper_cdf_inst/cdf_wr_data_reg[7]_i_327_0[17]
    SLICE_X24Y46         LUT3 (Prop_lut3_I0_O)        0.124    21.434 r  clipper_cdf_inst/cdf_wr_data[7]_i_486/O
                         net (fo=1, routed)           0.000    21.434    clipper_cdf_inst/cdf_wr_data[7]_i_486_n_0
    SLICE_X24Y46         CARRY4 (Prop_carry4_S[1]_CO[3])
                                                      0.256    21.690 r  clipper_cdf_inst/cdf_wr_data_reg[7]_i_377/CO[3]
                         net (fo=1, routed)           0.000    21.690    clipper_cdf_inst/cdf_wr_data_reg[7]_i_377_n_0
    SLICE_X24Y47         CARRY4 (Prop_carry4_CI_CO[3])
                                                      0.054    21.744 r  clipper_cdf_inst/cdf_wr_data_reg[7]_i_270/CO[3]
                         net (fo=1, routed)           0.000    21.744    clipper_cdf_inst/cdf_wr_data_reg[7]_i_270_n_0
    SLICE_X24Y48         CARRY4 (Prop_carry4_CI_CO[3])
                                                      0.054    21.798 r  clipper_cdf_inst/cdf_wr_data_reg[7]_i_159/CO[3]
                         net (fo=1, routed)           0.000    21.798    clipper_cdf_inst/cdf_wr_data_reg[7]_i_159_n_0
    SLICE_X24Y49         CARRY4 (Prop_carry4_CI_CO[3])
                                                      0.054    21.852 r  clipper_cdf_inst/cdf_wr_data_reg[7]_i_77/CO[3]
                         net (fo=1, routed)           0.001    21.853    clipper_cdf_inst/cdf_wr_data_reg[7]_i_77_n_0
    SLICE_X24Y50         CARRY4 (Prop_carry4_CI_CO[1])
                                                      0.076    21.929 r  clipper_cdf_inst/cdf_wr_data_reg[7]_i_34/CO[1]
                         net (fo=20, routed)          0.414    22.343    clipper_cdf_inst/cdf_wr_data_reg[7]_i_327_0[16]
    SLICE_X23Y49         CARRY4 (Prop_carry4_CYINIT_CO[3])
                                                      0.368    22.711 r  clipper_cdf_inst/cdf_wr_data_reg[7]_i_398/CO[3]
                         net (fo=1, routed)           0.001    22.712    clipper_cdf_inst/cdf_wr_data_reg[7]_i_398_n_0
    SLICE_X23Y50         CARRY4 (Prop_carry4_CI_CO[3])
                                                      0.053    22.765 r  clipper_cdf_inst/cdf_wr_data_reg[7]_i_286/CO[3]
                         net (fo=1, routed)           0.000    22.765    clipper_cdf_inst/cdf_wr_data_reg[7]_i_286_n_0
    SLICE_X23Y51         CARRY4 (Prop_carry4_CI_CO[3])
                                                      0.053    22.818 r  clipper_cdf_inst/cdf_wr_data_reg[7]_i_170/CO[3]
                         net (fo=1, routed)           0.000    22.818    clipper_cdf_inst/cdf_wr_data_reg[7]_i_170_n_0
    SLICE_X23Y52         CARRY4 (Prop_carry4_CI_CO[3])
                                                      0.053    22.871 r  clipper_cdf_inst/cdf_wr_data_reg[7]_i_81/CO[3]
                         net (fo=1, routed)           0.000    22.871    clipper_cdf_inst/cdf_wr_data_reg[7]_i_81_n_0
    SLICE_X23Y53         CARRY4 (Prop_carry4_CI_CO[1])
                                                      0.077    22.948 r  clipper_cdf_inst/cdf_wr_data_reg[7]_i_35/CO[1]
                         net (fo=20, routed)          0.373    23.321    clipper_cdf_inst/cdf_wr_data_reg[7]_i_327_0[15]
    SLICE_X22Y51         LUT3 (Prop_lut3_I0_O)        0.122    23.443 r  clipper_cdf_inst/cdf_wr_data[7]_i_463/O
                         net (fo=1, routed)           0.000    23.443    clipper_cdf_inst/cdf_wr_data[7]_i_463_n_0
    SLICE_X22Y51         CARRY4 (Prop_carry4_S[1]_CO[3])
                                                      0.256    23.699 r  clipper_cdf_inst/cdf_wr_data_reg[7]_i_349/CO[3]
                         net (fo=1, routed)           0.000    23.699    clipper_cdf_inst/cdf_wr_data_reg[7]_i_349_n_0
    SLICE_X22Y52         CARRY4 (Prop_carry4_CI_CO[3])
                                                      0.054    23.753 r  clipper_cdf_inst/cdf_wr_data_reg[7]_i_330/CO[3]
                         net (fo=1, routed)           0.000    23.753    clipper_cdf_inst/cdf_wr_data_reg[7]_i_330_n_0
    SLICE_X22Y53         CARRY4 (Prop_carry4_CI_CO[3])
                                                      0.054    23.807 r  clipper_cdf_inst/cdf_wr_data_reg[7]_i_206/CO[3]
                         net (fo=1, routed)           0.000    23.807    clipper_cdf_inst/cdf_wr_data_reg[7]_i_206_n_0
    SLICE_X22Y54         CARRY4 (Prop_carry4_CI_CO[3])
                                                      0.054    23.861 r  clipper_cdf_inst/cdf_wr_data_reg[7]_i_101/CO[3]
                         net (fo=1, routed)           0.000    23.861    clipper_cdf_inst/cdf_wr_data_reg[7]_i_101_n_0
    SLICE_X22Y55         CARRY4 (Prop_carry4_CI_CO[1])
                                                      0.076    23.937 r  clipper_cdf_inst/cdf_wr_data_reg[7]_i_41/CO[1]
                         net (fo=20, routed)          0.409    24.345    clipper_cdf_inst/cdf_wr_data_reg[7]_i_327_0[14]
    SLICE_X25Y52         LUT3 (Prop_lut3_I0_O)        0.124    24.469 r  clipper_cdf_inst/cdf_wr_data[7]_i_460/O
                         net (fo=1, routed)           0.000    24.469    clipper_cdf_inst/cdf_wr_data[7]_i_460_n_0
    SLICE_X25Y52         CARRY4 (Prop_carry4_S[1]_CO[3])
                                                      0.267    24.736 r  clipper_cdf_inst/cdf_wr_data_reg[7]_i_344/CO[3]
                         net (fo=1, routed)           0.000    24.736    clipper_cdf_inst/cdf_wr_data_reg[7]_i_344_n_0
    SLICE_X25Y53         CARRY4 (Prop_carry4_CI_CO[3])
                                                      0.053    24.789 r  clipper_cdf_inst/cdf_wr_data_reg[7]_i_225/CO[3]
                         net (fo=1, routed)           0.000    24.789    clipper_cdf_inst/cdf_wr_data_reg[7]_i_225_n_0
    SLICE_X25Y54         CARRY4 (Prop_carry4_CI_CO[3])
                                                      0.053    24.842 r  clipper_cdf_inst/cdf_wr_data_reg[7]_i_201/CO[3]
                         net (fo=1, routed)           0.000    24.842    clipper_cdf_inst/cdf_wr_data_reg[7]_i_201_n_0
    SLICE_X25Y55         CARRY4 (Prop_carry4_CI_CO[3])
                                                      0.053    24.895 r  clipper_cdf_inst/cdf_wr_data_reg[7]_i_96/CO[3]
                         net (fo=1, routed)           0.000    24.895    clipper_cdf_inst/cdf_wr_data_reg[7]_i_96_n_0
    SLICE_X25Y56         CARRY4 (Prop_carry4_CI_CO[1])
                                                      0.077    24.972 r  clipper_cdf_inst/cdf_wr_data_reg[7]_i_42/CO[1]
                         net (fo=20, routed)          0.485    25.457    clipper_cdf_inst/cdf_wr_data_reg[7]_i_327_0[13]
    SLICE_X26Y52         LUT3 (Prop_lut3_I0_O)        0.122    25.579 r  clipper_cdf_inst/cdf_wr_data[7]_i_457/O
                         net (fo=1, routed)           0.000    25.579    clipper_cdf_inst/cdf_wr_data[7]_i_457_n_0
    SLICE_X26Y52         CARRY4 (Prop_carry4_S[1]_CO[3])
                                                      0.256    25.835 r  clipper_cdf_inst/cdf_wr_data_reg[7]_i_339/CO[3]
                         net (fo=1, routed)           0.000    25.835    clipper_cdf_inst/cdf_wr_data_reg[7]_i_339_n_0
    SLICE_X26Y53         CARRY4 (Prop_carry4_CI_CO[3])
                                                      0.054    25.889 r  clipper_cdf_inst/cdf_wr_data_reg[7]_i_220/CO[3]
                         net (fo=1, routed)           0.000    25.889    clipper_cdf_inst/cdf_wr_data_reg[7]_i_220_n_0
    SLICE_X26Y54         CARRY4 (Prop_carry4_CI_CO[3])
                                                      0.054    25.943 r  clipper_cdf_inst/cdf_wr_data_reg[7]_i_116/CO[3]
                         net (fo=1, routed)           0.000    25.943    clipper_cdf_inst/cdf_wr_data_reg[7]_i_116_n_0
    SLICE_X26Y55         CARRY4 (Prop_carry4_CI_CO[3])
                                                      0.054    25.997 r  clipper_cdf_inst/cdf_wr_data_reg[7]_i_95/CO[3]
                         net (fo=1, routed)           0.000    25.997    clipper_cdf_inst/cdf_wr_data_reg[7]_i_95_n_0
    SLICE_X26Y56         CARRY4 (Prop_carry4_CI_CO[1])
                                                      0.076    26.073 r  clipper_cdf_inst/cdf_wr_data_reg[7]_i_39/CO[1]
                         net (fo=20, routed)          0.475    26.548    clipper_cdf_inst/cdf_wr_data_reg[7]_i_327_0[12]
    SLICE_X27Y52         LUT3 (Prop_lut3_I0_O)        0.124    26.672 r  clipper_cdf_inst/cdf_wr_data[7]_i_356/O
                         net (fo=1, routed)           0.000    26.672    clipper_cdf_inst/cdf_wr_data[7]_i_356_n_0
    SLICE_X27Y52         CARRY4 (Prop_carry4_S[1]_CO[3])
                                                      0.267    26.939 r  clipper_cdf_inst/cdf_wr_data_reg[7]_i_242/CO[3]
                         net (fo=1, routed)           0.000    26.939    clipper_cdf_inst/cdf_wr_data_reg[7]_i_242_n_0
    SLICE_X27Y53         CARRY4 (Prop_carry4_CI_CO[3])
                                                      0.053    26.992 r  clipper_cdf_inst/cdf_wr_data_reg[7]_i_215/CO[3]
                         net (fo=1, routed)           0.000    26.992    clipper_cdf_inst/cdf_wr_data_reg[7]_i_215_n_0
    SLICE_X27Y54         CARRY4 (Prop_carry4_CI_CO[3])
                                                      0.053    27.045 r  clipper_cdf_inst/cdf_wr_data_reg[7]_i_111/CO[3]
                         net (fo=1, routed)           0.000    27.045    clipper_cdf_inst/cdf_wr_data_reg[7]_i_111_n_0
    SLICE_X27Y55         CARRY4 (Prop_carry4_CI_CO[3])
                                                      0.053    27.098 r  clipper_cdf_inst/cdf_wr_data_reg[7]_i_47/CO[3]
                         net (fo=1, routed)           0.000    27.098    clipper_cdf_inst/cdf_wr_data_reg[7]_i_47_n_0
    SLICE_X27Y56         CARRY4 (Prop_carry4_CI_CO[1])
                                                      0.077    27.175 r  clipper_cdf_inst/cdf_wr_data_reg[7]_i_40/CO[1]
                         net (fo=20, routed)          0.439    27.614    clipper_cdf_inst/cdf_wr_data_reg[7]_i_327_0[11]
    SLICE_X28Y53         CARRY4 (Prop_carry4_CYINIT_CO[3])
                                                      0.366    27.980 r  clipper_cdf_inst/cdf_wr_data_reg[7]_i_142/CO[3]
                         net (fo=1, routed)           0.000    27.980    clipper_cdf_inst/cdf_wr_data_reg[7]_i_142_n_0
    SLICE_X28Y54         CARRY4 (Prop_carry4_CI_CO[3])
                                                      0.053    28.033 r  clipper_cdf_inst/cdf_wr_data_reg[7]_i_137/CO[3]
                         net (fo=1, routed)           0.000    28.033    clipper_cdf_inst/cdf_wr_data_reg[7]_i_137_n_0
    SLICE_X28Y55         CARRY4 (Prop_carry4_CI_CO[3])
                                                      0.053    28.086 r  clipper_cdf_inst/cdf_wr_data_reg[7]_i_106/CO[3]
                         net (fo=1, routed)           0.000    28.086    clipper_cdf_inst/cdf_wr_data_reg[7]_i_106_n_0
    SLICE_X28Y56         CARRY4 (Prop_carry4_CI_CO[3])
                                                      0.053    28.139 r  clipper_cdf_inst/cdf_wr_data_reg[7]_i_46/CO[3]
                         net (fo=1, routed)           0.000    28.139    clipper_cdf_inst/cdf_wr_data_reg[7]_i_46_n_0
    SLICE_X28Y57         CARRY4 (Prop_carry4_CI_CO[1])
                                                      0.077    28.216 r  clipper_cdf_inst/cdf_wr_data_reg[7]_i_16/CO[1]
                         net (fo=20, routed)          0.468    28.684    clipper_cdf_inst/cdf_wr_data_reg[7]_i_327_0[10]
    SLICE_X29Y54         LUT3 (Prop_lut3_I0_O)        0.122    28.806 r  clipper_cdf_inst/cdf_wr_data[7]_i_241/O
                         net (fo=1, routed)           0.000    28.806    clipper_cdf_inst/cdf_wr_data[7]_i_241_n_0
    SLICE_X29Y54         CARRY4 (Prop_carry4_S[1]_CO[3])
                                                      0.267    29.073 r  clipper_cdf_inst/cdf_wr_data_reg[7]_i_132/CO[3]
                         net (fo=1, routed)           0.000    29.073    clipper_cdf_inst/cdf_wr_data_reg[7]_i_132_n_0
    SLICE_X29Y55         CARRY4 (Prop_carry4_CI_CO[3])
                                                      0.053    29.126 r  clipper_cdf_inst/cdf_wr_data_reg[7]_i_68/CO[3]
                         net (fo=1, routed)           0.000    29.126    clipper_cdf_inst/cdf_wr_data_reg[7]_i_68_n_0
    SLICE_X29Y56         CARRY4 (Prop_carry4_CI_CO[3])
                                                      0.053    29.179 r  clipper_cdf_inst/cdf_wr_data_reg[7]_i_63/CO[3]
                         net (fo=1, routed)           0.000    29.179    clipper_cdf_inst/cdf_wr_data_reg[7]_i_63_n_0
    SLICE_X29Y57         CARRY4 (Prop_carry4_CI_CO[3])
                                                      0.053    29.232 r  clipper_cdf_inst/cdf_wr_data_reg[7]_i_43/CO[3]
                         net (fo=1, routed)           0.000    29.232    clipper_cdf_inst/cdf_wr_data_reg[7]_i_43_n_0
    SLICE_X29Y58         CARRY4 (Prop_carry4_CI_CO[1])
                                                      0.077    29.309 r  clipper_cdf_inst/cdf_wr_data_reg[7]_i_17/CO[1]
                         net (fo=20, routed)          0.596    29.905    clipper_cdf_inst/cdf_wr_data_reg[7]_i_327_0[9]
    SLICE_X30Y50         LUT3 (Prop_lut3_I0_O)        0.122    30.027 r  clipper_cdf_inst/cdf_wr_data[7]_i_238/O
                         net (fo=1, routed)           0.000    30.027    clipper_cdf_inst/cdf_wr_data[7]_i_238_n_0
    SLICE_X30Y50         CARRY4 (Prop_carry4_S[1]_CO[3])
                                                      0.256    30.283 r  clipper_cdf_inst/cdf_wr_data_reg[7]_i_127/CO[3]
                         net (fo=1, routed)           0.000    30.283    clipper_cdf_inst/cdf_wr_data_reg[7]_i_127_n_0
    SLICE_X30Y51         CARRY4 (Prop_carry4_CI_CO[3])
                                                      0.054    30.337 r  clipper_cdf_inst/cdf_wr_data_reg[7]_i_58/CO[3]
                         net (fo=1, routed)           0.000    30.337    clipper_cdf_inst/cdf_wr_data_reg[7]_i_58_n_0
    SLICE_X30Y52         CARRY4 (Prop_carry4_CI_CO[3])
                                                      0.054    30.391 r  clipper_cdf_inst/cdf_wr_data_reg[7]_i_28/CO[3]
                         net (fo=1, routed)           0.000    30.391    clipper_cdf_inst/cdf_wr_data_reg[7]_i_28_n_0
    SLICE_X30Y53         CARRY4 (Prop_carry4_CI_CO[3])
                                                      0.054    30.445 r  clipper_cdf_inst/cdf_wr_data_reg[7]_i_25/CO[3]
                         net (fo=1, routed)           0.000    30.445    clipper_cdf_inst/cdf_wr_data_reg[7]_i_25_n_0
    SLICE_X30Y54         CARRY4 (Prop_carry4_CI_CO[1])
                                                      0.076    30.521 r  clipper_cdf_inst/cdf_wr_data_reg[7]_i_15/CO[1]
                         net (fo=20, routed)          0.479    31.000    clipper_cdf_inst/cdf_wr_data_reg[7]_i_327_0[8]
    SLICE_X31Y51         LUT3 (Prop_lut3_I0_O)        0.124    31.124 r  clipper_cdf_inst/cdf_wr_data[7]_i_235/O
                         net (fo=1, routed)           0.000    31.124    clipper_cdf_inst/cdf_wr_data[7]_i_235_n_0
    SLICE_X31Y51         CARRY4 (Prop_carry4_S[1]_CO[3])
                                                      0.267    31.391 r  clipper_cdf_inst/cdf_wr_data_reg[7]_i_122/CO[3]
                         net (fo=1, routed)           0.000    31.391    clipper_cdf_inst/cdf_wr_data_reg[7]_i_122_n_0
    SLICE_X31Y52         CARRY4 (Prop_carry4_CI_CO[3])
                                                      0.053    31.444 r  clipper_cdf_inst/cdf_wr_data_reg[7]_i_53/CO[3]
                         net (fo=1, routed)           0.000    31.444    clipper_cdf_inst/cdf_wr_data_reg[7]_i_53_n_0
    SLICE_X31Y53         CARRY4 (Prop_carry4_CI_CO[3])
                                                      0.053    31.497 r  clipper_cdf_inst/cdf_wr_data_reg[7]_i_20/CO[3]
                         net (fo=1, routed)           0.000    31.497    clipper_cdf_inst/cdf_wr_data_reg[7]_i_20_n_0
    SLICE_X31Y54         CARRY4 (Prop_carry4_CI_CO[3])
                                                      0.053    31.550 r  clipper_cdf_inst/cdf_wr_data_reg[7]_i_10/CO[3]
                         net (fo=1, routed)           0.000    31.550    clipper_cdf_inst/cdf_wr_data_reg[7]_i_10_n_0
    SLICE_X31Y55         CARRY4 (Prop_carry4_CI_CO[1])
                                                      0.077    31.627 r  clipper_cdf_inst/cdf_wr_data_reg[7]_i_9/CO[1]
                         net (fo=20, routed)          0.320    31.948    clipper_cdf_inst/cdf_wr_data_reg[7]_i_327_0[7]
    SLICE_X32Y54         CARRY4 (Prop_carry4_CYINIT_CO[3])
                                                      0.376    32.324 r  clipper_cdf_inst/cdf_wr_data_reg[7]_i_121/CO[3]
                         net (fo=1, routed)           0.000    32.324    clipper_cdf_inst/cdf_wr_data_reg[7]_i_121_n_0
    SLICE_X32Y55         CARRY4 (Prop_carry4_CI_CO[3])
                                                      0.054    32.378 r  clipper_cdf_inst/cdf_wr_data_reg[7]_i_52/CO[3]
                         net (fo=1, routed)           0.000    32.378    clipper_cdf_inst/cdf_wr_data_reg[7]_i_52_n_0
    SLICE_X32Y56         CARRY4 (Prop_carry4_CI_CO[3])
                                                      0.054    32.432 r  clipper_cdf_inst/cdf_wr_data_reg[7]_i_19/CO[3]
                         net (fo=1, routed)           0.000    32.432    clipper_cdf_inst/cdf_wr_data_reg[7]_i_19_n_0
    SLICE_X32Y57         CARRY4 (Prop_carry4_CI_CO[3])
                                                      0.054    32.486 r  clipper_cdf_inst/cdf_wr_data_reg[7]_i_8/CO[3]
                         net (fo=1, routed)           0.000    32.486    clipper_cdf_inst/cdf_wr_data_reg[7]_i_8_n_0
    SLICE_X32Y58         CARRY4 (Prop_carry4_CI_CO[1])
                                                      0.076    32.562 r  clipper_cdf_inst/cdf_wr_data_reg[7]_i_4/CO[1]
                         net (fo=20, routed)          0.463    33.024    clipper_cdf_inst/cdf_wr_data_reg[7]_i_327_0[6]
    SLICE_X30Y55         LUT3 (Prop_lut3_I0_O)        0.124    33.148 r  clipper_cdf_inst/cdf_wr_data[6]_i_23/O
                         net (fo=1, routed)           0.000    33.148    clipper_cdf_inst/cdf_wr_data[6]_i_23_n_0
    SLICE_X30Y55         CARRY4 (Prop_carry4_S[1]_CO[3])
                                                      0.256    33.404 r  clipper_cdf_inst/cdf_wr_data_reg[6]_i_16/CO[3]
                         net (fo=1, routed)           0.000    33.404    clipper_cdf_inst/cdf_wr_data_reg[6]_i_16_n_0
    SLICE_X30Y56         CARRY4 (Prop_carry4_CI_CO[3])
                                                      0.054    33.458 r  clipper_cdf_inst/cdf_wr_data_reg[6]_i_11/CO[3]
                         net (fo=1, routed)           0.000    33.458    clipper_cdf_inst/cdf_wr_data_reg[6]_i_11_n_0
    SLICE_X30Y57         CARRY4 (Prop_carry4_CI_CO[3])
                                                      0.054    33.512 r  clipper_cdf_inst/cdf_wr_data_reg[6]_i_6/CO[3]
                         net (fo=1, routed)           0.000    33.512    clipper_cdf_inst/cdf_wr_data_reg[6]_i_6_n_0
    SLICE_X30Y58         CARRY4 (Prop_carry4_CI_CO[3])
                                                      0.054    33.566 r  clipper_cdf_inst/cdf_wr_data_reg[6]_i_3/CO[3]
                         net (fo=1, routed)           0.000    33.566    clipper_cdf_inst/cdf_wr_data_reg[6]_i_3_n_0
    SLICE_X30Y59         CARRY4 (Prop_carry4_CI_CO[1])
                                                      0.076    33.642 r  clipper_cdf_inst/cdf_wr_data_reg[6]_i_2/CO[1]
                         net (fo=20, routed)          0.470    34.113    clipper_cdf_inst/cdf_wr_data_reg[7]_i_327_0[5]
    SLICE_X26Y58         CARRY4 (Prop_carry4_CYINIT_CO[3])
                                                      0.378    34.491 r  clipper_cdf_inst/cdf_wr_data_reg[5]_i_16/CO[3]
                         net (fo=1, routed)           0.000    34.491    clipper_cdf_inst/cdf_wr_data_reg[5]_i_16_n_0
    SLICE_X26Y59         CARRY4 (Prop_carry4_CI_CO[3])
                                                      0.054    34.545 r  clipper_cdf_inst/cdf_wr_data_reg[5]_i_11/CO[3]
                         net (fo=1, routed)           0.000    34.545    clipper_cdf_inst/cdf_wr_data_reg[5]_i_11_n_0
    SLICE_X26Y60         CARRY4 (Prop_carry4_CI_CO[3])
                                                      0.054    34.599 r  clipper_cdf_inst/cdf_wr_data_reg[5]_i_6/CO[3]
                         net (fo=1, routed)           0.000    34.599    clipper_cdf_inst/cdf_wr_data_reg[5]_i_6_n_0
    SLICE_X26Y61         CARRY4 (Prop_carry4_CI_CO[3])
                                                      0.054    34.653 r  clipper_cdf_inst/cdf_wr_data_reg[5]_i_3/CO[3]
                         net (fo=1, routed)           0.000    34.653    clipper_cdf_inst/cdf_wr_data_reg[5]_i_3_n_0
    SLICE_X26Y62         CARRY4 (Prop_carry4_CI_CO[1])
                                                      0.076    34.729 r  clipper_cdf_inst/cdf_wr_data_reg[5]_i_2/CO[1]
                         net (fo=20, routed)          0.439    35.168    clipper_cdf_inst/cdf_wr_data_reg[7]_i_327_0[4]
    SLICE_X27Y59         LUT3 (Prop_lut3_I0_O)        0.124    35.292 r  clipper_cdf_inst/cdf_wr_data[4]_i_23/O
                         net (fo=1, routed)           0.000    35.292    clipper_cdf_inst/cdf_wr_data[4]_i_23_n_0
    SLICE_X27Y59         CARRY4 (Prop_carry4_S[1]_CO[3])
                                                      0.267    35.559 r  clipper_cdf_inst/cdf_wr_data_reg[4]_i_16/CO[3]
                         net (fo=1, routed)           0.000    35.559    clipper_cdf_inst/cdf_wr_data_reg[4]_i_16_n_0
    SLICE_X27Y60         CARRY4 (Prop_carry4_CI_CO[3])
                                                      0.053    35.612 r  clipper_cdf_inst/cdf_wr_data_reg[4]_i_11/CO[3]
                         net (fo=1, routed)           0.000    35.612    clipper_cdf_inst/cdf_wr_data_reg[4]_i_11_n_0
    SLICE_X27Y61         CARRY4 (Prop_carry4_CI_CO[3])
                                                      0.053    35.665 r  clipper_cdf_inst/cdf_wr_data_reg[4]_i_6/CO[3]
                         net (fo=1, routed)           0.000    35.665    clipper_cdf_inst/cdf_wr_data_reg[4]_i_6_n_0
    SLICE_X27Y62         CARRY4 (Prop_carry4_CI_CO[3])
                                                      0.053    35.718 r  clipper_cdf_inst/cdf_wr_data_reg[4]_i_3/CO[3]
                         net (fo=1, routed)           0.000    35.718    clipper_cdf_inst/cdf_wr_data_reg[4]_i_3_n_0
    SLICE_X27Y63         CARRY4 (Prop_carry4_CI_CO[1])
                                                      0.077    35.795 r  clipper_cdf_inst/cdf_wr_data_reg[4]_i_2/CO[1]
                         net (fo=20, routed)          0.513    36.308    clipper_cdf_inst/cdf_wr_data_reg[7]_i_327_0[3]
    SLICE_X28Y59         CARRY4 (Prop_carry4_CYINIT_CO[3])
                                                      0.366    36.674 r  clipper_cdf_inst/cdf_wr_data_reg[3]_i_16/CO[3]
                         net (fo=1, routed)           0.000    36.674    clipper_cdf_inst/cdf_wr_data_reg[3]_i_16_n_0
    SLICE_X28Y60         CARRY4 (Prop_carry4_CI_CO[3])
                                                      0.053    36.727 r  clipper_cdf_inst/cdf_wr_data_reg[3]_i_11/CO[3]
                         net (fo=1, routed)           0.000    36.727    clipper_cdf_inst/cdf_wr_data_reg[3]_i_11_n_0
    SLICE_X28Y61         CARRY4 (Prop_carry4_CI_CO[3])
                                                      0.053    36.780 r  clipper_cdf_inst/cdf_wr_data_reg[3]_i_6/CO[3]
                         net (fo=1, routed)           0.000    36.780    clipper_cdf_inst/cdf_wr_data_reg[3]_i_6_n_0
    SLICE_X28Y62         CARRY4 (Prop_carry4_CI_CO[3])
                                                      0.053    36.833 r  clipper_cdf_inst/cdf_wr_data_reg[3]_i_3/CO[3]
                         net (fo=1, routed)           0.000    36.833    clipper_cdf_inst/cdf_wr_data_reg[3]_i_3_n_0
    SLICE_X28Y63         CARRY4 (Prop_carry4_CI_CO[1])
                                                      0.077    36.910 r  clipper_cdf_inst/cdf_wr_data_reg[3]_i_2/CO[1]
                         net (fo=20, routed)          0.485    37.395    clipper_cdf_inst/cdf_wr_data_reg[7]_i_327_0[2]
    SLICE_X25Y60         CARRY4 (Prop_carry4_CYINIT_CO[3])
                                                      0.366    37.761 r  clipper_cdf_inst/cdf_wr_data_reg[2]_i_16/CO[3]
                         net (fo=1, routed)           0.000    37.761    clipper_cdf_inst/cdf_wr_data_reg[2]_i_16_n_0
    SLICE_X25Y61         CARRY4 (Prop_carry4_CI_CO[3])
                                                      0.053    37.814 r  clipper_cdf_inst/cdf_wr_data_reg[2]_i_11/CO[3]
                         net (fo=1, routed)           0.000    37.814    clipper_cdf_inst/cdf_wr_data_reg[2]_i_11_n_0
    SLICE_X25Y62         CARRY4 (Prop_carry4_CI_CO[3])
                                                      0.053    37.867 r  clipper_cdf_inst/cdf_wr_data_reg[2]_i_6/CO[3]
                         net (fo=1, routed)           0.000    37.867    clipper_cdf_inst/cdf_wr_data_reg[2]_i_6_n_0
    SLICE_X25Y63         CARRY4 (Prop_carry4_CI_CO[3])
                                                      0.053    37.920 r  clipper_cdf_inst/cdf_wr_data_reg[2]_i_3/CO[3]
                         net (fo=1, routed)           0.000    37.920    clipper_cdf_inst/cdf_wr_data_reg[2]_i_3_n_0
    SLICE_X25Y64         CARRY4 (Prop_carry4_CI_CO[1])
                                                      0.077    37.997 r  clipper_cdf_inst/cdf_wr_data_reg[2]_i_2/CO[1]
                         net (fo=20, routed)          0.277    38.274    clipper_cdf_inst/cdf_wr_data_reg[7]_i_327_0[1]
    SLICE_X29Y64         LUT3 (Prop_lut3_I2_O)        0.127    38.401 r  clipper_cdf_inst/cdf_wr_data[2]_i_1/O
                         net (fo=1, routed)           0.000    38.401    clipper_cdf_inst/norm_saturated[2]
    SLICE_X29Y64         FDCE                                         r  clipper_cdf_inst/cdf_wr_data_reg[2]/D
  -------------------------------------------------------------------    -------------------

                         (clock pclk rise edge)      13.500    13.500 r  
    AU28                                              0.000    13.500 r  pclk (IN)
                         net (fo=0)                   0.000    13.500    pclk
    AU28                 IBUF (Prop_ibuf_I_O)         0.521    14.021 r  pclk_IBUF_inst/O
                         net (fo=1, routed)           2.145    16.166    pclk_IBUF
    BUFGCTRL_X0Y0        BUFG (Prop_bufg_I_O)         0.083    16.249 r  pclk_IBUF_BUFG_inst/O
                         net (fo=916, routed)         1.822    18.071    clipper_cdf_inst/pclk_IBUF_BUFG
    SLICE_X29Y64         FDCE                                         r  clipper_cdf_inst/cdf_wr_data_reg[2]/C
                         clock pessimism              0.262    18.334    
                         clock uncertainty           -0.035    18.298    
    SLICE_X29Y64         FDCE (Setup_fdce_C_D)        0.058    18.356    clipper_cdf_inst/cdf_wr_data_reg[2]
  -------------------------------------------------------------------
                         required time                         18.356    
                         arrival time                         -38.401    
  -------------------------------------------------------------------
                         slack                                -20.045    

Slack (VIOLATED) :        -19.043ns  (required time - arrival time)
  Source:                 clipper_cdf_inst/cdf_range_reg[3]/C
                            (rising edge-triggered cell FDCE clocked by pclk  {rise@0.000ns fall@6.750ns period=13.500ns})
  Destination:            clipper_cdf_inst/cdf_wr_data_reg[3]/D
                            (rising edge-triggered cell FDCE clocked by pclk  {rise@0.000ns fall@6.750ns period=13.500ns})
  Path Group:             pclk
  Path Type:              Setup (Max at Slow Process Corner)
  Requirement:            13.500ns  (pclk rise@13.500ns - pclk rise@0.000ns)
  Data Path Delay:        32.298ns  (logic 18.122ns (56.109%)  route 14.176ns (43.891%))
  Logic Levels:           168  (CARRY4=144 LUT1=1 LUT2=7 LUT3=16)
  Clock Path Skew:        -0.244ns (DCD - SCD + CPR)
    Destination Clock Delay (DCD):    4.573ns = ( 18.073 - 13.500 ) 
    Source Clock Delay      (SCD):    5.080ns
    Clock Pessimism Removal (CPR):    0.262ns
  Clock Uncertainty:      0.035ns  ((TSJ^2 + TIJ^2)^1/2 + DJ) / 2 + PE
    Total System Jitter     (TSJ):    0.071ns
    Total Input Jitter      (TIJ):    0.000ns
    Discrete Jitter          (DJ):    0.000ns
    Phase Error              (PE):    0.000ns

    Location             Delay type                Incr(ns)  Path(ns)    Netlist Resource(s)
  -------------------------------------------------------------------    -------------------
                         (clock pclk rise edge)       0.000     0.000 r  
    AU28                                              0.000     0.000 r  pclk (IN)
                         net (fo=0)                   0.000     0.000    pclk
    AU28                 IBUF (Prop_ibuf_I_O)         0.628     0.628 r  pclk_IBUF_inst/O
                         net (fo=1, routed)           2.272     2.900    pclk_IBUF
    BUFGCTRL_X0Y0        BUFG (Prop_bufg_I_O)         0.093     2.993 r  pclk_IBUF_BUFG_inst/O
                         net (fo=916, routed)         2.087     5.080    clipper_cdf_inst/pclk_IBUF_BUFG
    SLICE_X30Y41         FDCE                                         r  clipper_cdf_inst/cdf_range_reg[3]/C
  -------------------------------------------------------------------    -------------------
    SLICE_X30Y41         FDCE (Prop_fdce_C_Q)         0.259     5.339 f  clipper_cdf_inst/cdf_range_reg[3]/Q
                         net (fo=34, routed)          0.366     5.705    clipper_cdf_inst/cdf_range[3]
    SLICE_X31Y40         LUT1 (Prop_lut1_I0_O)        0.043     5.748 r  clipper_cdf_inst/cdf_wr_data[7]_i_581/O
                         net (fo=1, routed)           0.000     5.748    clipper_cdf_inst/cdf_wr_data[7]_i_581_n_0
    SLICE_X31Y40         CARRY4 (Prop_carry4_S[3]_CO[3])
                                                      0.193     5.941 r  clipper_cdf_inst/cdf_wr_data_reg[7]_i_528/CO[3]
                         net (fo=1, routed)           0.000     5.941    clipper_cdf_inst/cdf_wr_data_reg[7]_i_528_n_0
    SLICE_X31Y41         CARRY4 (Prop_carry4_CI_CO[3])
                                                      0.053     5.994 r  clipper_cdf_inst/cdf_wr_data_reg[7]_i_523/CO[3]
                         net (fo=1, routed)           0.000     5.994    clipper_cdf_inst/cdf_wr_data_reg[7]_i_523_n_0
    SLICE_X31Y42         CARRY4 (Prop_carry4_CI_CO[3])
                                                      0.053     6.047 r  clipper_cdf_inst/cdf_wr_data_reg[7]_i_438/CO[3]
                         net (fo=1, routed)           0.000     6.047    clipper_cdf_inst/cdf_wr_data_reg[7]_i_438_n_0
    SLICE_X31Y43         CARRY4 (Prop_carry4_CI_CO[3])
                                                      0.053     6.100 r  clipper_cdf_inst/cdf_wr_data_reg[7]_i_327/CO[3]
                         net (fo=1, routed)           0.000     6.100    clipper_cdf_inst/cdf_wr_data_reg[7]_i_327_n_0
    SLICE_X31Y44         CARRY4 (Prop_carry4_CI_CO[0])
                                                      0.139     6.239 r  clipper_cdf_inst/cdf_wr_data_reg[7]_i_199/CO[0]
                         net (fo=21, routed)          0.568     6.807    clipper_cdf_inst/cdf_wr_data_reg[7]_i_327_0[30]
    SLICE_X30Y39         LUT2 (Prop_lut2_I1_O)        0.131     6.938 r  clipper_cdf_inst/cdf_wr_data[7]_i_568/O
                         net (fo=1, routed)           0.000     6.938    clipper_cdf_inst/cdf_wr_data[7]_i_568_n_0
    SLICE_X30Y39         CARRY4 (Prop_carry4_S[1]_CO[3])
                                                      0.256     7.194 r  clipper_cdf_inst/cdf_wr_data_reg[7]_i_518/CO[3]
                         net (fo=1, routed)           0.000     7.194    clipper_cdf_inst/cdf_wr_data_reg[7]_i_518_n_0
    SLICE_X30Y40         CARRY4 (Prop_carry4_CI_CO[3])
                                                      0.054     7.248 r  clipper_cdf_inst/cdf_wr_data_reg[7]_i_433/CO[3]
                         net (fo=1, routed)           0.000     7.248    clipper_cdf_inst/cdf_wr_data_reg[7]_i_433_n_0
    SLICE_X30Y41         CARRY4 (Prop_carry4_CI_CO[3])
                                                      0.054     7.302 r  clipper_cdf_inst/cdf_wr_data_reg[7]_i_428/CO[3]
                         net (fo=1, routed)           0.000     7.302    clipper_cdf_inst/cdf_wr_data_reg[7]_i_428_n_0
    SLICE_X30Y42         CARRY4 (Prop_carry4_CI_CO[3])
                                                      0.054     7.356 r  clipper_cdf_inst/cdf_wr_data_reg[7]_i_324/CO[3]
                         net (fo=1, routed)           0.000     7.356    clipper_cdf_inst/cdf_wr_data_reg[7]_i_324_n_0
    SLICE_X30Y43         CARRY4 (Prop_carry4_CI_CO[1])
                                                      0.076     7.432 r  clipper_cdf_inst/cdf_wr_data_reg[7]_i_200/CO[1]
                         net (fo=21, routed)          0.578     8.010    clipper_cdf_inst/cdf_wr_data_reg[7]_i_327_0[29]
    SLICE_X29Y41         LUT2 (Prop_lut2_I1_O)        0.124     8.134 r  clipper_cdf_inst/cdf_wr_data[7]_i_564/O
                         net (fo=1, routed)           0.000     8.134    clipper_cdf_inst/cdf_wr_data[7]_i_564_n_0
    SLICE_X29Y41         CARRY4 (Prop_carry4_S[1]_CO[3])
                                                      0.267     8.401 r  clipper_cdf_inst/cdf_wr_data_reg[7]_i_513/CO[3]
                         net (fo=1, routed)           0.000     8.401    clipper_cdf_inst/cdf_wr_data_reg[7]_i_513_n_0
    SLICE_X29Y42         CARRY4 (Prop_carry4_CI_CO[3])
                                                      0.053     8.454 r  clipper_cdf_inst/cdf_wr_data_reg[7]_i_423/CO[3]
                         net (fo=1, routed)           0.000     8.454    clipper_cdf_inst/cdf_wr_data_reg[7]_i_423_n_0
    SLICE_X29Y43         CARRY4 (Prop_carry4_CI_CO[3])
                                                      0.053     8.507 r  clipper_cdf_inst/cdf_wr_data_reg[7]_i_315/CO[3]
                         net (fo=1, routed)           0.000     8.507    clipper_cdf_inst/cdf_wr_data_reg[7]_i_315_n_0
    SLICE_X29Y44         CARRY4 (Prop_carry4_CI_CO[3])
                                                      0.053     8.560 r  clipper_cdf_inst/cdf_wr_data_reg[7]_i_312/CO[3]
                         net (fo=1, routed)           0.000     8.560    clipper_cdf_inst/cdf_wr_data_reg[7]_i_312_n_0
    SLICE_X29Y45         CARRY4 (Prop_carry4_CI_CO[1])
                                                      0.077     8.637 r  clipper_cdf_inst/cdf_wr_data_reg[7]_i_198/CO[1]
                         net (fo=21, routed)          0.637     9.274    clipper_cdf_inst/cdf_wr_data_reg[7]_i_327_0[28]
    SLICE_X29Y36         LUT2 (Prop_lut2_I1_O)        0.122     9.396 r  clipper_cdf_inst/cdf_wr_data[7]_i_560/O
                         net (fo=1, routed)           0.000     9.396    clipper_cdf_inst/cdf_wr_data[7]_i_560_n_0
    SLICE_X29Y36         CARRY4 (Prop_carry4_S[1]_CO[3])
                                                      0.267     9.663 r  clipper_cdf_inst/cdf_wr_data_reg[7]_i_508/CO[3]
                         net (fo=1, routed)           0.000     9.663    clipper_cdf_inst/cdf_wr_data_reg[7]_i_508_n_0
    SLICE_X29Y37         CARRY4 (Prop_carry4_CI_CO[3])
                                                      0.053     9.716 r  clipper_cdf_inst/cdf_wr_data_reg[7]_i_418/CO[3]
                         net (fo=1, routed)           0.000     9.716    clipper_cdf_inst/cdf_wr_data_reg[7]_i_418_n_0
    SLICE_X29Y38         CARRY4 (Prop_carry4_CI_CO[3])
                                                      0.053     9.769 r  clipper_cdf_inst/cdf_wr_data_reg[7]_i_307/CO[3]
                         net (fo=1, routed)           0.000     9.769    clipper_cdf_inst/cdf_wr_data_reg[7]_i_307_n_0
    SLICE_X29Y39         CARRY4 (Prop_carry4_CI_CO[3])
                                                      0.053     9.822 r  clipper_cdf_inst/cdf_wr_data_reg[7]_i_190/CO[3]
                         net (fo=1, routed)           0.000     9.822    clipper_cdf_inst/cdf_wr_data_reg[7]_i_190_n_0
    SLICE_X29Y40         CARRY4 (Prop_carry4_CI_CO[1])
                                                      0.077     9.899 r  clipper_cdf_inst/cdf_wr_data_reg[7]_i_189/CO[1]
                         net (fo=21, routed)          0.372    10.271    clipper_cdf_inst/cdf_wr_data_reg[7]_i_327_0[27]
    SLICE_X28Y38         LUT2 (Prop_lut2_I1_O)        0.122    10.393 r  clipper_cdf_inst/cdf_wr_data[7]_i_556/O
                         net (fo=1, routed)           0.000    10.393    clipper_cdf_inst/cdf_wr_data[7]_i_556_n_0
    SLICE_X28Y38         CARRY4 (Prop_carry4_S[1]_CO[3])
                                                      0.267    10.660 r  clipper_cdf_inst/cdf_wr_data_reg[7]_i_479/CO[3]
                         net (fo=1, routed)           0.000    10.660    clipper_cdf_inst/cdf_wr_data_reg[7]_i_479_n_0
    SLICE_X28Y39         CARRY4 (Prop_carry4_CI_CO[3])
                                                      0.053    10.713 r  clipper_cdf_inst/cdf_wr_data_reg[7]_i_413/CO[3]
                         net (fo=1, routed)           0.000    10.713    clipper_cdf_inst/cdf_wr_data_reg[7]_i_413_n_0
    SLICE_X28Y40         CARRY4 (Prop_carry4_CI_CO[3])
                                                      0.053    10.766 r  clipper_cdf_inst/cdf_wr_data_reg[7]_i_302/CO[3]
                         net (fo=1, routed)           0.000    10.766    clipper_cdf_inst/cdf_wr_data_reg[7]_i_302_n_0
    SLICE_X28Y41         CARRY4 (Prop_carry4_CI_CO[3])
                                                      0.053    10.819 r  clipper_cdf_inst/cdf_wr_data_reg[7]_i_186/CO[3]
                         net (fo=1, routed)           0.000    10.819    clipper_cdf_inst/cdf_wr_data_reg[7]_i_186_n_0
    SLICE_X28Y42         CARRY4 (Prop_carry4_CI_CO[1])
                                                      0.077    10.896 r  clipper_cdf_inst/cdf_wr_data_reg[7]_i_91/CO[1]
                         net (fo=21, routed)          0.459    11.355    clipper_cdf_inst/cdf_wr_data_reg[7]_i_327_0[26]
    SLICE_X26Y40         LUT2 (Prop_lut2_I1_O)        0.122    11.477 r  clipper_cdf_inst/cdf_wr_data[7]_i_552/O
                         net (fo=1, routed)           0.000    11.477    clipper_cdf_inst/cdf_wr_data[7]_i_552_n_0
    SLICE_X26Y40         CARRY4 (Prop_carry4_S[1]_CO[3])
                                                      0.256    11.733 r  clipper_cdf_inst/cdf_wr_data_reg[7]_i_474/CO[3]
                         net (fo=1, routed)           0.000    11.733    clipper_cdf_inst/cdf_wr_data_reg[7]_i_474_n_0
    SLICE_X26Y41         CARRY4 (Prop_carry4_CI_CO[3])
                                                      0.054    11.787 r  clipper_cdf_inst/cdf_wr_data_reg[7]_i_372/CO[3]
                         net (fo=1, routed)           0.000    11.787    clipper_cdf_inst/cdf_wr_data_reg[7]_i_372_n_0
    SLICE_X26Y42         CARRY4 (Prop_carry4_CI_CO[3])
                                                      0.054    11.841 r  clipper_cdf_inst/cdf_wr_data_reg[7]_i_301/CO[3]
                         net (fo=1, routed)           0.000    11.841    clipper_cdf_inst/cdf_wr_data_reg[7]_i_301_n_0
    SLICE_X26Y43         CARRY4 (Prop_carry4_CI_CO[3])
                                                      0.054    11.895 r  clipper_cdf_inst/cdf_wr_data_reg[7]_i_185/CO[3]
                         net (fo=1, routed)           0.000    11.895    clipper_cdf_inst/cdf_wr_data_reg[7]_i_185_n_0
    SLICE_X26Y44         CARRY4 (Prop_carry4_CI_CO[1])
                                                      0.076    11.971 r  clipper_cdf_inst/cdf_wr_data_reg[7]_i_90/CO[1]
                         net (fo=21, routed)          0.447    12.418    clipper_cdf_inst/cdf_wr_data_reg[7]_i_327_0[25]
    SLICE_X25Y42         LUT2 (Prop_lut2_I1_O)        0.124    12.542 r  clipper_cdf_inst/cdf_wr_data[7]_i_548/O
                         net (fo=1, routed)           0.000    12.542    clipper_cdf_inst/cdf_wr_data[7]_i_548_n_0
    SLICE_X25Y42         CARRY4 (Prop_carry4_S[1]_CO[3])
                                                      0.267    12.809 r  clipper_cdf_inst/cdf_wr_data_reg[7]_i_469/CO[3]
                         net (fo=1, routed)           0.000    12.809    clipper_cdf_inst/cdf_wr_data_reg[7]_i_469_n_0
    SLICE_X25Y43         CARRY4 (Prop_carry4_CI_CO[3])
                                                      0.053    12.862 r  clipper_cdf_inst/cdf_wr_data_reg[7]_i_367/CO[3]
                         net (fo=1, routed)           0.000    12.862    clipper_cdf_inst/cdf_wr_data_reg[7]_i_367_n_0
    SLICE_X25Y44         CARRY4 (Prop_carry4_CI_CO[3])
                                                      0.053    12.915 r  clipper_cdf_inst/cdf_wr_data_reg[7]_i_265/CO[3]
                         net (fo=1, routed)           0.000    12.915    clipper_cdf_inst/cdf_wr_data_reg[7]_i_265_n_0
    SLICE_X25Y45         CARRY4 (Prop_carry4_CI_CO[3])
                                                      0.053    12.968 r  clipper_cdf_inst/cdf_wr_data_reg[7]_i_193/CO[3]
                         net (fo=1, routed)           0.000    12.968    clipper_cdf_inst/cdf_wr_data_reg[7]_i_193_n_0
    SLICE_X25Y46         CARRY4 (Prop_carry4_CI_CO[1])
                                                      0.077    13.045 r  clipper_cdf_inst/cdf_wr_data_reg[7]_i_93/CO[1]
                         net (fo=21, routed)          0.554    13.599    clipper_cdf_inst/cdf_wr_data_reg[7]_i_327_0[24]
    SLICE_X28Y43         LUT2 (Prop_lut2_I1_O)        0.122    13.721 r  clipper_cdf_inst/cdf_wr_data[7]_i_544/O
                         net (fo=1, routed)           0.000    13.721    clipper_cdf_inst/cdf_wr_data[7]_i_544_n_0
    SLICE_X28Y43         CARRY4 (Prop_carry4_S[1]_CO[3])
                                                      0.267    13.988 r  clipper_cdf_inst/cdf_wr_data_reg[7]_i_464/CO[3]
                         net (fo=1, routed)           0.000    13.988    clipper_cdf_inst/cdf_wr_data_reg[7]_i_464_n_0
    SLICE_X28Y44         CARRY4 (Prop_carry4_CI_CO[3])
                                                      0.053    14.041 r  clipper_cdf_inst/cdf_wr_data_reg[7]_i_362/CO[3]
                         net (fo=1, routed)           0.000    14.041    clipper_cdf_inst/cdf_wr_data_reg[7]_i_362_n_0
    SLICE_X28Y45         CARRY4 (Prop_carry4_CI_CO[3])
                                                      0.053    14.094 r  clipper_cdf_inst/cdf_wr_data_reg[7]_i_260/CO[3]
                         net (fo=1, routed)           0.000    14.094    clipper_cdf_inst/cdf_wr_data_reg[7]_i_260_n_0
    SLICE_X28Y46         CARRY4 (Prop_carry4_CI_CO[3])
                                                      0.053    14.147 r  clipper_cdf_inst/cdf_wr_data_reg[7]_i_154/CO[3]
                         net (fo=1, routed)           0.000    14.147    clipper_cdf_inst/cdf_wr_data_reg[7]_i_154_n_0
    SLICE_X28Y47         CARRY4 (Prop_carry4_CI_CO[1])
                                                      0.077    14.224 r  clipper_cdf_inst/cdf_wr_data_reg[7]_i_92/CO[1]
                         net (fo=20, routed)          0.615    14.839    clipper_cdf_inst/cdf_wr_data_reg[7]_i_327_0[23]
    SLICE_X30Y44         LUT3 (Prop_lut3_I0_O)        0.122    14.961 r  clipper_cdf_inst/cdf_wr_data[7]_i_505/O
                         net (fo=1, routed)           0.000    14.961    clipper_cdf_inst/cdf_wr_data[7]_i_505_n_0
    SLICE_X30Y44         CARRY4 (Prop_carry4_S[3]_CO[3])
                                                      0.180    15.141 r  clipper_cdf_inst/cdf_wr_data_reg[7]_i_408/CO[3]
                         net (fo=1, routed)           0.000    15.141    clipper_cdf_inst/cdf_wr_data_reg[7]_i_408_n_0
    SLICE_X30Y45         CARRY4 (Prop_carry4_CI_CO[3])
                                                      0.054    15.195 r  clipper_cdf_inst/cdf_wr_data_reg[7]_i_357/CO[3]
                         net (fo=1, routed)           0.000    15.195    clipper_cdf_inst/cdf_wr_data_reg[7]_i_357_n_0
    SLICE_X30Y46         CARRY4 (Prop_carry4_CI_CO[3])
                                                      0.054    15.249 r  clipper_cdf_inst/cdf_wr_data_reg[7]_i_255/CO[3]
                         net (fo=1, routed)           0.000    15.249    clipper_cdf_inst/cdf_wr_data_reg[7]_i_255_n_0
    SLICE_X30Y47         CARRY4 (Prop_carry4_CI_CO[3])
                                                      0.054    15.303 r  clipper_cdf_inst/cdf_wr_data_reg[7]_i_153/CO[3]
                         net (fo=1, routed)           0.000    15.303    clipper_cdf_inst/cdf_wr_data_reg[7]_i_153_n_0
    SLICE_X30Y48         CARRY4 (Prop_carry4_CI_CO[1])
                                                      0.076    15.379 r  clipper_cdf_inst/cdf_wr_data_reg[7]_i_75/CO[1]
                         net (fo=20, routed)          0.466    15.845    clipper_cdf_inst/cdf_wr_data_reg[7]_i_327_0[22]
    SLICE_X31Y45         LUT3 (Prop_lut3_I0_O)        0.124    15.969 r  clipper_cdf_inst/cdf_wr_data[7]_i_504/O
                         net (fo=1, routed)           0.000    15.969    clipper_cdf_inst/cdf_wr_data[7]_i_504_n_0
    SLICE_X31Y45         CARRY4 (Prop_carry4_S[1]_CO[3])
                                                      0.267    16.236 r  clipper_cdf_inst/cdf_wr_data_reg[7]_i_403/CO[3]
                         net (fo=1, routed)           0.000    16.236    clipper_cdf_inst/cdf_wr_data_reg[7]_i_403_n_0
    SLICE_X31Y46         CARRY4 (Prop_carry4_CI_CO[3])
                                                      0.053    16.289 r  clipper_cdf_inst/cdf_wr_data_reg[7]_i_296/CO[3]
                         net (fo=1, routed)           0.000    16.289    clipper_cdf_inst/cdf_wr_data_reg[7]_i_296_n_0
    SLICE_X31Y47         CARRY4 (Prop_carry4_CI_CO[3])
                                                      0.053    16.342 r  clipper_cdf_inst/cdf_wr_data_reg[7]_i_250/CO[3]
                         net (fo=1, routed)           0.000    16.342    clipper_cdf_inst/cdf_wr_data_reg[7]_i_250_n_0
    SLICE_X31Y48         CARRY4 (Prop_carry4_CI_CO[3])
                                                      0.053    16.395 r  clipper_cdf_inst/cdf_wr_data_reg[7]_i_148/CO[3]
                         net (fo=1, routed)           0.000    16.395    clipper_cdf_inst/cdf_wr_data_reg[7]_i_148_n_0
    SLICE_X31Y49         CARRY4 (Prop_carry4_CI_CO[1])
                                                      0.077    16.472 r  clipper_cdf_inst/cdf_wr_data_reg[7]_i_76/CO[1]
                         net (fo=20, routed)          0.535    17.007    clipper_cdf_inst/cdf_wr_data_reg[7]_i_327_0[21]
    SLICE_X29Y46         CARRY4 (Prop_carry4_CYINIT_CO[3])
                                                      0.366    17.373 r  clipper_cdf_inst/cdf_wr_data_reg[7]_i_393/CO[3]
                         net (fo=1, routed)           0.000    17.373    clipper_cdf_inst/cdf_wr_data_reg[7]_i_393_n_0
    SLICE_X29Y47         CARRY4 (Prop_carry4_CI_CO[3])
                                                      0.053    17.426 r  clipper_cdf_inst/cdf_wr_data_reg[7]_i_291/CO[3]
                         net (fo=1, routed)           0.000    17.426    clipper_cdf_inst/cdf_wr_data_reg[7]_i_291_n_0
    SLICE_X29Y48         CARRY4 (Prop_carry4_CI_CO[3])
                                                      0.053    17.479 r  clipper_cdf_inst/cdf_wr_data_reg[7]_i_180/CO[3]
                         net (fo=1, routed)           0.000    17.479    clipper_cdf_inst/cdf_wr_data_reg[7]_i_180_n_0
    SLICE_X29Y49         CARRY4 (Prop_carry4_CI_CO[3])
                                                      0.053    17.532 r  clipper_cdf_inst/cdf_wr_data_reg[7]_i_147/CO[3]
                         net (fo=1, routed)           0.001    17.533    clipper_cdf_inst/cdf_wr_data_reg[7]_i_147_n_0
    SLICE_X29Y50         CARRY4 (Prop_carry4_CI_CO[1])
                                                      0.077    17.610 r  clipper_cdf_inst/cdf_wr_data_reg[7]_i_73/CO[1]
                         net (fo=20, routed)          0.465    18.075    clipper_cdf_inst/cdf_wr_data_reg[7]_i_327_0[20]
    SLICE_X28Y49         LUT3 (Prop_lut3_I0_O)        0.122    18.197 r  clipper_cdf_inst/cdf_wr_data[7]_i_396/O
                         net (fo=1, routed)           0.000    18.197    clipper_cdf_inst/cdf_wr_data[7]_i_396_n_0
    SLICE_X28Y49         CARRY4 (Prop_carry4_S[1]_CO[3])
                                                      0.267    18.464 r  clipper_cdf_inst/cdf_wr_data_reg[7]_i_281/CO[3]
                         net (fo=1, routed)           0.001    18.464    clipper_cdf_inst/cdf_wr_data_reg[7]_i_281_n_0
    SLICE_X28Y50         CARRY4 (Prop_carry4_CI_CO[3])
                                                      0.053    18.517 r  clipper_cdf_inst/cdf_wr_data_reg[7]_i_175/CO[3]
                         net (fo=1, routed)           0.000    18.517    clipper_cdf_inst/cdf_wr_data_reg[7]_i_175_n_0
    SLICE_X28Y51         CARRY4 (Prop_carry4_CI_CO[3])
                                                      0.053    18.570 r  clipper_cdf_inst/cdf_wr_data_reg[7]_i_85/CO[3]
                         net (fo=1, routed)           0.000    18.570    clipper_cdf_inst/cdf_wr_data_reg[7]_i_85_n_0
    SLICE_X28Y52         CARRY4 (Prop_carry4_CI_CO[1])
                                                      0.077    18.647 r  clipper_cdf_inst/cdf_wr_data_reg[7]_i_74/CO[1]
                         net (fo=20, routed)          0.473    19.120    clipper_cdf_inst/cdf_wr_data_reg[7]_i_327_0[19]
    SLICE_X27Y47         LUT3 (Prop_lut3_I0_O)        0.122    19.242 r  clipper_cdf_inst/cdf_wr_data[7]_i_492/O
                         net (fo=1, routed)           0.000    19.242    clipper_cdf_inst/cdf_wr_data[7]_i_492_n_0
    SLICE_X27Y47         CARRY4 (Prop_carry4_S[1]_CO[3])
                                                      0.267    19.509 r  clipper_cdf_inst/cdf_wr_data_reg[7]_i_383/CO[3]
                         net (fo=1, routed)           0.000    19.509    clipper_cdf_inst/cdf_wr_data_reg[7]_i_383_n_0
    SLICE_X27Y48         CARRY4 (Prop_carry4_CI_CO[3])
                                                      0.053    19.562 r  clipper_cdf_inst/cdf_wr_data_reg[7]_i_276/CO[3]
                         net (fo=1, routed)           0.000    19.562    clipper_cdf_inst/cdf_wr_data_reg[7]_i_276_n_0
    SLICE_X27Y49         CARRY4 (Prop_carry4_CI_CO[3])
                                                      0.053    19.615 r  clipper_cdf_inst/cdf_wr_data_reg[7]_i_165/CO[3]
                         net (fo=1, routed)           0.001    19.616    clipper_cdf_inst/cdf_wr_data_reg[7]_i_165_n_0
    SLICE_X27Y50         CARRY4 (Prop_carry4_CI_CO[3])
                                                      0.053    19.669 r  clipper_cdf_inst/cdf_wr_data_reg[7]_i_84/CO[3]
                         net (fo=1, routed)           0.000    19.669    clipper_cdf_inst/cdf_wr_data_reg[7]_i_84_n_0
    SLICE_X27Y51         CARRY4 (Prop_carry4_CI_CO[1])
                                                      0.077    19.746 r  clipper_cdf_inst/cdf_wr_data_reg[7]_i_36/CO[1]
                         net (fo=20, routed)          0.452    20.197    clipper_cdf_inst/cdf_wr_data_reg[7]_i_327_0[18]
    SLICE_X26Y47         LUT3 (Prop_lut3_I0_O)        0.122    20.319 r  clipper_cdf_inst/cdf_wr_data[7]_i_489/O
                         net (fo=1, routed)           0.000    20.319    clipper_cdf_inst/cdf_wr_data[7]_i_489_n_0
    SLICE_X26Y47         CARRY4 (Prop_carry4_S[1]_CO[3])
                                                      0.256    20.575 r  clipper_cdf_inst/cdf_wr_data_reg[7]_i_378/CO[3]
                         net (fo=1, routed)           0.000    20.575    clipper_cdf_inst/cdf_wr_data_reg[7]_i_378_n_0
    SLICE_X26Y48         CARRY4 (Prop_carry4_CI_CO[3])
                                                      0.054    20.629 r  clipper_cdf_inst/cdf_wr_data_reg[7]_i_271/CO[3]
                         net (fo=1, routed)           0.000    20.629    clipper_cdf_inst/cdf_wr_data_reg[7]_i_271_n_0
    SLICE_X26Y49         CARRY4 (Prop_carry4_CI_CO[3])
                                                      0.054    20.683 r  clipper_cdf_inst/cdf_wr_data_reg[7]_i_160/CO[3]
                         net (fo=1, routed)           0.001    20.684    clipper_cdf_inst/cdf_wr_data_reg[7]_i_160_n_0
    SLICE_X26Y50         CARRY4 (Prop_carry4_CI_CO[3])
                                                      0.054    20.738 r  clipper_cdf_inst/cdf_wr_data_reg[7]_i_78/CO[3]
                         net (fo=1, routed)           0.000    20.738    clipper_cdf_inst/cdf_wr_data_reg[7]_i_78_n_0
    SLICE_X26Y51         CARRY4 (Prop_carry4_CI_CO[1])
                                                      0.076    20.814 r  clipper_cdf_inst/cdf_wr_data_reg[7]_i_37/CO[1]
                         net (fo=20, routed)          0.496    21.310    clipper_cdf_inst/cdf_wr_data_reg[7]_i_327_0[17]
    SLICE_X24Y46         LUT3 (Prop_lut3_I0_O)        0.124    21.434 r  clipper_cdf_inst/cdf_wr_data[7]_i_486/O
                         net (fo=1, routed)           0.000    21.434    clipper_cdf_inst/cdf_wr_data[7]_i_486_n_0
    SLICE_X24Y46         CARRY4 (Prop_carry4_S[1]_CO[3])
                                                      0.256    21.690 r  clipper_cdf_inst/cdf_wr_data_reg[7]_i_377/CO[3]
                         net (fo=1, routed)           0.000    21.690    clipper_cdf_inst/cdf_wr_data_reg[7]_i_377_n_0
    SLICE_X24Y47         CARRY4 (Prop_carry4_CI_CO[3])
                                                      0.054    21.744 r  clipper_cdf_inst/cdf_wr_data_reg[7]_i_270/CO[3]
                         net (fo=1, routed)           0.000    21.744    clipper_cdf_inst/cdf_wr_data_reg[7]_i_270_n_0
    SLICE_X24Y48         CARRY4 (Prop_carry4_CI_CO[3])
                                                      0.054    21.798 r  clipper_cdf_inst/cdf_wr_data_reg[7]_i_159/CO[3]
                         net (fo=1, routed)           0.000    21.798    clipper_cdf_inst/cdf_wr_data_reg[7]_i_159_n_0
    SLICE_X24Y49         CARRY4 (Prop_carry4_CI_CO[3])
                                                      0.054    21.852 r  clipper_cdf_inst/cdf_wr_data_reg[7]_i_77/CO[3]
                         net (fo=1, routed)           0.001    21.853    clipper_cdf_inst/cdf_wr_data_reg[7]_i_77_n_0
    SLICE_X24Y50         CARRY4 (Prop_carry4_CI_CO[1])
                                                      0.076    21.929 r  clipper_cdf_inst/cdf_wr_data_reg[7]_i_34/CO[1]
                         net (fo=20, routed)          0.414    22.343    clipper_cdf_inst/cdf_wr_data_reg[7]_i_327_0[16]
    SLICE_X23Y49         CARRY4 (Prop_carry4_CYINIT_CO[3])
                                                      0.368    22.711 r  clipper_cdf_inst/cdf_wr_data_reg[7]_i_398/CO[3]
                         net (fo=1, routed)           0.001    22.712    clipper_cdf_inst/cdf_wr_data_reg[7]_i_398_n_0
    SLICE_X23Y50         CARRY4 (Prop_carry4_CI_CO[3])
                                                      0.053    22.765 r  clipper_cdf_inst/cdf_wr_data_reg[7]_i_286/CO[3]
                         net (fo=1, routed)           0.000    22.765    clipper_cdf_inst/cdf_wr_data_reg[7]_i_286_n_0
    SLICE_X23Y51         CARRY4 (Prop_carry4_CI_CO[3])
                                                      0.053    22.818 r  clipper_cdf_inst/cdf_wr_data_reg[7]_i_170/CO[3]
                         net (fo=1, routed)           0.000    22.818    clipper_cdf_inst/cdf_wr_data_reg[7]_i_170_n_0
    SLICE_X23Y52         CARRY4 (Prop_carry4_CI_CO[3])
                                                      0.053    22.871 r  clipper_cdf_inst/cdf_wr_data_reg[7]_i_81/CO[3]
                         net (fo=1, routed)           0.000    22.871    clipper_cdf_inst/cdf_wr_data_reg[7]_i_81_n_0
    SLICE_X23Y53         CARRY4 (Prop_carry4_CI_CO[1])
                                                      0.077    22.948 r  clipper_cdf_inst/cdf_wr_data_reg[7]_i_35/CO[1]
                         net (fo=20, routed)          0.373    23.321    clipper_cdf_inst/cdf_wr_data_reg[7]_i_327_0[15]
    SLICE_X22Y51         LUT3 (Prop_lut3_I0_O)        0.122    23.443 r  clipper_cdf_inst/cdf_wr_data[7]_i_463/O
                         net (fo=1, routed)           0.000    23.443    clipper_cdf_inst/cdf_wr_data[7]_i_463_n_0
    SLICE_X22Y51         CARRY4 (Prop_carry4_S[1]_CO[3])
                                                      0.256    23.699 r  clipper_cdf_inst/cdf_wr_data_reg[7]_i_349/CO[3]
                         net (fo=1, routed)           0.000    23.699    clipper_cdf_inst/cdf_wr_data_reg[7]_i_349_n_0
    SLICE_X22Y52         CARRY4 (Prop_carry4_CI_CO[3])
                                                      0.054    23.753 r  clipper_cdf_inst/cdf_wr_data_reg[7]_i_330/CO[3]
                         net (fo=1, routed)           0.000    23.753    clipper_cdf_inst/cdf_wr_data_reg[7]_i_330_n_0
    SLICE_X22Y53         CARRY4 (Prop_carry4_CI_CO[3])
                                                      0.054    23.807 r  clipper_cdf_inst/cdf_wr_data_reg[7]_i_206/CO[3]
                         net (fo=1, routed)           0.000    23.807    clipper_cdf_inst/cdf_wr_data_reg[7]_i_206_n_0
    SLICE_X22Y54         CARRY4 (Prop_carry4_CI_CO[3])
                                                      0.054    23.861 r  clipper_cdf_inst/cdf_wr_data_reg[7]_i_101/CO[3]
                         net (fo=1, routed)           0.000    23.861    clipper_cdf_inst/cdf_wr_data_reg[7]_i_101_n_0
    SLICE_X22Y55         CARRY4 (Prop_carry4_CI_CO[1])
                                                      0.076    23.937 r  clipper_cdf_inst/cdf_wr_data_reg[7]_i_41/CO[1]
                         net (fo=20, routed)          0.409    24.345    clipper_cdf_inst/cdf_wr_data_reg[7]_i_327_0[14]
    SLICE_X25Y52         LUT3 (Prop_lut3_I0_O)        0.124    24.469 r  clipper_cdf_inst/cdf_wr_data[7]_i_460/O
                         net (fo=1, routed)           0.000    24.469    clipper_cdf_inst/cdf_wr_data[7]_i_460_n_0
    SLICE_X25Y52         CARRY4 (Prop_carry4_S[1]_CO[3])
                                                      0.267    24.736 r  clipper_cdf_inst/cdf_wr_data_reg[7]_i_344/CO[3]
                         net (fo=1, routed)           0.000    24.736    clipper_cdf_inst/cdf_wr_data_reg[7]_i_344_n_0
    SLICE_X25Y53         CARRY4 (Prop_carry4_CI_CO[3])
                                                      0.053    24.789 r  clipper_cdf_inst/cdf_wr_data_reg[7]_i_225/CO[3]
                         net (fo=1, routed)           0.000    24.789    clipper_cdf_inst/cdf_wr_data_reg[7]_i_225_n_0
    SLICE_X25Y54         CARRY4 (Prop_carry4_CI_CO[3])
                                                      0.053    24.842 r  clipper_cdf_inst/cdf_wr_data_reg[7]_i_201/CO[3]
                         net (fo=1, routed)           0.000    24.842    clipper_cdf_inst/cdf_wr_data_reg[7]_i_201_n_0
    SLICE_X25Y55         CARRY4 (Prop_carry4_CI_CO[3])
                                                      0.053    24.895 r  clipper_cdf_inst/cdf_wr_data_reg[7]_i_96/CO[3]
                         net (fo=1, routed)           0.000    24.895    clipper_cdf_inst/cdf_wr_data_reg[7]_i_96_n_0
    SLICE_X25Y56         CARRY4 (Prop_carry4_CI_CO[1])
                                                      0.077    24.972 r  clipper_cdf_inst/cdf_wr_data_reg[7]_i_42/CO[1]
                         net (fo=20, routed)          0.485    25.457    clipper_cdf_inst/cdf_wr_data_reg[7]_i_327_0[13]
    SLICE_X26Y52         LUT3 (Prop_lut3_I0_O)        0.122    25.579 r  clipper_cdf_inst/cdf_wr_data[7]_i_457/O
                         net (fo=1, routed)           0.000    25.579    clipper_cdf_inst/cdf_wr_data[7]_i_457_n_0
    SLICE_X26Y52         CARRY4 (Prop_carry4_S[1]_CO[3])
                                                      0.256    25.835 r  clipper_cdf_inst/cdf_wr_data_reg[7]_i_339/CO[3]
                         net (fo=1, routed)           0.000    25.835    clipper_cdf_inst/cdf_wr_data_reg[7]_i_339_n_0
    SLICE_X26Y53         CARRY4 (Prop_carry4_CI_CO[3])
                                                      0.054    25.889 r  clipper_cdf_inst/cdf_wr_data_reg[7]_i_220/CO[3]
                         net (fo=1, routed)           0.000    25.889    clipper_cdf_inst/cdf_wr_data_reg[7]_i_220_n_0
    SLICE_X26Y54         CARRY4 (Prop_carry4_CI_CO[3])
                                                      0.054    25.943 r  clipper_cdf_inst/cdf_wr_data_reg[7]_i_116/CO[3]
                         net (fo=1, routed)           0.000    25.943    clipper_cdf_inst/cdf_wr_data_reg[7]_i_116_n_0
    SLICE_X26Y55         CARRY4 (Prop_carry4_CI_CO[3])
                                                      0.054    25.997 r  clipper_cdf_inst/cdf_wr_data_reg[7]_i_95/CO[3]
                         net (fo=1, routed)           0.000    25.997    clipper_cdf_inst/cdf_wr_data_reg[7]_i_95_n_0
    SLICE_X26Y56         CARRY4 (Prop_carry4_CI_CO[1])
                                                      0.076    26.073 r  clipper_cdf_inst/cdf_wr_data_reg[7]_i_39/CO[1]
                         net (fo=20, routed)          0.475    26.548    clipper_cdf_inst/cdf_wr_data_reg[7]_i_327_0[12]
    SLICE_X27Y52         LUT3 (Prop_lut3_I0_O)        0.124    26.672 r  clipper_cdf_inst/cdf_wr_data[7]_i_356/O
                         net (fo=1, routed)           0.000    26.672    clipper_cdf_inst/cdf_wr_data[7]_i_356_n_0
    SLICE_X27Y52         CARRY4 (Prop_carry4_S[1]_CO[3])
                                                      0.267    26.939 r  clipper_cdf_inst/cdf_wr_data_reg[7]_i_242/CO[3]
                         net (fo=1, routed)           0.000    26.939    clipper_cdf_inst/cdf_wr_data_reg[7]_i_242_n_0
    SLICE_X27Y53         CARRY4 (Prop_carry4_CI_CO[3])
                                                      0.053    26.992 r  clipper_cdf_inst/cdf_wr_data_reg[7]_i_215/CO[3]
                         net (fo=1, routed)           0.000    26.992    clipper_cdf_inst/cdf_wr_data_reg[7]_i_215_n_0
    SLICE_X27Y54         CARRY4 (Prop_carry4_CI_CO[3])
                                                      0.053    27.045 r  clipper_cdf_inst/cdf_wr_data_reg[7]_i_111/CO[3]
                         net (fo=1, routed)           0.000    27.045    clipper_cdf_inst/cdf_wr_data_reg[7]_i_111_n_0
    SLICE_X27Y55         CARRY4 (Prop_carry4_CI_CO[3])
                                                      0.053    27.098 r  clipper_cdf_inst/cdf_wr_data_reg[7]_i_47/CO[3]
                         net (fo=1, routed)           0.000    27.098    clipper_cdf_inst/cdf_wr_data_reg[7]_i_47_n_0
    SLICE_X27Y56         CARRY4 (Prop_carry4_CI_CO[1])
                                                      0.077    27.175 r  clipper_cdf_inst/cdf_wr_data_reg[7]_i_40/CO[1]
                         net (fo=20, routed)          0.439    27.614    clipper_cdf_inst/cdf_wr_data_reg[7]_i_327_0[11]
    SLICE_X28Y53         CARRY4 (Prop_carry4_CYINIT_CO[3])
                                                      0.366    27.980 r  clipper_cdf_inst/cdf_wr_data_reg[7]_i_142/CO[3]
                         net (fo=1, routed)           0.000    27.980    clipper_cdf_inst/cdf_wr_data_reg[7]_i_142_n_0
    SLICE_X28Y54         CARRY4 (Prop_carry4_CI_CO[3])
                                                      0.053    28.033 r  clipper_cdf_inst/cdf_wr_data_reg[7]_i_137/CO[3]
                         net (fo=1, routed)           0.000    28.033    clipper_cdf_inst/cdf_wr_data_reg[7]_i_137_n_0
    SLICE_X28Y55         CARRY4 (Prop_carry4_CI_CO[3])
                                                      0.053    28.086 r  clipper_cdf_inst/cdf_wr_data_reg[7]_i_106/CO[3]
                         net (fo=1, routed)           0.000    28.086    clipper_cdf_inst/cdf_wr_data_reg[7]_i_106_n_0
    SLICE_X28Y56         CARRY4 (Prop_carry4_CI_CO[3])
                                                      0.053    28.139 r  clipper_cdf_inst/cdf_wr_data_reg[7]_i_46/CO[3]
                         net (fo=1, routed)           0.000    28.139    clipper_cdf_inst/cdf_wr_data_reg[7]_i_46_n_0
    SLICE_X28Y57         CARRY4 (Prop_carry4_CI_CO[1])
                                                      0.077    28.216 r  clipper_cdf_inst/cdf_wr_data_reg[7]_i_16/CO[1]
                         net (fo=20, routed)          0.468    28.684    clipper_cdf_inst/cdf_wr_data_reg[7]_i_327_0[10]
    SLICE_X29Y54         LUT3 (Prop_lut3_I0_O)        0.122    28.806 r  clipper_cdf_inst/cdf_wr_data[7]_i_241/O
                         net (fo=1, routed)           0.000    28.806    clipper_cdf_inst/cdf_wr_data[7]_i_241_n_0
    SLICE_X29Y54         CARRY4 (Prop_carry4_S[1]_CO[3])
                                                      0.267    29.073 r  clipper_cdf_inst/cdf_wr_data_reg[7]_i_132/CO[3]
                         net (fo=1, routed)           0.000    29.073    clipper_cdf_inst/cdf_wr_data_reg[7]_i_132_n_0
    SLICE_X29Y55         CARRY4 (Prop_carry4_CI_CO[3])
                                                      0.053    29.126 r  clipper_cdf_inst/cdf_wr_data_reg[7]_i_68/CO[3]
                         net (fo=1, routed)           0.000    29.126    clipper_cdf_inst/cdf_wr_data_reg[7]_i_68_n_0
    SLICE_X29Y56         CARRY4 (Prop_carry4_CI_CO[3])
                                                      0.053    29.179 r  clipper_cdf_inst/cdf_wr_data_reg[7]_i_63/CO[3]
                         net (fo=1, routed)           0.000    29.179    clipper_cdf_inst/cdf_wr_data_reg[7]_i_63_n_0
    SLICE_X29Y57         CARRY4 (Prop_carry4_CI_CO[3])
                                                      0.053    29.232 r  clipper_cdf_inst/cdf_wr_data_reg[7]_i_43/CO[3]
                         net (fo=1, routed)           0.000    29.232    clipper_cdf_inst/cdf_wr_data_reg[7]_i_43_n_0
    SLICE_X29Y58         CARRY4 (Prop_carry4_CI_CO[1])
                                                      0.077    29.309 r  clipper_cdf_inst/cdf_wr_data_reg[7]_i_17/CO[1]
                         net (fo=20, routed)          0.596    29.905    clipper_cdf_inst/cdf_wr_data_reg[7]_i_327_0[9]
    SLICE_X30Y50         LUT3 (Prop_lut3_I0_O)        0.122    30.027 r  clipper_cdf_inst/cdf_wr_data[7]_i_238/O
                         net (fo=1, routed)           0.000    30.027    clipper_cdf_inst/cdf_wr_data[7]_i_238_n_0
    SLICE_X30Y50         CARRY4 (Prop_carry4_S[1]_CO[3])
                                                      0.256    30.283 r  clipper_cdf_inst/cdf_wr_data_reg[7]_i_127/CO[3]
                         net (fo=1, routed)           0.000    30.283    clipper_cdf_inst/cdf_wr_data_reg[7]_i_127_n_0
    SLICE_X30Y51         CARRY4 (Prop_carry4_CI_CO[3])
                                                      0.054    30.337 r  clipper_cdf_inst/cdf_wr_data_reg[7]_i_58/CO[3]
                         net (fo=1, routed)           0.000    30.337    clipper_cdf_inst/cdf_wr_data_reg[7]_i_58_n_0
    SLICE_X30Y52         CARRY4 (Prop_carry4_CI_CO[3])
                                                      0.054    30.391 r  clipper_cdf_inst/cdf_wr_data_reg[7]_i_28/CO[3]
                         net (fo=1, routed)           0.000    30.391    clipper_cdf_inst/cdf_wr_data_reg[7]_i_28_n_0
    SLICE_X30Y53         CARRY4 (Prop_carry4_CI_CO[3])
                                                      0.054    30.445 r  clipper_cdf_inst/cdf_wr_data_reg[7]_i_25/CO[3]
                         net (fo=1, routed)           0.000    30.445    clipper_cdf_inst/cdf_wr_data_reg[7]_i_25_n_0
    SLICE_X30Y54         CARRY4 (Prop_carry4_CI_CO[1])
                                                      0.076    30.521 r  clipper_cdf_inst/cdf_wr_data_reg[7]_i_15/CO[1]
                         net (fo=20, routed)          0.479    31.000    clipper_cdf_inst/cdf_wr_data_reg[7]_i_327_0[8]
    SLICE_X31Y51         LUT3 (Prop_lut3_I0_O)        0.124    31.124 r  clipper_cdf_inst/cdf_wr_data[7]_i_235/O
                         net (fo=1, routed)           0.000    31.124    clipper_cdf_inst/cdf_wr_data[7]_i_235_n_0
    SLICE_X31Y51         CARRY4 (Prop_carry4_S[1]_CO[3])
                                                      0.267    31.391 r  clipper_cdf_inst/cdf_wr_data_reg[7]_i_122/CO[3]
                         net (fo=1, routed)           0.000    31.391    clipper_cdf_inst/cdf_wr_data_reg[7]_i_122_n_0
    SLICE_X31Y52         CARRY4 (Prop_carry4_CI_CO[3])
                                                      0.053    31.444 r  clipper_cdf_inst/cdf_wr_data_reg[7]_i_53/CO[3]
                         net (fo=1, routed)           0.000    31.444    clipper_cdf_inst/cdf_wr_data_reg[7]_i_53_n_0
    SLICE_X31Y53         CARRY4 (Prop_carry4_CI_CO[3])
                                                      0.053    31.497 r  clipper_cdf_inst/cdf_wr_data_reg[7]_i_20/CO[3]
                         net (fo=1, routed)           0.000    31.497    clipper_cdf_inst/cdf_wr_data_reg[7]_i_20_n_0
    SLICE_X31Y54         CARRY4 (Prop_carry4_CI_CO[3])
                                                      0.053    31.550 r  clipper_cdf_inst/cdf_wr_data_reg[7]_i_10/CO[3]
                         net (fo=1, routed)           0.000    31.550    clipper_cdf_inst/cdf_wr_data_reg[7]_i_10_n_0
    SLICE_X31Y55         CARRY4 (Prop_carry4_CI_CO[1])
                                                      0.077    31.627 r  clipper_cdf_inst/cdf_wr_data_reg[7]_i_9/CO[1]
                         net (fo=20, routed)          0.320    31.948    clipper_cdf_inst/cdf_wr_data_reg[7]_i_327_0[7]
    SLICE_X32Y54         CARRY4 (Prop_carry4_CYINIT_CO[3])
                                                      0.376    32.324 r  clipper_cdf_inst/cdf_wr_data_reg[7]_i_121/CO[3]
                         net (fo=1, routed)           0.000    32.324    clipper_cdf_inst/cdf_wr_data_reg[7]_i_121_n_0
    SLICE_X32Y55         CARRY4 (Prop_carry4_CI_CO[3])
                                                      0.054    32.378 r  clipper_cdf_inst/cdf_wr_data_reg[7]_i_52/CO[3]
                         net (fo=1, routed)           0.000    32.378    clipper_cdf_inst/cdf_wr_data_reg[7]_i_52_n_0
    SLICE_X32Y56         CARRY4 (Prop_carry4_CI_CO[3])
                                                      0.054    32.432 r  clipper_cdf_inst/cdf_wr_data_reg[7]_i_19/CO[3]
                         net (fo=1, routed)           0.000    32.432    clipper_cdf_inst/cdf_wr_data_reg[7]_i_19_n_0
    SLICE_X32Y57         CARRY4 (Prop_carry4_CI_CO[3])
                                                      0.054    32.486 r  clipper_cdf_inst/cdf_wr_data_reg[7]_i_8/CO[3]
                         net (fo=1, routed)           0.000    32.486    clipper_cdf_inst/cdf_wr_data_reg[7]_i_8_n_0
    SLICE_X32Y58         CARRY4 (Prop_carry4_CI_CO[1])
                                                      0.076    32.562 r  clipper_cdf_inst/cdf_wr_data_reg[7]_i_4/CO[1]
                         net (fo=20, routed)          0.463    33.024    clipper_cdf_inst/cdf_wr_data_reg[7]_i_327_0[6]
    SLICE_X30Y55         LUT3 (Prop_lut3_I0_O)        0.124    33.148 r  clipper_cdf_inst/cdf_wr_data[6]_i_23/O
                         net (fo=1, routed)           0.000    33.148    clipper_cdf_inst/cdf_wr_data[6]_i_23_n_0
    SLICE_X30Y55         CARRY4 (Prop_carry4_S[1]_CO[3])
                                                      0.256    33.404 r  clipper_cdf_inst/cdf_wr_data_reg[6]_i_16/CO[3]
                         net (fo=1, routed)           0.000    33.404    clipper_cdf_inst/cdf_wr_data_reg[6]_i_16_n_0
    SLICE_X30Y56         CARRY4 (Prop_carry4_CI_CO[3])
                                                      0.054    33.458 r  clipper_cdf_inst/cdf_wr_data_reg[6]_i_11/CO[3]
                         net (fo=1, routed)           0.000    33.458    clipper_cdf_inst/cdf_wr_data_reg[6]_i_11_n_0
    SLICE_X30Y57         CARRY4 (Prop_carry4_CI_CO[3])
                                                      0.054    33.512 r  clipper_cdf_inst/cdf_wr_data_reg[6]_i_6/CO[3]
                         net (fo=1, routed)           0.000    33.512    clipper_cdf_inst/cdf_wr_data_reg[6]_i_6_n_0
    SLICE_X30Y58         CARRY4 (Prop_carry4_CI_CO[3])
                                                      0.054    33.566 r  clipper_cdf_inst/cdf_wr_data_reg[6]_i_3/CO[3]
                         net (fo=1, routed)           0.000    33.566    clipper_cdf_inst/cdf_wr_data_reg[6]_i_3_n_0
    SLICE_X30Y59         CARRY4 (Prop_carry4_CI_CO[1])
                                                      0.076    33.642 r  clipper_cdf_inst/cdf_wr_data_reg[6]_i_2/CO[1]
                         net (fo=20, routed)          0.470    34.113    clipper_cdf_inst/cdf_wr_data_reg[7]_i_327_0[5]
    SLICE_X26Y58         CARRY4 (Prop_carry4_CYINIT_CO[3])
                                                      0.378    34.491 r  clipper_cdf_inst/cdf_wr_data_reg[5]_i_16/CO[3]
                         net (fo=1, routed)           0.000    34.491    clipper_cdf_inst/cdf_wr_data_reg[5]_i_16_n_0
    SLICE_X26Y59         CARRY4 (Prop_carry4_CI_CO[3])
                                                      0.054    34.545 r  clipper_cdf_inst/cdf_wr_data_reg[5]_i_11/CO[3]
                         net (fo=1, routed)           0.000    34.545    clipper_cdf_inst/cdf_wr_data_reg[5]_i_11_n_0
    SLICE_X26Y60         CARRY4 (Prop_carry4_CI_CO[3])
                                                      0.054    34.599 r  clipper_cdf_inst/cdf_wr_data_reg[5]_i_6/CO[3]
                         net (fo=1, routed)           0.000    34.599    clipper_cdf_inst/cdf_wr_data_reg[5]_i_6_n_0
    SLICE_X26Y61         CARRY4 (Prop_carry4_CI_CO[3])
                                                      0.054    34.653 r  clipper_cdf_inst/cdf_wr_data_reg[5]_i_3/CO[3]
                         net (fo=1, routed)           0.000    34.653    clipper_cdf_inst/cdf_wr_data_reg[5]_i_3_n_0
    SLICE_X26Y62         CARRY4 (Prop_carry4_CI_CO[1])
                                                      0.076    34.729 r  clipper_cdf_inst/cdf_wr_data_reg[5]_i_2/CO[1]
                         net (fo=20, routed)          0.439    35.168    clipper_cdf_inst/cdf_wr_data_reg[7]_i_327_0[4]
    SLICE_X27Y59         LUT3 (Prop_lut3_I0_O)        0.124    35.292 r  clipper_cdf_inst/cdf_wr_data[4]_i_23/O
                         net (fo=1, routed)           0.000    35.292    clipper_cdf_inst/cdf_wr_data[4]_i_23_n_0
    SLICE_X27Y59         CARRY4 (Prop_carry4_S[1]_CO[3])
                                                      0.267    35.559 r  clipper_cdf_inst/cdf_wr_data_reg[4]_i_16/CO[3]
                         net (fo=1, routed)           0.000    35.559    clipper_cdf_inst/cdf_wr_data_reg[4]_i_16_n_0
    SLICE_X27Y60         CARRY4 (Prop_carry4_CI_CO[3])
                                                      0.053    35.612 r  clipper_cdf_inst/cdf_wr_data_reg[4]_i_11/CO[3]
                         net (fo=1, routed)           0.000    35.612    clipper_cdf_inst/cdf_wr_data_reg[4]_i_11_n_0
    SLICE_X27Y61         CARRY4 (Prop_carry4_CI_CO[3])
                                                      0.053    35.665 r  clipper_cdf_inst/cdf_wr_data_reg[4]_i_6/CO[3]
                         net (fo=1, routed)           0.000    35.665    clipper_cdf_inst/cdf_wr_data_reg[4]_i_6_n_0
    SLICE_X27Y62         CARRY4 (Prop_carry4_CI_CO[3])
                                                      0.053    35.718 r  clipper_cdf_inst/cdf_wr_data_reg[4]_i_3/CO[3]
                         net (fo=1, routed)           0.000    35.718    clipper_cdf_inst/cdf_wr_data_reg[4]_i_3_n_0
    SLICE_X27Y63         CARRY4 (Prop_carry4_CI_CO[1])
                                                      0.077    35.795 r  clipper_cdf_inst/cdf_wr_data_reg[4]_i_2/CO[1]
                         net (fo=20, routed)          0.513    36.308    clipper_cdf_inst/cdf_wr_data_reg[7]_i_327_0[3]
    SLICE_X28Y59         CARRY4 (Prop_carry4_CYINIT_CO[3])
                                                      0.366    36.674 r  clipper_cdf_inst/cdf_wr_data_reg[3]_i_16/CO[3]
                         net (fo=1, routed)           0.000    36.674    clipper_cdf_inst/cdf_wr_data_reg[3]_i_16_n_0
    SLICE_X28Y60         CARRY4 (Prop_carry4_CI_CO[3])
                                                      0.053    36.727 r  clipper_cdf_inst/cdf_wr_data_reg[3]_i_11/CO[3]
                         net (fo=1, routed)           0.000    36.727    clipper_cdf_inst/cdf_wr_data_reg[3]_i_11_n_0
    SLICE_X28Y61         CARRY4 (Prop_carry4_CI_CO[3])
                                                      0.053    36.780 r  clipper_cdf_inst/cdf_wr_data_reg[3]_i_6/CO[3]
                         net (fo=1, routed)           0.000    36.780    clipper_cdf_inst/cdf_wr_data_reg[3]_i_6_n_0
    SLICE_X28Y62         CARRY4 (Prop_carry4_CI_CO[3])
                                                      0.053    36.833 r  clipper_cdf_inst/cdf_wr_data_reg[3]_i_3/CO[3]
                         net (fo=1, routed)           0.000    36.833    clipper_cdf_inst/cdf_wr_data_reg[3]_i_3_n_0
    SLICE_X28Y63         CARRY4 (Prop_carry4_CI_CO[1])
                                                      0.077    36.910 r  clipper_cdf_inst/cdf_wr_data_reg[3]_i_2/CO[1]
                         net (fo=20, routed)          0.346    37.255    clipper_cdf_inst/cdf_wr_data_reg[7]_i_327_0[2]
    SLICE_X29Y60         LUT3 (Prop_lut3_I2_O)        0.122    37.377 r  clipper_cdf_inst/cdf_wr_data[3]_i_1/O
                         net (fo=1, routed)           0.000    37.377    clipper_cdf_inst/norm_saturated[3]
    SLICE_X29Y60         FDCE                                         r  clipper_cdf_inst/cdf_wr_data_reg[3]/D
  -------------------------------------------------------------------    -------------------

                         (clock pclk rise edge)      13.500    13.500 r  
    AU28                                              0.000    13.500 r  pclk (IN)
                         net (fo=0)                   0.000    13.500    pclk
    AU28                 IBUF (Prop_ibuf_I_O)         0.521    14.021 r  pclk_IBUF_inst/O
                         net (fo=1, routed)           2.145    16.166    pclk_IBUF
    BUFGCTRL_X0Y0        BUFG (Prop_bufg_I_O)         0.083    16.249 r  pclk_IBUF_BUFG_inst/O
                         net (fo=916, routed)         1.824    18.073    clipper_cdf_inst/pclk_IBUF_BUFG
    SLICE_X29Y60         FDCE                                         r  clipper_cdf_inst/cdf_wr_data_reg[3]/C
                         clock pessimism              0.262    18.336    
                         clock uncertainty           -0.035    18.300    
    SLICE_X29Y60         FDCE (Setup_fdce_C_D)        0.034    18.334    clipper_cdf_inst/cdf_wr_data_reg[3]
  -------------------------------------------------------------------
                         required time                         18.334    
                         arrival time                         -37.377    
  -------------------------------------------------------------------
                         slack                                -19.043    

Slack (VIOLATED) :        -18.178ns  (required time - arrival time)
  Source:                 clipper_cdf_inst/cdf_range_reg[3]/C
                            (rising edge-triggered cell FDCE clocked by pclk  {rise@0.000ns fall@6.750ns period=13.500ns})
  Destination:            clipper_cdf_inst/cdf_wr_data_reg[4]/D
                            (rising edge-triggered cell FDCE clocked by pclk  {rise@0.000ns fall@6.750ns period=13.500ns})
  Path Group:             pclk
  Path Type:              Setup (Max at Slow Process Corner)
  Requirement:            13.500ns  (pclk rise@13.500ns - pclk rise@0.000ns)
  Data Path Delay:        31.405ns  (logic 17.525ns (55.804%)  route 13.880ns (44.196%))
  Logic Levels:           163  (CARRY4=139 LUT1=1 LUT2=7 LUT3=16)
  Clock Path Skew:        -0.296ns (DCD - SCD + CPR)
    Destination Clock Delay (DCD):    4.521ns = ( 18.021 - 13.500 ) 
    Source Clock Delay      (SCD):    5.080ns
    Clock Pessimism Removal (CPR):    0.262ns
  Clock Uncertainty:      0.035ns  ((TSJ^2 + TIJ^2)^1/2 + DJ) / 2 + PE
    Total System Jitter     (TSJ):    0.071ns
    Total Input Jitter      (TIJ):    0.000ns
    Discrete Jitter          (DJ):    0.000ns
    Phase Error              (PE):    0.000ns

    Location             Delay type                Incr(ns)  Path(ns)    Netlist Resource(s)
  -------------------------------------------------------------------    -------------------
                         (clock pclk rise edge)       0.000     0.000 r  
    AU28                                              0.000     0.000 r  pclk (IN)
                         net (fo=0)                   0.000     0.000    pclk
    AU28                 IBUF (Prop_ibuf_I_O)         0.628     0.628 r  pclk_IBUF_inst/O
                         net (fo=1, routed)           2.272     2.900    pclk_IBUF
    BUFGCTRL_X0Y0        BUFG (Prop_bufg_I_O)         0.093     2.993 r  pclk_IBUF_BUFG_inst/O
                         net (fo=916, routed)         2.087     5.080    clipper_cdf_inst/pclk_IBUF_BUFG
    SLICE_X30Y41         FDCE                                         r  clipper_cdf_inst/cdf_range_reg[3]/C
  -------------------------------------------------------------------    -------------------
    SLICE_X30Y41         FDCE (Prop_fdce_C_Q)         0.259     5.339 f  clipper_cdf_inst/cdf_range_reg[3]/Q
                         net (fo=34, routed)          0.366     5.705    clipper_cdf_inst/cdf_range[3]
    SLICE_X31Y40         LUT1 (Prop_lut1_I0_O)        0.043     5.748 r  clipper_cdf_inst/cdf_wr_data[7]_i_581/O
                         net (fo=1, routed)           0.000     5.748    clipper_cdf_inst/cdf_wr_data[7]_i_581_n_0
    SLICE_X31Y40         CARRY4 (Prop_carry4_S[3]_CO[3])
                                                      0.193     5.941 r  clipper_cdf_inst/cdf_wr_data_reg[7]_i_528/CO[3]
                         net (fo=1, routed)           0.000     5.941    clipper_cdf_inst/cdf_wr_data_reg[7]_i_528_n_0
    SLICE_X31Y41         CARRY4 (Prop_carry4_CI_CO[3])
                                                      0.053     5.994 r  clipper_cdf_inst/cdf_wr_data_reg[7]_i_523/CO[3]
                         net (fo=1, routed)           0.000     5.994    clipper_cdf_inst/cdf_wr_data_reg[7]_i_523_n_0
    SLICE_X31Y42         CARRY4 (Prop_carry4_CI_CO[3])
                                                      0.053     6.047 r  clipper_cdf_inst/cdf_wr_data_reg[7]_i_438/CO[3]
                         net (fo=1, routed)           0.000     6.047    clipper_cdf_inst/cdf_wr_data_reg[7]_i_438_n_0
    SLICE_X31Y43         CARRY4 (Prop_carry4_CI_CO[3])
                                                      0.053     6.100 r  clipper_cdf_inst/cdf_wr_data_reg[7]_i_327/CO[3]
                         net (fo=1, routed)           0.000     6.100    clipper_cdf_inst/cdf_wr_data_reg[7]_i_327_n_0
    SLICE_X31Y44         CARRY4 (Prop_carry4_CI_CO[0])
                                                      0.139     6.239 r  clipper_cdf_inst/cdf_wr_data_reg[7]_i_199/CO[0]
                         net (fo=21, routed)          0.568     6.807    clipper_cdf_inst/cdf_wr_data_reg[7]_i_327_0[30]
    SLICE_X30Y39         LUT2 (Prop_lut2_I1_O)        0.131     6.938 r  clipper_cdf_inst/cdf_wr_data[7]_i_568/O
                         net (fo=1, routed)           0.000     6.938    clipper_cdf_inst/cdf_wr_data[7]_i_568_n_0
    SLICE_X30Y39         CARRY4 (Prop_carry4_S[1]_CO[3])
                                                      0.256     7.194 r  clipper_cdf_inst/cdf_wr_data_reg[7]_i_518/CO[3]
                         net (fo=1, routed)           0.000     7.194    clipper_cdf_inst/cdf_wr_data_reg[7]_i_518_n_0
    SLICE_X30Y40         CARRY4 (Prop_carry4_CI_CO[3])
                                                      0.054     7.248 r  clipper_cdf_inst/cdf_wr_data_reg[7]_i_433/CO[3]
                         net (fo=1, routed)           0.000     7.248    clipper_cdf_inst/cdf_wr_data_reg[7]_i_433_n_0
    SLICE_X30Y41         CARRY4 (Prop_carry4_CI_CO[3])
                                                      0.054     7.302 r  clipper_cdf_inst/cdf_wr_data_reg[7]_i_428/CO[3]
                         net (fo=1, routed)           0.000     7.302    clipper_cdf_inst/cdf_wr_data_reg[7]_i_428_n_0
    SLICE_X30Y42         CARRY4 (Prop_carry4_CI_CO[3])
                                                      0.054     7.356 r  clipper_cdf_inst/cdf_wr_data_reg[7]_i_324/CO[3]
                         net (fo=1, routed)           0.000     7.356    clipper_cdf_inst/cdf_wr_data_reg[7]_i_324_n_0
    SLICE_X30Y43         CARRY4 (Prop_carry4_CI_CO[1])
                                                      0.076     7.432 r  clipper_cdf_inst/cdf_wr_data_reg[7]_i_200/CO[1]
                         net (fo=21, routed)          0.578     8.010    clipper_cdf_inst/cdf_wr_data_reg[7]_i_327_0[29]
    SLICE_X29Y41         LUT2 (Prop_lut2_I1_O)        0.124     8.134 r  clipper_cdf_inst/cdf_wr_data[7]_i_564/O
                         net (fo=1, routed)           0.000     8.134    clipper_cdf_inst/cdf_wr_data[7]_i_564_n_0
    SLICE_X29Y41         CARRY4 (Prop_carry4_S[1]_CO[3])
                                                      0.267     8.401 r  clipper_cdf_inst/cdf_wr_data_reg[7]_i_513/CO[3]
                         net (fo=1, routed)           0.000     8.401    clipper_cdf_inst/cdf_wr_data_reg[7]_i_513_n_0
    SLICE_X29Y42         CARRY4 (Prop_carry4_CI_CO[3])
                                                      0.053     8.454 r  clipper_cdf_inst/cdf_wr_data_reg[7]_i_423/CO[3]
                         net (fo=1, routed)           0.000     8.454    clipper_cdf_inst/cdf_wr_data_reg[7]_i_423_n_0
    SLICE_X29Y43         CARRY4 (Prop_carry4_CI_CO[3])
                                                      0.053     8.507 r  clipper_cdf_inst/cdf_wr_data_reg[7]_i_315/CO[3]
                         net (fo=1, routed)           0.000     8.507    clipper_cdf_inst/cdf_wr_data_reg[7]_i_315_n_0
    SLICE_X29Y44         CARRY4 (Prop_carry4_CI_CO[3])
                                                      0.053     8.560 r  clipper_cdf_inst/cdf_wr_data_reg[7]_i_312/CO[3]
                         net (fo=1, routed)           0.000     8.560    clipper_cdf_inst/cdf_wr_data_reg[7]_i_312_n_0
    SLICE_X29Y45         CARRY4 (Prop_carry4_CI_CO[1])
                                                      0.077     8.637 r  clipper_cdf_inst/cdf_wr_data_reg[7]_i_198/CO[1]
                         net (fo=21, routed)          0.637     9.274    clipper_cdf_inst/cdf_wr_data_reg[7]_i_327_0[28]
    SLICE_X29Y36         LUT2 (Prop_lut2_I1_O)        0.122     9.396 r  clipper_cdf_inst/cdf_wr_data[7]_i_560/O
                         net (fo=1, routed)           0.000     9.396    clipper_cdf_inst/cdf_wr_data[7]_i_560_n_0
    SLICE_X29Y36         CARRY4 (Prop_carry4_S[1]_CO[3])
                                                      0.267     9.663 r  clipper_cdf_inst/cdf_wr_data_reg[7]_i_508/CO[3]
                         net (fo=1, routed)           0.000     9.663    clipper_cdf_inst/cdf_wr_data_reg[7]_i_508_n_0
    SLICE_X29Y37         CARRY4 (Prop_carry4_CI_CO[3])
                                                      0.053     9.716 r  clipper_cdf_inst/cdf_wr_data_reg[7]_i_418/CO[3]
                         net (fo=1, routed)           0.000     9.716    clipper_cdf_inst/cdf_wr_data_reg[7]_i_418_n_0
    SLICE_X29Y38         CARRY4 (Prop_carry4_CI_CO[3])
                                                      0.053     9.769 r  clipper_cdf_inst/cdf_wr_data_reg[7]_i_307/CO[3]
                         net (fo=1, routed)           0.000     9.769    clipper_cdf_inst/cdf_wr_data_reg[7]_i_307_n_0
    SLICE_X29Y39         CARRY4 (Prop_carry4_CI_CO[3])
                                                      0.053     9.822 r  clipper_cdf_inst/cdf_wr_data_reg[7]_i_190/CO[3]
                         net (fo=1, routed)           0.000     9.822    clipper_cdf_inst/cdf_wr_data_reg[7]_i_190_n_0
    SLICE_X29Y40         CARRY4 (Prop_carry4_CI_CO[1])
                                                      0.077     9.899 r  clipper_cdf_inst/cdf_wr_data_reg[7]_i_189/CO[1]
                         net (fo=21, routed)          0.372    10.271    clipper_cdf_inst/cdf_wr_data_reg[7]_i_327_0[27]
    SLICE_X28Y38         LUT2 (Prop_lut2_I1_O)        0.122    10.393 r  clipper_cdf_inst/cdf_wr_data[7]_i_556/O
                         net (fo=1, routed)           0.000    10.393    clipper_cdf_inst/cdf_wr_data[7]_i_556_n_0
    SLICE_X28Y38         CARRY4 (Prop_carry4_S[1]_CO[3])
                                                      0.267    10.660 r  clipper_cdf_inst/cdf_wr_data_reg[7]_i_479/CO[3]
                         net (fo=1, routed)           0.000    10.660    clipper_cdf_inst/cdf_wr_data_reg[7]_i_479_n_0
    SLICE_X28Y39         CARRY4 (Prop_carry4_CI_CO[3])
                                                      0.053    10.713 r  clipper_cdf_inst/cdf_wr_data_reg[7]_i_413/CO[3]
                         net (fo=1, routed)           0.000    10.713    clipper_cdf_inst/cdf_wr_data_reg[7]_i_413_n_0
    SLICE_X28Y40         CARRY4 (Prop_carry4_CI_CO[3])
                                                      0.053    10.766 r  clipper_cdf_inst/cdf_wr_data_reg[7]_i_302/CO[3]
                         net (fo=1, routed)           0.000    10.766    clipper_cdf_inst/cdf_wr_data_reg[7]_i_302_n_0
    SLICE_X28Y41         CARRY4 (Prop_carry4_CI_CO[3])
                                                      0.053    10.819 r  clipper_cdf_inst/cdf_wr_data_reg[7]_i_186/CO[3]
                         net (fo=1, routed)           0.000    10.819    clipper_cdf_inst/cdf_wr_data_reg[7]_i_186_n_0
    SLICE_X28Y42         CARRY4 (Prop_carry4_CI_CO[1])
                                                      0.077    10.896 r  clipper_cdf_inst/cdf_wr_data_reg[7]_i_91/CO[1]
                         net (fo=21, routed)          0.459    11.355    clipper_cdf_inst/cdf_wr_data_reg[7]_i_327_0[26]
    SLICE_X26Y40         LUT2 (Prop_lut2_I1_O)        0.122    11.477 r  clipper_cdf_inst/cdf_wr_data[7]_i_552/O
                         net (fo=1, routed)           0.000    11.477    clipper_cdf_inst/cdf_wr_data[7]_i_552_n_0
    SLICE_X26Y40         CARRY4 (Prop_carry4_S[1]_CO[3])
                                                      0.256    11.733 r  clipper_cdf_inst/cdf_wr_data_reg[7]_i_474/CO[3]
                         net (fo=1, routed)           0.000    11.733    clipper_cdf_inst/cdf_wr_data_reg[7]_i_474_n_0
    SLICE_X26Y41         CARRY4 (Prop_carry4_CI_CO[3])
                                                      0.054    11.787 r  clipper_cdf_inst/cdf_wr_data_reg[7]_i_372/CO[3]
                         net (fo=1, routed)           0.000    11.787    clipper_cdf_inst/cdf_wr_data_reg[7]_i_372_n_0
    SLICE_X26Y42         CARRY4 (Prop_carry4_CI_CO[3])
                                                      0.054    11.841 r  clipper_cdf_inst/cdf_wr_data_reg[7]_i_301/CO[3]
                         net (fo=1, routed)           0.000    11.841    clipper_cdf_inst/cdf_wr_data_reg[7]_i_301_n_0
    SLICE_X26Y43         CARRY4 (Prop_carry4_CI_CO[3])
                                                      0.054    11.895 r  clipper_cdf_inst/cdf_wr_data_reg[7]_i_185/CO[3]
                         net (fo=1, routed)           0.000    11.895    clipper_cdf_inst/cdf_wr_data_reg[7]_i_185_n_0
    SLICE_X26Y44         CARRY4 (Prop_carry4_CI_CO[1])
                                                      0.076    11.971 r  clipper_cdf_inst/cdf_wr_data_reg[7]_i_90/CO[1]
                         net (fo=21, routed)          0.447    12.418    clipper_cdf_inst/cdf_wr_data_reg[7]_i_327_0[25]
    SLICE_X25Y42         LUT2 (Prop_lut2_I1_O)        0.124    12.542 r  clipper_cdf_inst/cdf_wr_data[7]_i_548/O
                         net (fo=1, routed)           0.000    12.542    clipper_cdf_inst/cdf_wr_data[7]_i_548_n_0
    SLICE_X25Y42         CARRY4 (Prop_carry4_S[1]_CO[3])
                                                      0.267    12.809 r  clipper_cdf_inst/cdf_wr_data_reg[7]_i_469/CO[3]
                         net (fo=1, routed)           0.000    12.809    clipper_cdf_inst/cdf_wr_data_reg[7]_i_469_n_0
    SLICE_X25Y43         CARRY4 (Prop_carry4_CI_CO[3])
                                                      0.053    12.862 r  clipper_cdf_inst/cdf_wr_data_reg[7]_i_367/CO[3]
                         net (fo=1, routed)           0.000    12.862    clipper_cdf_inst/cdf_wr_data_reg[7]_i_367_n_0
    SLICE_X25Y44         CARRY4 (Prop_carry4_CI_CO[3])
                                                      0.053    12.915 r  clipper_cdf_inst/cdf_wr_data_reg[7]_i_265/CO[3]
                         net (fo=1, routed)           0.000    12.915    clipper_cdf_inst/cdf_wr_data_reg[7]_i_265_n_0
    SLICE_X25Y45         CARRY4 (Prop_carry4_CI_CO[3])
                                                      0.053    12.968 r  clipper_cdf_inst/cdf_wr_data_reg[7]_i_193/CO[3]
                         net (fo=1, routed)           0.000    12.968    clipper_cdf_inst/cdf_wr_data_reg[7]_i_193_n_0
    SLICE_X25Y46         CARRY4 (Prop_carry4_CI_CO[1])
                                                      0.077    13.045 r  clipper_cdf_inst/cdf_wr_data_reg[7]_i_93/CO[1]
                         net (fo=21, routed)          0.554    13.599    clipper_cdf_inst/cdf_wr_data_reg[7]_i_327_0[24]
    SLICE_X28Y43         LUT2 (Prop_lut2_I1_O)        0.122    13.721 r  clipper_cdf_inst/cdf_wr_data[7]_i_544/O
                         net (fo=1, routed)           0.000    13.721    clipper_cdf_inst/cdf_wr_data[7]_i_544_n_0
    SLICE_X28Y43         CARRY4 (Prop_carry4_S[1]_CO[3])
                                                      0.267    13.988 r  clipper_cdf_inst/cdf_wr_data_reg[7]_i_464/CO[3]
                         net (fo=1, routed)           0.000    13.988    clipper_cdf_inst/cdf_wr_data_reg[7]_i_464_n_0
    SLICE_X28Y44         CARRY4 (Prop_carry4_CI_CO[3])
                                                      0.053    14.041 r  clipper_cdf_inst/cdf_wr_data_reg[7]_i_362/CO[3]
                         net (fo=1, routed)           0.000    14.041    clipper_cdf_inst/cdf_wr_data_reg[7]_i_362_n_0
    SLICE_X28Y45         CARRY4 (Prop_carry4_CI_CO[3])
                                                      0.053    14.094 r  clipper_cdf_inst/cdf_wr_data_reg[7]_i_260/CO[3]
                         net (fo=1, routed)           0.000    14.094    clipper_cdf_inst/cdf_wr_data_reg[7]_i_260_n_0
    SLICE_X28Y46         CARRY4 (Prop_carry4_CI_CO[3])
                                                      0.053    14.147 r  clipper_cdf_inst/cdf_wr_data_reg[7]_i_154/CO[3]
                         net (fo=1, routed)           0.000    14.147    clipper_cdf_inst/cdf_wr_data_reg[7]_i_154_n_0
    SLICE_X28Y47         CARRY4 (Prop_carry4_CI_CO[1])
                                                      0.077    14.224 r  clipper_cdf_inst/cdf_wr_data_reg[7]_i_92/CO[1]
                         net (fo=20, routed)          0.615    14.839    clipper_cdf_inst/cdf_wr_data_reg[7]_i_327_0[23]
    SLICE_X30Y44         LUT3 (Prop_lut3_I0_O)        0.122    14.961 r  clipper_cdf_inst/cdf_wr_data[7]_i_505/O
                         net (fo=1, routed)           0.000    14.961    clipper_cdf_inst/cdf_wr_data[7]_i_505_n_0
    SLICE_X30Y44         CARRY4 (Prop_carry4_S[3]_CO[3])
                                                      0.180    15.141 r  clipper_cdf_inst/cdf_wr_data_reg[7]_i_408/CO[3]
                         net (fo=1, routed)           0.000    15.141    clipper_cdf_inst/cdf_wr_data_reg[7]_i_408_n_0
    SLICE_X30Y45         CARRY4 (Prop_carry4_CI_CO[3])
                                                      0.054    15.195 r  clipper_cdf_inst/cdf_wr_data_reg[7]_i_357/CO[3]
                         net (fo=1, routed)           0.000    15.195    clipper_cdf_inst/cdf_wr_data_reg[7]_i_357_n_0
    SLICE_X30Y46         CARRY4 (Prop_carry4_CI_CO[3])
                                                      0.054    15.249 r  clipper_cdf_inst/cdf_wr_data_reg[7]_i_255/CO[3]
                         net (fo=1, routed)           0.000    15.249    clipper_cdf_inst/cdf_wr_data_reg[7]_i_255_n_0
    SLICE_X30Y47         CARRY4 (Prop_carry4_CI_CO[3])
                                                      0.054    15.303 r  clipper_cdf_inst/cdf_wr_data_reg[7]_i_153/CO[3]
                         net (fo=1, routed)           0.000    15.303    clipper_cdf_inst/cdf_wr_data_reg[7]_i_153_n_0
    SLICE_X30Y48         CARRY4 (Prop_carry4_CI_CO[1])
                                                      0.076    15.379 r  clipper_cdf_inst/cdf_wr_data_reg[7]_i_75/CO[1]
                         net (fo=20, routed)          0.466    15.845    clipper_cdf_inst/cdf_wr_data_reg[7]_i_327_0[22]
    SLICE_X31Y45         LUT3 (Prop_lut3_I0_O)        0.124    15.969 r  clipper_cdf_inst/cdf_wr_data[7]_i_504/O
                         net (fo=1, routed)           0.000    15.969    clipper_cdf_inst/cdf_wr_data[7]_i_504_n_0
    SLICE_X31Y45         CARRY4 (Prop_carry4_S[1]_CO[3])
                                                      0.267    16.236 r  clipper_cdf_inst/cdf_wr_data_reg[7]_i_403/CO[3]
                         net (fo=1, routed)           0.000    16.236    clipper_cdf_inst/cdf_wr_data_reg[7]_i_403_n_0
    SLICE_X31Y46         CARRY4 (Prop_carry4_CI_CO[3])
                                                      0.053    16.289 r  clipper_cdf_inst/cdf_wr_data_reg[7]_i_296/CO[3]
                         net (fo=1, routed)           0.000    16.289    clipper_cdf_inst/cdf_wr_data_reg[7]_i_296_n_0
    SLICE_X31Y47         CARRY4 (Prop_carry4_CI_CO[3])
                                                      0.053    16.342 r  clipper_cdf_inst/cdf_wr_data_reg[7]_i_250/CO[3]
                         net (fo=1, routed)           0.000    16.342    clipper_cdf_inst/cdf_wr_data_reg[7]_i_250_n_0
    SLICE_X31Y48         CARRY4 (Prop_carry4_CI_CO[3])
                                                      0.053    16.395 r  clipper_cdf_inst/cdf_wr_data_reg[7]_i_148/CO[3]
                         net (fo=1, routed)           0.000    16.395    clipper_cdf_inst/cdf_wr_data_reg[7]_i_148_n_0
    SLICE_X31Y49         CARRY4 (Prop_carry4_CI_CO[1])
                                                      0.077    16.472 r  clipper_cdf_inst/cdf_wr_data_reg[7]_i_76/CO[1]
                         net (fo=20, routed)          0.535    17.007    clipper_cdf_inst/cdf_wr_data_reg[7]_i_327_0[21]
    SLICE_X29Y46         CARRY4 (Prop_carry4_CYINIT_CO[3])
                                                      0.366    17.373 r  clipper_cdf_inst/cdf_wr_data_reg[7]_i_393/CO[3]
                         net (fo=1, routed)           0.000    17.373    clipper_cdf_inst/cdf_wr_data_reg[7]_i_393_n_0
    SLICE_X29Y47         CARRY4 (Prop_carry4_CI_CO[3])
                                                      0.053    17.426 r  clipper_cdf_inst/cdf_wr_data_reg[7]_i_291/CO[3]
                         net (fo=1, routed)           0.000    17.426    clipper_cdf_inst/cdf_wr_data_reg[7]_i_291_n_0
    SLICE_X29Y48         CARRY4 (Prop_carry4_CI_CO[3])
                                                      0.053    17.479 r  clipper_cdf_inst/cdf_wr_data_reg[7]_i_180/CO[3]
                         net (fo=1, routed)           0.000    17.479    clipper_cdf_inst/cdf_wr_data_reg[7]_i_180_n_0
    SLICE_X29Y49         CARRY4 (Prop_carry4_CI_CO[3])
                                                      0.053    17.532 r  clipper_cdf_inst/cdf_wr_data_reg[7]_i_147/CO[3]
                         net (fo=1, routed)           0.001    17.533    clipper_cdf_inst/cdf_wr_data_reg[7]_i_147_n_0
    SLICE_X29Y50         CARRY4 (Prop_carry4_CI_CO[1])
                                                      0.077    17.610 r  clipper_cdf_inst/cdf_wr_data_reg[7]_i_73/CO[1]
                         net (fo=20, routed)          0.465    18.075    clipper_cdf_inst/cdf_wr_data_reg[7]_i_327_0[20]
    SLICE_X28Y49         LUT3 (Prop_lut3_I0_O)        0.122    18.197 r  clipper_cdf_inst/cdf_wr_data[7]_i_396/O
                         net (fo=1, routed)           0.000    18.197    clipper_cdf_inst/cdf_wr_data[7]_i_396_n_0
    SLICE_X28Y49         CARRY4 (Prop_carry4_S[1]_CO[3])
                                                      0.267    18.464 r  clipper_cdf_inst/cdf_wr_data_reg[7]_i_281/CO[3]
                         net (fo=1, routed)           0.001    18.464    clipper_cdf_inst/cdf_wr_data_reg[7]_i_281_n_0
    SLICE_X28Y50         CARRY4 (Prop_carry4_CI_CO[3])
                                                      0.053    18.517 r  clipper_cdf_inst/cdf_wr_data_reg[7]_i_175/CO[3]
                         net (fo=1, routed)           0.000    18.517    clipper_cdf_inst/cdf_wr_data_reg[7]_i_175_n_0
    SLICE_X28Y51         CARRY4 (Prop_carry4_CI_CO[3])
                                                      0.053    18.570 r  clipper_cdf_inst/cdf_wr_data_reg[7]_i_85/CO[3]
                         net (fo=1, routed)           0.000    18.570    clipper_cdf_inst/cdf_wr_data_reg[7]_i_85_n_0
    SLICE_X28Y52         CARRY4 (Prop_carry4_CI_CO[1])
                                                      0.077    18.647 r  clipper_cdf_inst/cdf_wr_data_reg[7]_i_74/CO[1]
                         net (fo=20, routed)          0.473    19.120    clipper_cdf_inst/cdf_wr_data_reg[7]_i_327_0[19]
    SLICE_X27Y47         LUT3 (Prop_lut3_I0_O)        0.122    19.242 r  clipper_cdf_inst/cdf_wr_data[7]_i_492/O
                         net (fo=1, routed)           0.000    19.242    clipper_cdf_inst/cdf_wr_data[7]_i_492_n_0
    SLICE_X27Y47         CARRY4 (Prop_carry4_S[1]_CO[3])
                                                      0.267    19.509 r  clipper_cdf_inst/cdf_wr_data_reg[7]_i_383/CO[3]
                         net (fo=1, routed)           0.000    19.509    clipper_cdf_inst/cdf_wr_data_reg[7]_i_383_n_0
    SLICE_X27Y48         CARRY4 (Prop_carry4_CI_CO[3])
                                                      0.053    19.562 r  clipper_cdf_inst/cdf_wr_data_reg[7]_i_276/CO[3]
                         net (fo=1, routed)           0.000    19.562    clipper_cdf_inst/cdf_wr_data_reg[7]_i_276_n_0
    SLICE_X27Y49         CARRY4 (Prop_carry4_CI_CO[3])
                                                      0.053    19.615 r  clipper_cdf_inst/cdf_wr_data_reg[7]_i_165/CO[3]
                         net (fo=1, routed)           0.001    19.616    clipper_cdf_inst/cdf_wr_data_reg[7]_i_165_n_0
    SLICE_X27Y50         CARRY4 (Prop_carry4_CI_CO[3])
                                                      0.053    19.669 r  clipper_cdf_inst/cdf_wr_data_reg[7]_i_84/CO[3]
                         net (fo=1, routed)           0.000    19.669    clipper_cdf_inst/cdf_wr_data_reg[7]_i_84_n_0
    SLICE_X27Y51         CARRY4 (Prop_carry4_CI_CO[1])
                                                      0.077    19.746 r  clipper_cdf_inst/cdf_wr_data_reg[7]_i_36/CO[1]
                         net (fo=20, routed)          0.452    20.197    clipper_cdf_inst/cdf_wr_data_reg[7]_i_327_0[18]
    SLICE_X26Y47         LUT3 (Prop_lut3_I0_O)        0.122    20.319 r  clipper_cdf_inst/cdf_wr_data[7]_i_489/O
                         net (fo=1, routed)           0.000    20.319    clipper_cdf_inst/cdf_wr_data[7]_i_489_n_0
    SLICE_X26Y47         CARRY4 (Prop_carry4_S[1]_CO[3])
                                                      0.256    20.575 r  clipper_cdf_inst/cdf_wr_data_reg[7]_i_378/CO[3]
                         net (fo=1, routed)           0.000    20.575    clipper_cdf_inst/cdf_wr_data_reg[7]_i_378_n_0
    SLICE_X26Y48         CARRY4 (Prop_carry4_CI_CO[3])
                                                      0.054    20.629 r  clipper_cdf_inst/cdf_wr_data_reg[7]_i_271/CO[3]
                         net (fo=1, routed)           0.000    20.629    clipper_cdf_inst/cdf_wr_data_reg[7]_i_271_n_0
    SLICE_X26Y49         CARRY4 (Prop_carry4_CI_CO[3])
                                                      0.054    20.683 r  clipper_cdf_inst/cdf_wr_data_reg[7]_i_160/CO[3]
                         net (fo=1, routed)           0.001    20.684    clipper_cdf_inst/cdf_wr_data_reg[7]_i_160_n_0
    SLICE_X26Y50         CARRY4 (Prop_carry4_CI_CO[3])
                                                      0.054    20.738 r  clipper_cdf_inst/cdf_wr_data_reg[7]_i_78/CO[3]
                         net (fo=1, routed)           0.000    20.738    clipper_cdf_inst/cdf_wr_data_reg[7]_i_78_n_0
    SLICE_X26Y51         CARRY4 (Prop_carry4_CI_CO[1])
                                                      0.076    20.814 r  clipper_cdf_inst/cdf_wr_data_reg[7]_i_37/CO[1]
                         net (fo=20, routed)          0.496    21.310    clipper_cdf_inst/cdf_wr_data_reg[7]_i_327_0[17]
    SLICE_X24Y46         LUT3 (Prop_lut3_I0_O)        0.124    21.434 r  clipper_cdf_inst/cdf_wr_data[7]_i_486/O
                         net (fo=1, routed)           0.000    21.434    clipper_cdf_inst/cdf_wr_data[7]_i_486_n_0
    SLICE_X24Y46         CARRY4 (Prop_carry4_S[1]_CO[3])
                                                      0.256    21.690 r  clipper_cdf_inst/cdf_wr_data_reg[7]_i_377/CO[3]
                         net (fo=1, routed)           0.000    21.690    clipper_cdf_inst/cdf_wr_data_reg[7]_i_377_n_0
    SLICE_X24Y47         CARRY4 (Prop_carry4_CI_CO[3])
                                                      0.054    21.744 r  clipper_cdf_inst/cdf_wr_data_reg[7]_i_270/CO[3]
                         net (fo=1, routed)           0.000    21.744    clipper_cdf_inst/cdf_wr_data_reg[7]_i_270_n_0
    SLICE_X24Y48         CARRY4 (Prop_carry4_CI_CO[3])
                                                      0.054    21.798 r  clipper_cdf_inst/cdf_wr_data_reg[7]_i_159/CO[3]
                         net (fo=1, routed)           0.000    21.798    clipper_cdf_inst/cdf_wr_data_reg[7]_i_159_n_0
    SLICE_X24Y49         CARRY4 (Prop_carry4_CI_CO[3])
                                                      0.054    21.852 r  clipper_cdf_inst/cdf_wr_data_reg[7]_i_77/CO[3]
                         net (fo=1, routed)           0.001    21.853    clipper_cdf_inst/cdf_wr_data_reg[7]_i_77_n_0
    SLICE_X24Y50         CARRY4 (Prop_carry4_CI_CO[1])
                                                      0.076    21.929 r  clipper_cdf_inst/cdf_wr_data_reg[7]_i_34/CO[1]
                         net (fo=20, routed)          0.414    22.343    clipper_cdf_inst/cdf_wr_data_reg[7]_i_327_0[16]
    SLICE_X23Y49         CARRY4 (Prop_carry4_CYINIT_CO[3])
                                                      0.368    22.711 r  clipper_cdf_inst/cdf_wr_data_reg[7]_i_398/CO[3]
                         net (fo=1, routed)           0.001    22.712    clipper_cdf_inst/cdf_wr_data_reg[7]_i_398_n_0
    SLICE_X23Y50         CARRY4 (Prop_carry4_CI_CO[3])
                                                      0.053    22.765 r  clipper_cdf_inst/cdf_wr_data_reg[7]_i_286/CO[3]
                         net (fo=1, routed)           0.000    22.765    clipper_cdf_inst/cdf_wr_data_reg[7]_i_286_n_0
    SLICE_X23Y51         CARRY4 (Prop_carry4_CI_CO[3])
                                                      0.053    22.818 r  clipper_cdf_inst/cdf_wr_data_reg[7]_i_170/CO[3]
                         net (fo=1, routed)           0.000    22.818    clipper_cdf_inst/cdf_wr_data_reg[7]_i_170_n_0
    SLICE_X23Y52         CARRY4 (Prop_carry4_CI_CO[3])
                                                      0.053    22.871 r  clipper_cdf_inst/cdf_wr_data_reg[7]_i_81/CO[3]
                         net (fo=1, routed)           0.000    22.871    clipper_cdf_inst/cdf_wr_data_reg[7]_i_81_n_0
    SLICE_X23Y53         CARRY4 (Prop_carry4_CI_CO[1])
                                                      0.077    22.948 r  clipper_cdf_inst/cdf_wr_data_reg[7]_i_35/CO[1]
                         net (fo=20, routed)          0.373    23.321    clipper_cdf_inst/cdf_wr_data_reg[7]_i_327_0[15]
    SLICE_X22Y51         LUT3 (Prop_lut3_I0_O)        0.122    23.443 r  clipper_cdf_inst/cdf_wr_data[7]_i_463/O
                         net (fo=1, routed)           0.000    23.443    clipper_cdf_inst/cdf_wr_data[7]_i_463_n_0
    SLICE_X22Y51         CARRY4 (Prop_carry4_S[1]_CO[3])
                                                      0.256    23.699 r  clipper_cdf_inst/cdf_wr_data_reg[7]_i_349/CO[3]
                         net (fo=1, routed)           0.000    23.699    clipper_cdf_inst/cdf_wr_data_reg[7]_i_349_n_0
    SLICE_X22Y52         CARRY4 (Prop_carry4_CI_CO[3])
                                                      0.054    23.753 r  clipper_cdf_inst/cdf_wr_data_reg[7]_i_330/CO[3]
                         net (fo=1, routed)           0.000    23.753    clipper_cdf_inst/cdf_wr_data_reg[7]_i_330_n_0
    SLICE_X22Y53         CARRY4 (Prop_carry4_CI_CO[3])
                                                      0.054    23.807 r  clipper_cdf_inst/cdf_wr_data_reg[7]_i_206/CO[3]
                         net (fo=1, routed)           0.000    23.807    clipper_cdf_inst/cdf_wr_data_reg[7]_i_206_n_0
    SLICE_X22Y54         CARRY4 (Prop_carry4_CI_CO[3])
                                                      0.054    23.861 r  clipper_cdf_inst/cdf_wr_data_reg[7]_i_101/CO[3]
                         net (fo=1, routed)           0.000    23.861    clipper_cdf_inst/cdf_wr_data_reg[7]_i_101_n_0
    SLICE_X22Y55         CARRY4 (Prop_carry4_CI_CO[1])
                                                      0.076    23.937 r  clipper_cdf_inst/cdf_wr_data_reg[7]_i_41/CO[1]
                         net (fo=20, routed)          0.409    24.345    clipper_cdf_inst/cdf_wr_data_reg[7]_i_327_0[14]
    SLICE_X25Y52         LUT3 (Prop_lut3_I0_O)        0.124    24.469 r  clipper_cdf_inst/cdf_wr_data[7]_i_460/O
                         net (fo=1, routed)           0.000    24.469    clipper_cdf_inst/cdf_wr_data[7]_i_460_n_0
    SLICE_X25Y52         CARRY4 (Prop_carry4_S[1]_CO[3])
                                                      0.267    24.736 r  clipper_cdf_inst/cdf_wr_data_reg[7]_i_344/CO[3]
                         net (fo=1, routed)           0.000    24.736    clipper_cdf_inst/cdf_wr_data_reg[7]_i_344_n_0
    SLICE_X25Y53         CARRY4 (Prop_carry4_CI_CO[3])
                                                      0.053    24.789 r  clipper_cdf_inst/cdf_wr_data_reg[7]_i_225/CO[3]
                         net (fo=1, routed)           0.000    24.789    clipper_cdf_inst/cdf_wr_data_reg[7]_i_225_n_0
    SLICE_X25Y54         CARRY4 (Prop_carry4_CI_CO[3])
                                                      0.053    24.842 r  clipper_cdf_inst/cdf_wr_data_reg[7]_i_201/CO[3]
                         net (fo=1, routed)           0.000    24.842    clipper_cdf_inst/cdf_wr_data_reg[7]_i_201_n_0
    SLICE_X25Y55         CARRY4 (Prop_carry4_CI_CO[3])
                                                      0.053    24.895 r  clipper_cdf_inst/cdf_wr_data_reg[7]_i_96/CO[3]
                         net (fo=1, routed)           0.000    24.895    clipper_cdf_inst/cdf_wr_data_reg[7]_i_96_n_0
    SLICE_X25Y56         CARRY4 (Prop_carry4_CI_CO[1])
                                                      0.077    24.972 r  clipper_cdf_inst/cdf_wr_data_reg[7]_i_42/CO[1]
                         net (fo=20, routed)          0.485    25.457    clipper_cdf_inst/cdf_wr_data_reg[7]_i_327_0[13]
    SLICE_X26Y52         LUT3 (Prop_lut3_I0_O)        0.122    25.579 r  clipper_cdf_inst/cdf_wr_data[7]_i_457/O
                         net (fo=1, routed)           0.000    25.579    clipper_cdf_inst/cdf_wr_data[7]_i_457_n_0
    SLICE_X26Y52         CARRY4 (Prop_carry4_S[1]_CO[3])
                                                      0.256    25.835 r  clipper_cdf_inst/cdf_wr_data_reg[7]_i_339/CO[3]
                         net (fo=1, routed)           0.000    25.835    clipper_cdf_inst/cdf_wr_data_reg[7]_i_339_n_0
    SLICE_X26Y53         CARRY4 (Prop_carry4_CI_CO[3])
                                                      0.054    25.889 r  clipper_cdf_inst/cdf_wr_data_reg[7]_i_220/CO[3]
                         net (fo=1, routed)           0.000    25.889    clipper_cdf_inst/cdf_wr_data_reg[7]_i_220_n_0
    SLICE_X26Y54         CARRY4 (Prop_carry4_CI_CO[3])
                                                      0.054    25.943 r  clipper_cdf_inst/cdf_wr_data_reg[7]_i_116/CO[3]
                         net (fo=1, routed)           0.000    25.943    clipper_cdf_inst/cdf_wr_data_reg[7]_i_116_n_0
    SLICE_X26Y55         CARRY4 (Prop_carry4_CI_CO[3])
                                                      0.054    25.997 r  clipper_cdf_inst/cdf_wr_data_reg[7]_i_95/CO[3]
                         net (fo=1, routed)           0.000    25.997    clipper_cdf_inst/cdf_wr_data_reg[7]_i_95_n_0
    SLICE_X26Y56         CARRY4 (Prop_carry4_CI_CO[1])
                                                      0.076    26.073 r  clipper_cdf_inst/cdf_wr_data_reg[7]_i_39/CO[1]
                         net (fo=20, routed)          0.475    26.548    clipper_cdf_inst/cdf_wr_data_reg[7]_i_327_0[12]
    SLICE_X27Y52         LUT3 (Prop_lut3_I0_O)        0.124    26.672 r  clipper_cdf_inst/cdf_wr_data[7]_i_356/O
                         net (fo=1, routed)           0.000    26.672    clipper_cdf_inst/cdf_wr_data[7]_i_356_n_0
    SLICE_X27Y52         CARRY4 (Prop_carry4_S[1]_CO[3])
                                                      0.267    26.939 r  clipper_cdf_inst/cdf_wr_data_reg[7]_i_242/CO[3]
                         net (fo=1, routed)           0.000    26.939    clipper_cdf_inst/cdf_wr_data_reg[7]_i_242_n_0
    SLICE_X27Y53         CARRY4 (Prop_carry4_CI_CO[3])
                                                      0.053    26.992 r  clipper_cdf_inst/cdf_wr_data_reg[7]_i_215/CO[3]
                         net (fo=1, routed)           0.000    26.992    clipper_cdf_inst/cdf_wr_data_reg[7]_i_215_n_0
    SLICE_X27Y54         CARRY4 (Prop_carry4_CI_CO[3])
                                                      0.053    27.045 r  clipper_cdf_inst/cdf_wr_data_reg[7]_i_111/CO[3]
                         net (fo=1, routed)           0.000    27.045    clipper_cdf_inst/cdf_wr_data_reg[7]_i_111_n_0
    SLICE_X27Y55         CARRY4 (Prop_carry4_CI_CO[3])
                                                      0.053    27.098 r  clipper_cdf_inst/cdf_wr_data_reg[7]_i_47/CO[3]
                         net (fo=1, routed)           0.000    27.098    clipper_cdf_inst/cdf_wr_data_reg[7]_i_47_n_0
    SLICE_X27Y56         CARRY4 (Prop_carry4_CI_CO[1])
                                                      0.077    27.175 r  clipper_cdf_inst/cdf_wr_data_reg[7]_i_40/CO[1]
                         net (fo=20, routed)          0.439    27.614    clipper_cdf_inst/cdf_wr_data_reg[7]_i_327_0[11]
    SLICE_X28Y53         CARRY4 (Prop_carry4_CYINIT_CO[3])
                                                      0.366    27.980 r  clipper_cdf_inst/cdf_wr_data_reg[7]_i_142/CO[3]
                         net (fo=1, routed)           0.000    27.980    clipper_cdf_inst/cdf_wr_data_reg[7]_i_142_n_0
    SLICE_X28Y54         CARRY4 (Prop_carry4_CI_CO[3])
                                                      0.053    28.033 r  clipper_cdf_inst/cdf_wr_data_reg[7]_i_137/CO[3]
                         net (fo=1, routed)           0.000    28.033    clipper_cdf_inst/cdf_wr_data_reg[7]_i_137_n_0
    SLICE_X28Y55         CARRY4 (Prop_carry4_CI_CO[3])
                                                      0.053    28.086 r  clipper_cdf_inst/cdf_wr_data_reg[7]_i_106/CO[3]
                         net (fo=1, routed)           0.000    28.086    clipper_cdf_inst/cdf_wr_data_reg[7]_i_106_n_0
    SLICE_X28Y56         CARRY4 (Prop_carry4_CI_CO[3])
                                                      0.053    28.139 r  clipper_cdf_inst/cdf_wr_data_reg[7]_i_46/CO[3]
                         net (fo=1, routed)           0.000    28.139    clipper_cdf_inst/cdf_wr_data_reg[7]_i_46_n_0
    SLICE_X28Y57         CARRY4 (Prop_carry4_CI_CO[1])
                                                      0.077    28.216 r  clipper_cdf_inst/cdf_wr_data_reg[7]_i_16/CO[1]
                         net (fo=20, routed)          0.468    28.684    clipper_cdf_inst/cdf_wr_data_reg[7]_i_327_0[10]
    SLICE_X29Y54         LUT3 (Prop_lut3_I0_O)        0.122    28.806 r  clipper_cdf_inst/cdf_wr_data[7]_i_241/O
                         net (fo=1, routed)           0.000    28.806    clipper_cdf_inst/cdf_wr_data[7]_i_241_n_0
    SLICE_X29Y54         CARRY4 (Prop_carry4_S[1]_CO[3])
                                                      0.267    29.073 r  clipper_cdf_inst/cdf_wr_data_reg[7]_i_132/CO[3]
                         net (fo=1, routed)           0.000    29.073    clipper_cdf_inst/cdf_wr_data_reg[7]_i_132_n_0
    SLICE_X29Y55         CARRY4 (Prop_carry4_CI_CO[3])
                                                      0.053    29.126 r  clipper_cdf_inst/cdf_wr_data_reg[7]_i_68/CO[3]
                         net (fo=1, routed)           0.000    29.126    clipper_cdf_inst/cdf_wr_data_reg[7]_i_68_n_0
    SLICE_X29Y56         CARRY4 (Prop_carry4_CI_CO[3])
                                                      0.053    29.179 r  clipper_cdf_inst/cdf_wr_data_reg[7]_i_63/CO[3]
                         net (fo=1, routed)           0.000    29.179    clipper_cdf_inst/cdf_wr_data_reg[7]_i_63_n_0
    SLICE_X29Y57         CARRY4 (Prop_carry4_CI_CO[3])
                                                      0.053    29.232 r  clipper_cdf_inst/cdf_wr_data_reg[7]_i_43/CO[3]
                         net (fo=1, routed)           0.000    29.232    clipper_cdf_inst/cdf_wr_data_reg[7]_i_43_n_0
    SLICE_X29Y58         CARRY4 (Prop_carry4_CI_CO[1])
                                                      0.077    29.309 r  clipper_cdf_inst/cdf_wr_data_reg[7]_i_17/CO[1]
                         net (fo=20, routed)          0.596    29.905    clipper_cdf_inst/cdf_wr_data_reg[7]_i_327_0[9]
    SLICE_X30Y50         LUT3 (Prop_lut3_I0_O)        0.122    30.027 r  clipper_cdf_inst/cdf_wr_data[7]_i_238/O
                         net (fo=1, routed)           0.000    30.027    clipper_cdf_inst/cdf_wr_data[7]_i_238_n_0
    SLICE_X30Y50         CARRY4 (Prop_carry4_S[1]_CO[3])
                                                      0.256    30.283 r  clipper_cdf_inst/cdf_wr_data_reg[7]_i_127/CO[3]
                         net (fo=1, routed)           0.000    30.283    clipper_cdf_inst/cdf_wr_data_reg[7]_i_127_n_0
    SLICE_X30Y51         CARRY4 (Prop_carry4_CI_CO[3])
                                                      0.054    30.337 r  clipper_cdf_inst/cdf_wr_data_reg[7]_i_58/CO[3]
                         net (fo=1, routed)           0.000    30.337    clipper_cdf_inst/cdf_wr_data_reg[7]_i_58_n_0
    SLICE_X30Y52         CARRY4 (Prop_carry4_CI_CO[3])
                                                      0.054    30.391 r  clipper_cdf_inst/cdf_wr_data_reg[7]_i_28/CO[3]
                         net (fo=1, routed)           0.000    30.391    clipper_cdf_inst/cdf_wr_data_reg[7]_i_28_n_0
    SLICE_X30Y53         CARRY4 (Prop_carry4_CI_CO[3])
                                                      0.054    30.445 r  clipper_cdf_inst/cdf_wr_data_reg[7]_i_25/CO[3]
                         net (fo=1, routed)           0.000    30.445    clipper_cdf_inst/cdf_wr_data_reg[7]_i_25_n_0
    SLICE_X30Y54         CARRY4 (Prop_carry4_CI_CO[1])
                                                      0.076    30.521 r  clipper_cdf_inst/cdf_wr_data_reg[7]_i_15/CO[1]
                         net (fo=20, routed)          0.479    31.000    clipper_cdf_inst/cdf_wr_data_reg[7]_i_327_0[8]
    SLICE_X31Y51         LUT3 (Prop_lut3_I0_O)        0.124    31.124 r  clipper_cdf_inst/cdf_wr_data[7]_i_235/O
                         net (fo=1, routed)           0.000    31.124    clipper_cdf_inst/cdf_wr_data[7]_i_235_n_0
    SLICE_X31Y51         CARRY4 (Prop_carry4_S[1]_CO[3])
                                                      0.267    31.391 r  clipper_cdf_inst/cdf_wr_data_reg[7]_i_122/CO[3]
                         net (fo=1, routed)           0.000    31.391    clipper_cdf_inst/cdf_wr_data_reg[7]_i_122_n_0
    SLICE_X31Y52         CARRY4 (Prop_carry4_CI_CO[3])
                                                      0.053    31.444 r  clipper_cdf_inst/cdf_wr_data_reg[7]_i_53/CO[3]
                         net (fo=1, routed)           0.000    31.444    clipper_cdf_inst/cdf_wr_data_reg[7]_i_53_n_0
    SLICE_X31Y53         CARRY4 (Prop_carry4_CI_CO[3])
                                                      0.053    31.497 r  clipper_cdf_inst/cdf_wr_data_reg[7]_i_20/CO[3]
                         net (fo=1, routed)           0.000    31.497    clipper_cdf_inst/cdf_wr_data_reg[7]_i_20_n_0
    SLICE_X31Y54         CARRY4 (Prop_carry4_CI_CO[3])
                                                      0.053    31.550 r  clipper_cdf_inst/cdf_wr_data_reg[7]_i_10/CO[3]
                         net (fo=1, routed)           0.000    31.550    clipper_cdf_inst/cdf_wr_data_reg[7]_i_10_n_0
    SLICE_X31Y55         CARRY4 (Prop_carry4_CI_CO[1])
                                                      0.077    31.627 r  clipper_cdf_inst/cdf_wr_data_reg[7]_i_9/CO[1]
                         net (fo=20, routed)          0.320    31.948    clipper_cdf_inst/cdf_wr_data_reg[7]_i_327_0[7]
    SLICE_X32Y54         CARRY4 (Prop_carry4_CYINIT_CO[3])
                                                      0.376    32.324 r  clipper_cdf_inst/cdf_wr_data_reg[7]_i_121/CO[3]
                         net (fo=1, routed)           0.000    32.324    clipper_cdf_inst/cdf_wr_data_reg[7]_i_121_n_0
    SLICE_X32Y55         CARRY4 (Prop_carry4_CI_CO[3])
                                                      0.054    32.378 r  clipper_cdf_inst/cdf_wr_data_reg[7]_i_52/CO[3]
                         net (fo=1, routed)           0.000    32.378    clipper_cdf_inst/cdf_wr_data_reg[7]_i_52_n_0
    SLICE_X32Y56         CARRY4 (Prop_carry4_CI_CO[3])
                                                      0.054    32.432 r  clipper_cdf_inst/cdf_wr_data_reg[7]_i_19/CO[3]
                         net (fo=1, routed)           0.000    32.432    clipper_cdf_inst/cdf_wr_data_reg[7]_i_19_n_0
    SLICE_X32Y57         CARRY4 (Prop_carry4_CI_CO[3])
                                                      0.054    32.486 r  clipper_cdf_inst/cdf_wr_data_reg[7]_i_8/CO[3]
                         net (fo=1, routed)           0.000    32.486    clipper_cdf_inst/cdf_wr_data_reg[7]_i_8_n_0
    SLICE_X32Y58         CARRY4 (Prop_carry4_CI_CO[1])
                                                      0.076    32.562 r  clipper_cdf_inst/cdf_wr_data_reg[7]_i_4/CO[1]
                         net (fo=20, routed)          0.463    33.024    clipper_cdf_inst/cdf_wr_data_reg[7]_i_327_0[6]
    SLICE_X30Y55         LUT3 (Prop_lut3_I0_O)        0.124    33.148 r  clipper_cdf_inst/cdf_wr_data[6]_i_23/O
                         net (fo=1, routed)           0.000    33.148    clipper_cdf_inst/cdf_wr_data[6]_i_23_n_0
    SLICE_X30Y55         CARRY4 (Prop_carry4_S[1]_CO[3])
                                                      0.256    33.404 r  clipper_cdf_inst/cdf_wr_data_reg[6]_i_16/CO[3]
                         net (fo=1, routed)           0.000    33.404    clipper_cdf_inst/cdf_wr_data_reg[6]_i_16_n_0
    SLICE_X30Y56         CARRY4 (Prop_carry4_CI_CO[3])
                                                      0.054    33.458 r  clipper_cdf_inst/cdf_wr_data_reg[6]_i_11/CO[3]
                         net (fo=1, routed)           0.000    33.458    clipper_cdf_inst/cdf_wr_data_reg[6]_i_11_n_0
    SLICE_X30Y57         CARRY4 (Prop_carry4_CI_CO[3])
                                                      0.054    33.512 r  clipper_cdf_inst/cdf_wr_data_reg[6]_i_6/CO[3]
                         net (fo=1, routed)           0.000    33.512    clipper_cdf_inst/cdf_wr_data_reg[6]_i_6_n_0
    SLICE_X30Y58         CARRY4 (Prop_carry4_CI_CO[3])
                                                      0.054    33.566 r  clipper_cdf_inst/cdf_wr_data_reg[6]_i_3/CO[3]
                         net (fo=1, routed)           0.000    33.566    clipper_cdf_inst/cdf_wr_data_reg[6]_i_3_n_0
    SLICE_X30Y59         CARRY4 (Prop_carry4_CI_CO[1])
                                                      0.076    33.642 r  clipper_cdf_inst/cdf_wr_data_reg[6]_i_2/CO[1]
                         net (fo=20, routed)          0.470    34.113    clipper_cdf_inst/cdf_wr_data_reg[7]_i_327_0[5]
    SLICE_X26Y58         CARRY4 (Prop_carry4_CYINIT_CO[3])
                                                      0.378    34.491 r  clipper_cdf_inst/cdf_wr_data_reg[5]_i_16/CO[3]
                         net (fo=1, routed)           0.000    34.491    clipper_cdf_inst/cdf_wr_data_reg[5]_i_16_n_0
    SLICE_X26Y59         CARRY4 (Prop_carry4_CI_CO[3])
                                                      0.054    34.545 r  clipper_cdf_inst/cdf_wr_data_reg[5]_i_11/CO[3]
                         net (fo=1, routed)           0.000    34.545    clipper_cdf_inst/cdf_wr_data_reg[5]_i_11_n_0
    SLICE_X26Y60         CARRY4 (Prop_carry4_CI_CO[3])
                                                      0.054    34.599 r  clipper_cdf_inst/cdf_wr_data_reg[5]_i_6/CO[3]
                         net (fo=1, routed)           0.000    34.599    clipper_cdf_inst/cdf_wr_data_reg[5]_i_6_n_0
    SLICE_X26Y61         CARRY4 (Prop_carry4_CI_CO[3])
                                                      0.054    34.653 r  clipper_cdf_inst/cdf_wr_data_reg[5]_i_3/CO[3]
                         net (fo=1, routed)           0.000    34.653    clipper_cdf_inst/cdf_wr_data_reg[5]_i_3_n_0
    SLICE_X26Y62         CARRY4 (Prop_carry4_CI_CO[1])
                                                      0.076    34.729 r  clipper_cdf_inst/cdf_wr_data_reg[5]_i_2/CO[1]
                         net (fo=20, routed)          0.439    35.168    clipper_cdf_inst/cdf_wr_data_reg[7]_i_327_0[4]
    SLICE_X27Y59         LUT3 (Prop_lut3_I0_O)        0.124    35.292 r  clipper_cdf_inst/cdf_wr_data[4]_i_23/O
                         net (fo=1, routed)           0.000    35.292    clipper_cdf_inst/cdf_wr_data[4]_i_23_n_0
    SLICE_X27Y59         CARRY4 (Prop_carry4_S[1]_CO[3])
                                                      0.267    35.559 r  clipper_cdf_inst/cdf_wr_data_reg[4]_i_16/CO[3]
                         net (fo=1, routed)           0.000    35.559    clipper_cdf_inst/cdf_wr_data_reg[4]_i_16_n_0
    SLICE_X27Y60         CARRY4 (Prop_carry4_CI_CO[3])
                                                      0.053    35.612 r  clipper_cdf_inst/cdf_wr_data_reg[4]_i_11/CO[3]
                         net (fo=1, routed)           0.000    35.612    clipper_cdf_inst/cdf_wr_data_reg[4]_i_11_n_0
    SLICE_X27Y61         CARRY4 (Prop_carry4_CI_CO[3])
                                                      0.053    35.665 r  clipper_cdf_inst/cdf_wr_data_reg[4]_i_6/CO[3]
                         net (fo=1, routed)           0.000    35.665    clipper_cdf_inst/cdf_wr_data_reg[4]_i_6_n_0
    SLICE_X27Y62         CARRY4 (Prop_carry4_CI_CO[3])
                                                      0.053    35.718 r  clipper_cdf_inst/cdf_wr_data_reg[4]_i_3/CO[3]
                         net (fo=1, routed)           0.000    35.718    clipper_cdf_inst/cdf_wr_data_reg[4]_i_3_n_0
    SLICE_X27Y63         CARRY4 (Prop_carry4_CI_CO[1])
                                                      0.077    35.795 r  clipper_cdf_inst/cdf_wr_data_reg[4]_i_2/CO[1]
                         net (fo=20, routed)          0.563    36.357    clipper_cdf_inst/cdf_wr_data_reg[7]_i_327_0[3]
    SLICE_X33Y59         LUT3 (Prop_lut3_I2_O)        0.127    36.484 r  clipper_cdf_inst/cdf_wr_data[4]_i_1/O
                         net (fo=1, routed)           0.000    36.484    clipper_cdf_inst/norm_saturated[4]
    SLICE_X33Y59         FDCE                                         r  clipper_cdf_inst/cdf_wr_data_reg[4]/D
  -------------------------------------------------------------------    -------------------

                         (clock pclk rise edge)      13.500    13.500 r  
    AU28                                              0.000    13.500 r  pclk (IN)
                         net (fo=0)                   0.000    13.500    pclk
    AU28                 IBUF (Prop_ibuf_I_O)         0.521    14.021 r  pclk_IBUF_inst/O
                         net (fo=1, routed)           2.145    16.166    pclk_IBUF
    BUFGCTRL_X0Y0        BUFG (Prop_bufg_I_O)         0.083    16.249 r  pclk_IBUF_BUFG_inst/O
                         net (fo=916, routed)         1.772    18.021    clipper_cdf_inst/pclk_IBUF_BUFG
    SLICE_X33Y59         FDCE                                         r  clipper_cdf_inst/cdf_wr_data_reg[4]/C
                         clock pessimism              0.262    18.284    
                         clock uncertainty           -0.035    18.248    
    SLICE_X33Y59         FDCE (Setup_fdce_C_D)        0.058    18.306    clipper_cdf_inst/cdf_wr_data_reg[4]
  -------------------------------------------------------------------
                         required time                         18.306    
                         arrival time                         -36.484    
  -------------------------------------------------------------------
                         slack                                -18.178    

Slack (VIOLATED) :        -17.125ns  (required time - arrival time)
  Source:                 clipper_cdf_inst/cdf_range_reg[3]/C
                            (rising edge-triggered cell FDCE clocked by pclk  {rise@0.000ns fall@6.750ns period=13.500ns})
  Destination:            clipper_cdf_inst/cdf_wr_data_reg[5]/D
                            (rising edge-triggered cell FDCE clocked by pclk  {rise@0.000ns fall@6.750ns period=13.500ns})
  Path Group:             pclk
  Path Type:              Setup (Max at Slow Process Corner)
  Requirement:            13.500ns  (pclk rise@13.500ns - pclk rise@0.000ns)
  Data Path Delay:        30.326ns  (logic 16.895ns (55.711%)  route 13.431ns (44.289%))
  Logic Levels:           157  (CARRY4=134 LUT1=1 LUT2=7 LUT3=15)
  Clock Path Skew:        -0.296ns (DCD - SCD + CPR)
    Destination Clock Delay (DCD):    4.521ns = ( 18.021 - 13.500 ) 
    Source Clock Delay      (SCD):    5.080ns
    Clock Pessimism Removal (CPR):    0.262ns
  Clock Uncertainty:      0.035ns  ((TSJ^2 + TIJ^2)^1/2 + DJ) / 2 + PE
    Total System Jitter     (TSJ):    0.071ns
    Total Input Jitter      (TIJ):    0.000ns
    Discrete Jitter          (DJ):    0.000ns
    Phase Error              (PE):    0.000ns

    Location             Delay type                Incr(ns)  Path(ns)    Netlist Resource(s)
  -------------------------------------------------------------------    -------------------
                         (clock pclk rise edge)       0.000     0.000 r  
    AU28                                              0.000     0.000 r  pclk (IN)
                         net (fo=0)                   0.000     0.000    pclk
    AU28                 IBUF (Prop_ibuf_I_O)         0.628     0.628 r  pclk_IBUF_inst/O
                         net (fo=1, routed)           2.272     2.900    pclk_IBUF
    BUFGCTRL_X0Y0        BUFG (Prop_bufg_I_O)         0.093     2.993 r  pclk_IBUF_BUFG_inst/O
                         net (fo=916, routed)         2.087     5.080    clipper_cdf_inst/pclk_IBUF_BUFG
    SLICE_X30Y41         FDCE                                         r  clipper_cdf_inst/cdf_range_reg[3]/C
  -------------------------------------------------------------------    -------------------
    SLICE_X30Y41         FDCE (Prop_fdce_C_Q)         0.259     5.339 f  clipper_cdf_inst/cdf_range_reg[3]/Q
                         net (fo=34, routed)          0.366     5.705    clipper_cdf_inst/cdf_range[3]
    SLICE_X31Y40         LUT1 (Prop_lut1_I0_O)        0.043     5.748 r  clipper_cdf_inst/cdf_wr_data[7]_i_581/O
                         net (fo=1, routed)           0.000     5.748    clipper_cdf_inst/cdf_wr_data[7]_i_581_n_0
    SLICE_X31Y40         CARRY4 (Prop_carry4_S[3]_CO[3])
                                                      0.193     5.941 r  clipper_cdf_inst/cdf_wr_data_reg[7]_i_528/CO[3]
                         net (fo=1, routed)           0.000     5.941    clipper_cdf_inst/cdf_wr_data_reg[7]_i_528_n_0
    SLICE_X31Y41         CARRY4 (Prop_carry4_CI_CO[3])
                                                      0.053     5.994 r  clipper_cdf_inst/cdf_wr_data_reg[7]_i_523/CO[3]
                         net (fo=1, routed)           0.000     5.994    clipper_cdf_inst/cdf_wr_data_reg[7]_i_523_n_0
    SLICE_X31Y42         CARRY4 (Prop_carry4_CI_CO[3])
                                                      0.053     6.047 r  clipper_cdf_inst/cdf_wr_data_reg[7]_i_438/CO[3]
                         net (fo=1, routed)           0.000     6.047    clipper_cdf_inst/cdf_wr_data_reg[7]_i_438_n_0
    SLICE_X31Y43         CARRY4 (Prop_carry4_CI_CO[3])
                                                      0.053     6.100 r  clipper_cdf_inst/cdf_wr_data_reg[7]_i_327/CO[3]
                         net (fo=1, routed)           0.000     6.100    clipper_cdf_inst/cdf_wr_data_reg[7]_i_327_n_0
    SLICE_X31Y44         CARRY4 (Prop_carry4_CI_CO[0])
                                                      0.139     6.239 r  clipper_cdf_inst/cdf_wr_data_reg[7]_i_199/CO[0]
                         net (fo=21, routed)          0.568     6.807    clipper_cdf_inst/cdf_wr_data_reg[7]_i_327_0[30]
    SLICE_X30Y39         LUT2 (Prop_lut2_I1_O)        0.131     6.938 r  clipper_cdf_inst/cdf_wr_data[7]_i_568/O
                         net (fo=1, routed)           0.000     6.938    clipper_cdf_inst/cdf_wr_data[7]_i_568_n_0
    SLICE_X30Y39         CARRY4 (Prop_carry4_S[1]_CO[3])
                                                      0.256     7.194 r  clipper_cdf_inst/cdf_wr_data_reg[7]_i_518/CO[3]
                         net (fo=1, routed)           0.000     7.194    clipper_cdf_inst/cdf_wr_data_reg[7]_i_518_n_0
    SLICE_X30Y40         CARRY4 (Prop_carry4_CI_CO[3])
                                                      0.054     7.248 r  clipper_cdf_inst/cdf_wr_data_reg[7]_i_433/CO[3]
                         net (fo=1, routed)           0.000     7.248    clipper_cdf_inst/cdf_wr_data_reg[7]_i_433_n_0
    SLICE_X30Y41         CARRY4 (Prop_carry4_CI_CO[3])
                                                      0.054     7.302 r  clipper_cdf_inst/cdf_wr_data_reg[7]_i_428/CO[3]
                         net (fo=1, routed)           0.000     7.302    clipper_cdf_inst/cdf_wr_data_reg[7]_i_428_n_0
    SLICE_X30Y42         CARRY4 (Prop_carry4_CI_CO[3])
                                                      0.054     7.356 r  clipper_cdf_inst/cdf_wr_data_reg[7]_i_324/CO[3]
                         net (fo=1, routed)           0.000     7.356    clipper_cdf_inst/cdf_wr_data_reg[7]_i_324_n_0
    SLICE_X30Y43         CARRY4 (Prop_carry4_CI_CO[1])
                                                      0.076     7.432 r  clipper_cdf_inst/cdf_wr_data_reg[7]_i_200/CO[1]
                         net (fo=21, routed)          0.578     8.010    clipper_cdf_inst/cdf_wr_data_reg[7]_i_327_0[29]
    SLICE_X29Y41         LUT2 (Prop_lut2_I1_O)        0.124     8.134 r  clipper_cdf_inst/cdf_wr_data[7]_i_564/O
                         net (fo=1, routed)           0.000     8.134    clipper_cdf_inst/cdf_wr_data[7]_i_564_n_0
    SLICE_X29Y41         CARRY4 (Prop_carry4_S[1]_CO[3])
                                                      0.267     8.401 r  clipper_cdf_inst/cdf_wr_data_reg[7]_i_513/CO[3]
                         net (fo=1, routed)           0.000     8.401    clipper_cdf_inst/cdf_wr_data_reg[7]_i_513_n_0
    SLICE_X29Y42         CARRY4 (Prop_carry4_CI_CO[3])
                                                      0.053     8.454 r  clipper_cdf_inst/cdf_wr_data_reg[7]_i_423/CO[3]
                         net (fo=1, routed)           0.000     8.454    clipper_cdf_inst/cdf_wr_data_reg[7]_i_423_n_0
    SLICE_X29Y43         CARRY4 (Prop_carry4_CI_CO[3])
                                                      0.053     8.507 r  clipper_cdf_inst/cdf_wr_data_reg[7]_i_315/CO[3]
                         net (fo=1, routed)           0.000     8.507    clipper_cdf_inst/cdf_wr_data_reg[7]_i_315_n_0
    SLICE_X29Y44         CARRY4 (Prop_carry4_CI_CO[3])
                                                      0.053     8.560 r  clipper_cdf_inst/cdf_wr_data_reg[7]_i_312/CO[3]
                         net (fo=1, routed)           0.000     8.560    clipper_cdf_inst/cdf_wr_data_reg[7]_i_312_n_0
    SLICE_X29Y45         CARRY4 (Prop_carry4_CI_CO[1])
                                                      0.077     8.637 r  clipper_cdf_inst/cdf_wr_data_reg[7]_i_198/CO[1]
                         net (fo=21, routed)          0.637     9.274    clipper_cdf_inst/cdf_wr_data_reg[7]_i_327_0[28]
    SLICE_X29Y36         LUT2 (Prop_lut2_I1_O)        0.122     9.396 r  clipper_cdf_inst/cdf_wr_data[7]_i_560/O
                         net (fo=1, routed)           0.000     9.396    clipper_cdf_inst/cdf_wr_data[7]_i_560_n_0
    SLICE_X29Y36         CARRY4 (Prop_carry4_S[1]_CO[3])
                                                      0.267     9.663 r  clipper_cdf_inst/cdf_wr_data_reg[7]_i_508/CO[3]
                         net (fo=1, routed)           0.000     9.663    clipper_cdf_inst/cdf_wr_data_reg[7]_i_508_n_0
    SLICE_X29Y37         CARRY4 (Prop_carry4_CI_CO[3])
                                                      0.053     9.716 r  clipper_cdf_inst/cdf_wr_data_reg[7]_i_418/CO[3]
                         net (fo=1, routed)           0.000     9.716    clipper_cdf_inst/cdf_wr_data_reg[7]_i_418_n_0
    SLICE_X29Y38         CARRY4 (Prop_carry4_CI_CO[3])
                                                      0.053     9.769 r  clipper_cdf_inst/cdf_wr_data_reg[7]_i_307/CO[3]
                         net (fo=1, routed)           0.000     9.769    clipper_cdf_inst/cdf_wr_data_reg[7]_i_307_n_0
    SLICE_X29Y39         CARRY4 (Prop_carry4_CI_CO[3])
                                                      0.053     9.822 r  clipper_cdf_inst/cdf_wr_data_reg[7]_i_190/CO[3]
                         net (fo=1, routed)           0.000     9.822    clipper_cdf_inst/cdf_wr_data_reg[7]_i_190_n_0
    SLICE_X29Y40         CARRY4 (Prop_carry4_CI_CO[1])
                                                      0.077     9.899 r  clipper_cdf_inst/cdf_wr_data_reg[7]_i_189/CO[1]
                         net (fo=21, routed)          0.372    10.271    clipper_cdf_inst/cdf_wr_data_reg[7]_i_327_0[27]
    SLICE_X28Y38         LUT2 (Prop_lut2_I1_O)        0.122    10.393 r  clipper_cdf_inst/cdf_wr_data[7]_i_556/O
                         net (fo=1, routed)           0.000    10.393    clipper_cdf_inst/cdf_wr_data[7]_i_556_n_0
    SLICE_X28Y38         CARRY4 (Prop_carry4_S[1]_CO[3])
                                                      0.267    10.660 r  clipper_cdf_inst/cdf_wr_data_reg[7]_i_479/CO[3]
                         net (fo=1, routed)           0.000    10.660    clipper_cdf_inst/cdf_wr_data_reg[7]_i_479_n_0
    SLICE_X28Y39         CARRY4 (Prop_carry4_CI_CO[3])
                                                      0.053    10.713 r  clipper_cdf_inst/cdf_wr_data_reg[7]_i_413/CO[3]
                         net (fo=1, routed)           0.000    10.713    clipper_cdf_inst/cdf_wr_data_reg[7]_i_413_n_0
    SLICE_X28Y40         CARRY4 (Prop_carry4_CI_CO[3])
                                                      0.053    10.766 r  clipper_cdf_inst/cdf_wr_data_reg[7]_i_302/CO[3]
                         net (fo=1, routed)           0.000    10.766    clipper_cdf_inst/cdf_wr_data_reg[7]_i_302_n_0
    SLICE_X28Y41         CARRY4 (Prop_carry4_CI_CO[3])
                                                      0.053    10.819 r  clipper_cdf_inst/cdf_wr_data_reg[7]_i_186/CO[3]
                         net (fo=1, routed)           0.000    10.819    clipper_cdf_inst/cdf_wr_data_reg[7]_i_186_n_0
    SLICE_X28Y42         CARRY4 (Prop_carry4_CI_CO[1])
                                                      0.077    10.896 r  clipper_cdf_inst/cdf_wr_data_reg[7]_i_91/CO[1]
                         net (fo=21, routed)          0.459    11.355    clipper_cdf_inst/cdf_wr_data_reg[7]_i_327_0[26]
    SLICE_X26Y40         LUT2 (Prop_lut2_I1_O)        0.122    11.477 r  clipper_cdf_inst/cdf_wr_data[7]_i_552/O
                         net (fo=1, routed)           0.000    11.477    clipper_cdf_inst/cdf_wr_data[7]_i_552_n_0
    SLICE_X26Y40         CARRY4 (Prop_carry4_S[1]_CO[3])
                                                      0.256    11.733 r  clipper_cdf_inst/cdf_wr_data_reg[7]_i_474/CO[3]
                         net (fo=1, routed)           0.000    11.733    clipper_cdf_inst/cdf_wr_data_reg[7]_i_474_n_0
    SLICE_X26Y41         CARRY4 (Prop_carry4_CI_CO[3])
                                                      0.054    11.787 r  clipper_cdf_inst/cdf_wr_data_reg[7]_i_372/CO[3]
                         net (fo=1, routed)           0.000    11.787    clipper_cdf_inst/cdf_wr_data_reg[7]_i_372_n_0
    SLICE_X26Y42         CARRY4 (Prop_carry4_CI_CO[3])
                                                      0.054    11.841 r  clipper_cdf_inst/cdf_wr_data_reg[7]_i_301/CO[3]
                         net (fo=1, routed)           0.000    11.841    clipper_cdf_inst/cdf_wr_data_reg[7]_i_301_n_0
    SLICE_X26Y43         CARRY4 (Prop_carry4_CI_CO[3])
                                                      0.054    11.895 r  clipper_cdf_inst/cdf_wr_data_reg[7]_i_185/CO[3]
                         net (fo=1, routed)           0.000    11.895    clipper_cdf_inst/cdf_wr_data_reg[7]_i_185_n_0
    SLICE_X26Y44         CARRY4 (Prop_carry4_CI_CO[1])
                                                      0.076    11.971 r  clipper_cdf_inst/cdf_wr_data_reg[7]_i_90/CO[1]
                         net (fo=21, routed)          0.447    12.418    clipper_cdf_inst/cdf_wr_data_reg[7]_i_327_0[25]
    SLICE_X25Y42         LUT2 (Prop_lut2_I1_O)        0.124    12.542 r  clipper_cdf_inst/cdf_wr_data[7]_i_548/O
                         net (fo=1, routed)           0.000    12.542    clipper_cdf_inst/cdf_wr_data[7]_i_548_n_0
    SLICE_X25Y42         CARRY4 (Prop_carry4_S[1]_CO[3])
                                                      0.267    12.809 r  clipper_cdf_inst/cdf_wr_data_reg[7]_i_469/CO[3]
                         net (fo=1, routed)           0.000    12.809    clipper_cdf_inst/cdf_wr_data_reg[7]_i_469_n_0
    SLICE_X25Y43         CARRY4 (Prop_carry4_CI_CO[3])
                                                      0.053    12.862 r  clipper_cdf_inst/cdf_wr_data_reg[7]_i_367/CO[3]
                         net (fo=1, routed)           0.000    12.862    clipper_cdf_inst/cdf_wr_data_reg[7]_i_367_n_0
    SLICE_X25Y44         CARRY4 (Prop_carry4_CI_CO[3])
                                                      0.053    12.915 r  clipper_cdf_inst/cdf_wr_data_reg[7]_i_265/CO[3]
                         net (fo=1, routed)           0.000    12.915    clipper_cdf_inst/cdf_wr_data_reg[7]_i_265_n_0
    SLICE_X25Y45         CARRY4 (Prop_carry4_CI_CO[3])
                                                      0.053    12.968 r  clipper_cdf_inst/cdf_wr_data_reg[7]_i_193/CO[3]
                         net (fo=1, routed)           0.000    12.968    clipper_cdf_inst/cdf_wr_data_reg[7]_i_193_n_0
    SLICE_X25Y46         CARRY4 (Prop_carry4_CI_CO[1])
                                                      0.077    13.045 r  clipper_cdf_inst/cdf_wr_data_reg[7]_i_93/CO[1]
                         net (fo=21, routed)          0.554    13.599    clipper_cdf_inst/cdf_wr_data_reg[7]_i_327_0[24]
    SLICE_X28Y43         LUT2 (Prop_lut2_I1_O)        0.122    13.721 r  clipper_cdf_inst/cdf_wr_data[7]_i_544/O
                         net (fo=1, routed)           0.000    13.721    clipper_cdf_inst/cdf_wr_data[7]_i_544_n_0
    SLICE_X28Y43         CARRY4 (Prop_carry4_S[1]_CO[3])
                                                      0.267    13.988 r  clipper_cdf_inst/cdf_wr_data_reg[7]_i_464/CO[3]
                         net (fo=1, routed)           0.000    13.988    clipper_cdf_inst/cdf_wr_data_reg[7]_i_464_n_0
    SLICE_X28Y44         CARRY4 (Prop_carry4_CI_CO[3])
                                                      0.053    14.041 r  clipper_cdf_inst/cdf_wr_data_reg[7]_i_362/CO[3]
                         net (fo=1, routed)           0.000    14.041    clipper_cdf_inst/cdf_wr_data_reg[7]_i_362_n_0
    SLICE_X28Y45         CARRY4 (Prop_carry4_CI_CO[3])
                                                      0.053    14.094 r  clipper_cdf_inst/cdf_wr_data_reg[7]_i_260/CO[3]
                         net (fo=1, routed)           0.000    14.094    clipper_cdf_inst/cdf_wr_data_reg[7]_i_260_n_0
    SLICE_X28Y46         CARRY4 (Prop_carry4_CI_CO[3])
                                                      0.053    14.147 r  clipper_cdf_inst/cdf_wr_data_reg[7]_i_154/CO[3]
                         net (fo=1, routed)           0.000    14.147    clipper_cdf_inst/cdf_wr_data_reg[7]_i_154_n_0
    SLICE_X28Y47         CARRY4 (Prop_carry4_CI_CO[1])
                                                      0.077    14.224 r  clipper_cdf_inst/cdf_wr_data_reg[7]_i_92/CO[1]
                         net (fo=20, routed)          0.615    14.839    clipper_cdf_inst/cdf_wr_data_reg[7]_i_327_0[23]
    SLICE_X30Y44         LUT3 (Prop_lut3_I0_O)        0.122    14.961 r  clipper_cdf_inst/cdf_wr_data[7]_i_505/O
                         net (fo=1, routed)           0.000    14.961    clipper_cdf_inst/cdf_wr_data[7]_i_505_n_0
    SLICE_X30Y44         CARRY4 (Prop_carry4_S[3]_CO[3])
                                                      0.180    15.141 r  clipper_cdf_inst/cdf_wr_data_reg[7]_i_408/CO[3]
                         net (fo=1, routed)           0.000    15.141    clipper_cdf_inst/cdf_wr_data_reg[7]_i_408_n_0
    SLICE_X30Y45         CARRY4 (Prop_carry4_CI_CO[3])
                                                      0.054    15.195 r  clipper_cdf_inst/cdf_wr_data_reg[7]_i_357/CO[3]
                         net (fo=1, routed)           0.000    15.195    clipper_cdf_inst/cdf_wr_data_reg[7]_i_357_n_0
    SLICE_X30Y46         CARRY4 (Prop_carry4_CI_CO[3])
                                                      0.054    15.249 r  clipper_cdf_inst/cdf_wr_data_reg[7]_i_255/CO[3]
                         net (fo=1, routed)           0.000    15.249    clipper_cdf_inst/cdf_wr_data_reg[7]_i_255_n_0
    SLICE_X30Y47         CARRY4 (Prop_carry4_CI_CO[3])
                                                      0.054    15.303 r  clipper_cdf_inst/cdf_wr_data_reg[7]_i_153/CO[3]
                         net (fo=1, routed)           0.000    15.303    clipper_cdf_inst/cdf_wr_data_reg[7]_i_153_n_0
    SLICE_X30Y48         CARRY4 (Prop_carry4_CI_CO[1])
                                                      0.076    15.379 r  clipper_cdf_inst/cdf_wr_data_reg[7]_i_75/CO[1]
                         net (fo=20, routed)          0.466    15.845    clipper_cdf_inst/cdf_wr_data_reg[7]_i_327_0[22]
    SLICE_X31Y45         LUT3 (Prop_lut3_I0_O)        0.124    15.969 r  clipper_cdf_inst/cdf_wr_data[7]_i_504/O
                         net (fo=1, routed)           0.000    15.969    clipper_cdf_inst/cdf_wr_data[7]_i_504_n_0
    SLICE_X31Y45         CARRY4 (Prop_carry4_S[1]_CO[3])
                                                      0.267    16.236 r  clipper_cdf_inst/cdf_wr_data_reg[7]_i_403/CO[3]
                         net (fo=1, routed)           0.000    16.236    clipper_cdf_inst/cdf_wr_data_reg[7]_i_403_n_0
    SLICE_X31Y46         CARRY4 (Prop_carry4_CI_CO[3])
                                                      0.053    16.289 r  clipper_cdf_inst/cdf_wr_data_reg[7]_i_296/CO[3]
                         net (fo=1, routed)           0.000    16.289    clipper_cdf_inst/cdf_wr_data_reg[7]_i_296_n_0
    SLICE_X31Y47         CARRY4 (Prop_carry4_CI_CO[3])
                                                      0.053    16.342 r  clipper_cdf_inst/cdf_wr_data_reg[7]_i_250/CO[3]
                         net (fo=1, routed)           0.000    16.342    clipper_cdf_inst/cdf_wr_data_reg[7]_i_250_n_0
    SLICE_X31Y48         CARRY4 (Prop_carry4_CI_CO[3])
                                                      0.053    16.395 r  clipper_cdf_inst/cdf_wr_data_reg[7]_i_148/CO[3]
                         net (fo=1, routed)           0.000    16.395    clipper_cdf_inst/cdf_wr_data_reg[7]_i_148_n_0
    SLICE_X31Y49         CARRY4 (Prop_carry4_CI_CO[1])
                                                      0.077    16.472 r  clipper_cdf_inst/cdf_wr_data_reg[7]_i_76/CO[1]
                         net (fo=20, routed)          0.535    17.007    clipper_cdf_inst/cdf_wr_data_reg[7]_i_327_0[21]
    SLICE_X29Y46         CARRY4 (Prop_carry4_CYINIT_CO[3])
                                                      0.366    17.373 r  clipper_cdf_inst/cdf_wr_data_reg[7]_i_393/CO[3]
                         net (fo=1, routed)           0.000    17.373    clipper_cdf_inst/cdf_wr_data_reg[7]_i_393_n_0
    SLICE_X29Y47         CARRY4 (Prop_carry4_CI_CO[3])
                                                      0.053    17.426 r  clipper_cdf_inst/cdf_wr_data_reg[7]_i_291/CO[3]
                         net (fo=1, routed)           0.000    17.426    clipper_cdf_inst/cdf_wr_data_reg[7]_i_291_n_0
    SLICE_X29Y48         CARRY4 (Prop_carry4_CI_CO[3])
                                                      0.053    17.479 r  clipper_cdf_inst/cdf_wr_data_reg[7]_i_180/CO[3]
                         net (fo=1, routed)           0.000    17.479    clipper_cdf_inst/cdf_wr_data_reg[7]_i_180_n_0
    SLICE_X29Y49         CARRY4 (Prop_carry4_CI_CO[3])
                                                      0.053    17.532 r  clipper_cdf_inst/cdf_wr_data_reg[7]_i_147/CO[3]
                         net (fo=1, routed)           0.001    17.533    clipper_cdf_inst/cdf_wr_data_reg[7]_i_147_n_0
    SLICE_X29Y50         CARRY4 (Prop_carry4_CI_CO[1])
                                                      0.077    17.610 r  clipper_cdf_inst/cdf_wr_data_reg[7]_i_73/CO[1]
                         net (fo=20, routed)          0.465    18.075    clipper_cdf_inst/cdf_wr_data_reg[7]_i_327_0[20]
    SLICE_X28Y49         LUT3 (Prop_lut3_I0_O)        0.122    18.197 r  clipper_cdf_inst/cdf_wr_data[7]_i_396/O
                         net (fo=1, routed)           0.000    18.197    clipper_cdf_inst/cdf_wr_data[7]_i_396_n_0
    SLICE_X28Y49         CARRY4 (Prop_carry4_S[1]_CO[3])
                                                      0.267    18.464 r  clipper_cdf_inst/cdf_wr_data_reg[7]_i_281/CO[3]
                         net (fo=1, routed)           0.001    18.464    clipper_cdf_inst/cdf_wr_data_reg[7]_i_281_n_0
    SLICE_X28Y50         CARRY4 (Prop_carry4_CI_CO[3])
                                                      0.053    18.517 r  clipper_cdf_inst/cdf_wr_data_reg[7]_i_175/CO[3]
                         net (fo=1, routed)           0.000    18.517    clipper_cdf_inst/cdf_wr_data_reg[7]_i_175_n_0
    SLICE_X28Y51         CARRY4 (Prop_carry4_CI_CO[3])
                                                      0.053    18.570 r  clipper_cdf_inst/cdf_wr_data_reg[7]_i_85/CO[3]
                         net (fo=1, routed)           0.000    18.570    clipper_cdf_inst/cdf_wr_data_reg[7]_i_85_n_0
    SLICE_X28Y52         CARRY4 (Prop_carry4_CI_CO[1])
                                                      0.077    18.647 r  clipper_cdf_inst/cdf_wr_data_reg[7]_i_74/CO[1]
                         net (fo=20, routed)          0.473    19.120    clipper_cdf_inst/cdf_wr_data_reg[7]_i_327_0[19]
    SLICE_X27Y47         LUT3 (Prop_lut3_I0_O)        0.122    19.242 r  clipper_cdf_inst/cdf_wr_data[7]_i_492/O
                         net (fo=1, routed)           0.000    19.242    clipper_cdf_inst/cdf_wr_data[7]_i_492_n_0
    SLICE_X27Y47         CARRY4 (Prop_carry4_S[1]_CO[3])
                                                      0.267    19.509 r  clipper_cdf_inst/cdf_wr_data_reg[7]_i_383/CO[3]
                         net (fo=1, routed)           0.000    19.509    clipper_cdf_inst/cdf_wr_data_reg[7]_i_383_n_0
    SLICE_X27Y48         CARRY4 (Prop_carry4_CI_CO[3])
                                                      0.053    19.562 r  clipper_cdf_inst/cdf_wr_data_reg[7]_i_276/CO[3]
                         net (fo=1, routed)           0.000    19.562    clipper_cdf_inst/cdf_wr_data_reg[7]_i_276_n_0
    SLICE_X27Y49         CARRY4 (Prop_carry4_CI_CO[3])
                                                      0.053    19.615 r  clipper_cdf_inst/cdf_wr_data_reg[7]_i_165/CO[3]
                         net (fo=1, routed)           0.001    19.616    clipper_cdf_inst/cdf_wr_data_reg[7]_i_165_n_0
    SLICE_X27Y50         CARRY4 (Prop_carry4_CI_CO[3])
                                                      0.053    19.669 r  clipper_cdf_inst/cdf_wr_data_reg[7]_i_84/CO[3]
                         net (fo=1, routed)           0.000    19.669    clipper_cdf_inst/cdf_wr_data_reg[7]_i_84_n_0
    SLICE_X27Y51         CARRY4 (Prop_carry4_CI_CO[1])
                                                      0.077    19.746 r  clipper_cdf_inst/cdf_wr_data_reg[7]_i_36/CO[1]
                         net (fo=20, routed)          0.452    20.197    clipper_cdf_inst/cdf_wr_data_reg[7]_i_327_0[18]
    SLICE_X26Y47         LUT3 (Prop_lut3_I0_O)        0.122    20.319 r  clipper_cdf_inst/cdf_wr_data[7]_i_489/O
                         net (fo=1, routed)           0.000    20.319    clipper_cdf_inst/cdf_wr_data[7]_i_489_n_0
    SLICE_X26Y47         CARRY4 (Prop_carry4_S[1]_CO[3])
                                                      0.256    20.575 r  clipper_cdf_inst/cdf_wr_data_reg[7]_i_378/CO[3]
                         net (fo=1, routed)           0.000    20.575    clipper_cdf_inst/cdf_wr_data_reg[7]_i_378_n_0
    SLICE_X26Y48         CARRY4 (Prop_carry4_CI_CO[3])
                                                      0.054    20.629 r  clipper_cdf_inst/cdf_wr_data_reg[7]_i_271/CO[3]
                         net (fo=1, routed)           0.000    20.629    clipper_cdf_inst/cdf_wr_data_reg[7]_i_271_n_0
    SLICE_X26Y49         CARRY4 (Prop_carry4_CI_CO[3])
                                                      0.054    20.683 r  clipper_cdf_inst/cdf_wr_data_reg[7]_i_160/CO[3]
                         net (fo=1, routed)           0.001    20.684    clipper_cdf_inst/cdf_wr_data_reg[7]_i_160_n_0
    SLICE_X26Y50         CARRY4 (Prop_carry4_CI_CO[3])
                                                      0.054    20.738 r  clipper_cdf_inst/cdf_wr_data_reg[7]_i_78/CO[3]
                         net (fo=1, routed)           0.000    20.738    clipper_cdf_inst/cdf_wr_data_reg[7]_i_78_n_0
    SLICE_X26Y51         CARRY4 (Prop_carry4_CI_CO[1])
                                                      0.076    20.814 r  clipper_cdf_inst/cdf_wr_data_reg[7]_i_37/CO[1]
                         net (fo=20, routed)          0.496    21.310    clipper_cdf_inst/cdf_wr_data_reg[7]_i_327_0[17]
    SLICE_X24Y46         LUT3 (Prop_lut3_I0_O)        0.124    21.434 r  clipper_cdf_inst/cdf_wr_data[7]_i_486/O
                         net (fo=1, routed)           0.000    21.434    clipper_cdf_inst/cdf_wr_data[7]_i_486_n_0
    SLICE_X24Y46         CARRY4 (Prop_carry4_S[1]_CO[3])
                                                      0.256    21.690 r  clipper_cdf_inst/cdf_wr_data_reg[7]_i_377/CO[3]
                         net (fo=1, routed)           0.000    21.690    clipper_cdf_inst/cdf_wr_data_reg[7]_i_377_n_0
    SLICE_X24Y47         CARRY4 (Prop_carry4_CI_CO[3])
                                                      0.054    21.744 r  clipper_cdf_inst/cdf_wr_data_reg[7]_i_270/CO[3]
                         net (fo=1, routed)           0.000    21.744    clipper_cdf_inst/cdf_wr_data_reg[7]_i_270_n_0
    SLICE_X24Y48         CARRY4 (Prop_carry4_CI_CO[3])
                                                      0.054    21.798 r  clipper_cdf_inst/cdf_wr_data_reg[7]_i_159/CO[3]
                         net (fo=1, routed)           0.000    21.798    clipper_cdf_inst/cdf_wr_data_reg[7]_i_159_n_0
    SLICE_X24Y49         CARRY4 (Prop_carry4_CI_CO[3])
                                                      0.054    21.852 r  clipper_cdf_inst/cdf_wr_data_reg[7]_i_77/CO[3]
                         net (fo=1, routed)           0.001    21.853    clipper_cdf_inst/cdf_wr_data_reg[7]_i_77_n_0
    SLICE_X24Y50         CARRY4 (Prop_carry4_CI_CO[1])
                                                      0.076    21.929 r  clipper_cdf_inst/cdf_wr_data_reg[7]_i_34/CO[1]
                         net (fo=20, routed)          0.414    22.343    clipper_cdf_inst/cdf_wr_data_reg[7]_i_327_0[16]
    SLICE_X23Y49         CARRY4 (Prop_carry4_CYINIT_CO[3])
                                                      0.368    22.711 r  clipper_cdf_inst/cdf_wr_data_reg[7]_i_398/CO[3]
                         net (fo=1, routed)           0.001    22.712    clipper_cdf_inst/cdf_wr_data_reg[7]_i_398_n_0
    SLICE_X23Y50         CARRY4 (Prop_carry4_CI_CO[3])
                                                      0.053    22.765 r  clipper_cdf_inst/cdf_wr_data_reg[7]_i_286/CO[3]
                         net (fo=1, routed)           0.000    22.765    clipper_cdf_inst/cdf_wr_data_reg[7]_i_286_n_0
    SLICE_X23Y51         CARRY4 (Prop_carry4_CI_CO[3])
                                                      0.053    22.818 r  clipper_cdf_inst/cdf_wr_data_reg[7]_i_170/CO[3]
                         net (fo=1, routed)           0.000    22.818    clipper_cdf_inst/cdf_wr_data_reg[7]_i_170_n_0
    SLICE_X23Y52         CARRY4 (Prop_carry4_CI_CO[3])
                                                      0.053    22.871 r  clipper_cdf_inst/cdf_wr_data_reg[7]_i_81/CO[3]
                         net (fo=1, routed)           0.000    22.871    clipper_cdf_inst/cdf_wr_data_reg[7]_i_81_n_0
    SLICE_X23Y53         CARRY4 (Prop_carry4_CI_CO[1])
                                                      0.077    22.948 r  clipper_cdf_inst/cdf_wr_data_reg[7]_i_35/CO[1]
                         net (fo=20, routed)          0.373    23.321    clipper_cdf_inst/cdf_wr_data_reg[7]_i_327_0[15]
    SLICE_X22Y51         LUT3 (Prop_lut3_I0_O)        0.122    23.443 r  clipper_cdf_inst/cdf_wr_data[7]_i_463/O
                         net (fo=1, routed)           0.000    23.443    clipper_cdf_inst/cdf_wr_data[7]_i_463_n_0
    SLICE_X22Y51         CARRY4 (Prop_carry4_S[1]_CO[3])
                                                      0.256    23.699 r  clipper_cdf_inst/cdf_wr_data_reg[7]_i_349/CO[3]
                         net (fo=1, routed)           0.000    23.699    clipper_cdf_inst/cdf_wr_data_reg[7]_i_349_n_0
    SLICE_X22Y52         CARRY4 (Prop_carry4_CI_CO[3])
                                                      0.054    23.753 r  clipper_cdf_inst/cdf_wr_data_reg[7]_i_330/CO[3]
                         net (fo=1, routed)           0.000    23.753    clipper_cdf_inst/cdf_wr_data_reg[7]_i_330_n_0
    SLICE_X22Y53         CARRY4 (Prop_carry4_CI_CO[3])
                                                      0.054    23.807 r  clipper_cdf_inst/cdf_wr_data_reg[7]_i_206/CO[3]
                         net (fo=1, routed)           0.000    23.807    clipper_cdf_inst/cdf_wr_data_reg[7]_i_206_n_0
    SLICE_X22Y54         CARRY4 (Prop_carry4_CI_CO[3])
                                                      0.054    23.861 r  clipper_cdf_inst/cdf_wr_data_reg[7]_i_101/CO[3]
                         net (fo=1, routed)           0.000    23.861    clipper_cdf_inst/cdf_wr_data_reg[7]_i_101_n_0
    SLICE_X22Y55         CARRY4 (Prop_carry4_CI_CO[1])
                                                      0.076    23.937 r  clipper_cdf_inst/cdf_wr_data_reg[7]_i_41/CO[1]
                         net (fo=20, routed)          0.409    24.345    clipper_cdf_inst/cdf_wr_data_reg[7]_i_327_0[14]
    SLICE_X25Y52         LUT3 (Prop_lut3_I0_O)        0.124    24.469 r  clipper_cdf_inst/cdf_wr_data[7]_i_460/O
                         net (fo=1, routed)           0.000    24.469    clipper_cdf_inst/cdf_wr_data[7]_i_460_n_0
    SLICE_X25Y52         CARRY4 (Prop_carry4_S[1]_CO[3])
                                                      0.267    24.736 r  clipper_cdf_inst/cdf_wr_data_reg[7]_i_344/CO[3]
                         net (fo=1, routed)           0.000    24.736    clipper_cdf_inst/cdf_wr_data_reg[7]_i_344_n_0
    SLICE_X25Y53         CARRY4 (Prop_carry4_CI_CO[3])
                                                      0.053    24.789 r  clipper_cdf_inst/cdf_wr_data_reg[7]_i_225/CO[3]
                         net (fo=1, routed)           0.000    24.789    clipper_cdf_inst/cdf_wr_data_reg[7]_i_225_n_0
    SLICE_X25Y54         CARRY4 (Prop_carry4_CI_CO[3])
                                                      0.053    24.842 r  clipper_cdf_inst/cdf_wr_data_reg[7]_i_201/CO[3]
                         net (fo=1, routed)           0.000    24.842    clipper_cdf_inst/cdf_wr_data_reg[7]_i_201_n_0
    SLICE_X25Y55         CARRY4 (Prop_carry4_CI_CO[3])
                                                      0.053    24.895 r  clipper_cdf_inst/cdf_wr_data_reg[7]_i_96/CO[3]
                         net (fo=1, routed)           0.000    24.895    clipper_cdf_inst/cdf_wr_data_reg[7]_i_96_n_0
    SLICE_X25Y56         CARRY4 (Prop_carry4_CI_CO[1])
                                                      0.077    24.972 r  clipper_cdf_inst/cdf_wr_data_reg[7]_i_42/CO[1]
                         net (fo=20, routed)          0.485    25.457    clipper_cdf_inst/cdf_wr_data_reg[7]_i_327_0[13]
    SLICE_X26Y52         LUT3 (Prop_lut3_I0_O)        0.122    25.579 r  clipper_cdf_inst/cdf_wr_data[7]_i_457/O
                         net (fo=1, routed)           0.000    25.579    clipper_cdf_inst/cdf_wr_data[7]_i_457_n_0
    SLICE_X26Y52         CARRY4 (Prop_carry4_S[1]_CO[3])
                                                      0.256    25.835 r  clipper_cdf_inst/cdf_wr_data_reg[7]_i_339/CO[3]
                         net (fo=1, routed)           0.000    25.835    clipper_cdf_inst/cdf_wr_data_reg[7]_i_339_n_0
    SLICE_X26Y53         CARRY4 (Prop_carry4_CI_CO[3])
                                                      0.054    25.889 r  clipper_cdf_inst/cdf_wr_data_reg[7]_i_220/CO[3]
                         net (fo=1, routed)           0.000    25.889    clipper_cdf_inst/cdf_wr_data_reg[7]_i_220_n_0
    SLICE_X26Y54         CARRY4 (Prop_carry4_CI_CO[3])
                                                      0.054    25.943 r  clipper_cdf_inst/cdf_wr_data_reg[7]_i_116/CO[3]
                         net (fo=1, routed)           0.000    25.943    clipper_cdf_inst/cdf_wr_data_reg[7]_i_116_n_0
    SLICE_X26Y55         CARRY4 (Prop_carry4_CI_CO[3])
                                                      0.054    25.997 r  clipper_cdf_inst/cdf_wr_data_reg[7]_i_95/CO[3]
                         net (fo=1, routed)           0.000    25.997    clipper_cdf_inst/cdf_wr_data_reg[7]_i_95_n_0
    SLICE_X26Y56         CARRY4 (Prop_carry4_CI_CO[1])
                                                      0.076    26.073 r  clipper_cdf_inst/cdf_wr_data_reg[7]_i_39/CO[1]
                         net (fo=20, routed)          0.475    26.548    clipper_cdf_inst/cdf_wr_data_reg[7]_i_327_0[12]
    SLICE_X27Y52         LUT3 (Prop_lut3_I0_O)        0.124    26.672 r  clipper_cdf_inst/cdf_wr_data[7]_i_356/O
                         net (fo=1, routed)           0.000    26.672    clipper_cdf_inst/cdf_wr_data[7]_i_356_n_0
    SLICE_X27Y52         CARRY4 (Prop_carry4_S[1]_CO[3])
                                                      0.267    26.939 r  clipper_cdf_inst/cdf_wr_data_reg[7]_i_242/CO[3]
                         net (fo=1, routed)           0.000    26.939    clipper_cdf_inst/cdf_wr_data_reg[7]_i_242_n_0
    SLICE_X27Y53         CARRY4 (Prop_carry4_CI_CO[3])
                                                      0.053    26.992 r  clipper_cdf_inst/cdf_wr_data_reg[7]_i_215/CO[3]
                         net (fo=1, routed)           0.000    26.992    clipper_cdf_inst/cdf_wr_data_reg[7]_i_215_n_0
    SLICE_X27Y54         CARRY4 (Prop_carry4_CI_CO[3])
                                                      0.053    27.045 r  clipper_cdf_inst/cdf_wr_data_reg[7]_i_111/CO[3]
                         net (fo=1, routed)           0.000    27.045    clipper_cdf_inst/cdf_wr_data_reg[7]_i_111_n_0
    SLICE_X27Y55         CARRY4 (Prop_carry4_CI_CO[3])
                                                      0.053    27.098 r  clipper_cdf_inst/cdf_wr_data_reg[7]_i_47/CO[3]
                         net (fo=1, routed)           0.000    27.098    clipper_cdf_inst/cdf_wr_data_reg[7]_i_47_n_0
    SLICE_X27Y56         CARRY4 (Prop_carry4_CI_CO[1])
                                                      0.077    27.175 r  clipper_cdf_inst/cdf_wr_data_reg[7]_i_40/CO[1]
                         net (fo=20, routed)          0.439    27.614    clipper_cdf_inst/cdf_wr_data_reg[7]_i_327_0[11]
    SLICE_X28Y53         CARRY4 (Prop_carry4_CYINIT_CO[3])
                                                      0.366    27.980 r  clipper_cdf_inst/cdf_wr_data_reg[7]_i_142/CO[3]
                         net (fo=1, routed)           0.000    27.980    clipper_cdf_inst/cdf_wr_data_reg[7]_i_142_n_0
    SLICE_X28Y54         CARRY4 (Prop_carry4_CI_CO[3])
                                                      0.053    28.033 r  clipper_cdf_inst/cdf_wr_data_reg[7]_i_137/CO[3]
                         net (fo=1, routed)           0.000    28.033    clipper_cdf_inst/cdf_wr_data_reg[7]_i_137_n_0
    SLICE_X28Y55         CARRY4 (Prop_carry4_CI_CO[3])
                                                      0.053    28.086 r  clipper_cdf_inst/cdf_wr_data_reg[7]_i_106/CO[3]
                         net (fo=1, routed)           0.000    28.086    clipper_cdf_inst/cdf_wr_data_reg[7]_i_106_n_0
    SLICE_X28Y56         CARRY4 (Prop_carry4_CI_CO[3])
                                                      0.053    28.139 r  clipper_cdf_inst/cdf_wr_data_reg[7]_i_46/CO[3]
                         net (fo=1, routed)           0.000    28.139    clipper_cdf_inst/cdf_wr_data_reg[7]_i_46_n_0
    SLICE_X28Y57         CARRY4 (Prop_carry4_CI_CO[1])
                                                      0.077    28.216 r  clipper_cdf_inst/cdf_wr_data_reg[7]_i_16/CO[1]
                         net (fo=20, routed)          0.468    28.684    clipper_cdf_inst/cdf_wr_data_reg[7]_i_327_0[10]
    SLICE_X29Y54         LUT3 (Prop_lut3_I0_O)        0.122    28.806 r  clipper_cdf_inst/cdf_wr_data[7]_i_241/O
                         net (fo=1, routed)           0.000    28.806    clipper_cdf_inst/cdf_wr_data[7]_i_241_n_0
    SLICE_X29Y54         CARRY4 (Prop_carry4_S[1]_CO[3])
                                                      0.267    29.073 r  clipper_cdf_inst/cdf_wr_data_reg[7]_i_132/CO[3]
                         net (fo=1, routed)           0.000    29.073    clipper_cdf_inst/cdf_wr_data_reg[7]_i_132_n_0
    SLICE_X29Y55         CARRY4 (Prop_carry4_CI_CO[3])
                                                      0.053    29.126 r  clipper_cdf_inst/cdf_wr_data_reg[7]_i_68/CO[3]
                         net (fo=1, routed)           0.000    29.126    clipper_cdf_inst/cdf_wr_data_reg[7]_i_68_n_0
    SLICE_X29Y56         CARRY4 (Prop_carry4_CI_CO[3])
                                                      0.053    29.179 r  clipper_cdf_inst/cdf_wr_data_reg[7]_i_63/CO[3]
                         net (fo=1, routed)           0.000    29.179    clipper_cdf_inst/cdf_wr_data_reg[7]_i_63_n_0
    SLICE_X29Y57         CARRY4 (Prop_carry4_CI_CO[3])
                                                      0.053    29.232 r  clipper_cdf_inst/cdf_wr_data_reg[7]_i_43/CO[3]
                         net (fo=1, routed)           0.000    29.232    clipper_cdf_inst/cdf_wr_data_reg[7]_i_43_n_0
    SLICE_X29Y58         CARRY4 (Prop_carry4_CI_CO[1])
                                                      0.077    29.309 r  clipper_cdf_inst/cdf_wr_data_reg[7]_i_17/CO[1]
                         net (fo=20, routed)          0.596    29.905    clipper_cdf_inst/cdf_wr_data_reg[7]_i_327_0[9]
    SLICE_X30Y50         LUT3 (Prop_lut3_I0_O)        0.122    30.027 r  clipper_cdf_inst/cdf_wr_data[7]_i_238/O
                         net (fo=1, routed)           0.000    30.027    clipper_cdf_inst/cdf_wr_data[7]_i_238_n_0
    SLICE_X30Y50         CARRY4 (Prop_carry4_S[1]_CO[3])
                                                      0.256    30.283 r  clipper_cdf_inst/cdf_wr_data_reg[7]_i_127/CO[3]
                         net (fo=1, routed)           0.000    30.283    clipper_cdf_inst/cdf_wr_data_reg[7]_i_127_n_0
    SLICE_X30Y51         CARRY4 (Prop_carry4_CI_CO[3])
                                                      0.054    30.337 r  clipper_cdf_inst/cdf_wr_data_reg[7]_i_58/CO[3]
                         net (fo=1, routed)           0.000    30.337    clipper_cdf_inst/cdf_wr_data_reg[7]_i_58_n_0
    SLICE_X30Y52         CARRY4 (Prop_carry4_CI_CO[3])
                                                      0.054    30.391 r  clipper_cdf_inst/cdf_wr_data_reg[7]_i_28/CO[3]
                         net (fo=1, routed)           0.000    30.391    clipper_cdf_inst/cdf_wr_data_reg[7]_i_28_n_0
    SLICE_X30Y53         CARRY4 (Prop_carry4_CI_CO[3])
                                                      0.054    30.445 r  clipper_cdf_inst/cdf_wr_data_reg[7]_i_25/CO[3]
                         net (fo=1, routed)           0.000    30.445    clipper_cdf_inst/cdf_wr_data_reg[7]_i_25_n_0
    SLICE_X30Y54         CARRY4 (Prop_carry4_CI_CO[1])
                                                      0.076    30.521 r  clipper_cdf_inst/cdf_wr_data_reg[7]_i_15/CO[1]
                         net (fo=20, routed)          0.479    31.000    clipper_cdf_inst/cdf_wr_data_reg[7]_i_327_0[8]
    SLICE_X31Y51         LUT3 (Prop_lut3_I0_O)        0.124    31.124 r  clipper_cdf_inst/cdf_wr_data[7]_i_235/O
                         net (fo=1, routed)           0.000    31.124    clipper_cdf_inst/cdf_wr_data[7]_i_235_n_0
    SLICE_X31Y51         CARRY4 (Prop_carry4_S[1]_CO[3])
                                                      0.267    31.391 r  clipper_cdf_inst/cdf_wr_data_reg[7]_i_122/CO[3]
                         net (fo=1, routed)           0.000    31.391    clipper_cdf_inst/cdf_wr_data_reg[7]_i_122_n_0
    SLICE_X31Y52         CARRY4 (Prop_carry4_CI_CO[3])
                                                      0.053    31.444 r  clipper_cdf_inst/cdf_wr_data_reg[7]_i_53/CO[3]
                         net (fo=1, routed)           0.000    31.444    clipper_cdf_inst/cdf_wr_data_reg[7]_i_53_n_0
    SLICE_X31Y53         CARRY4 (Prop_carry4_CI_CO[3])
                                                      0.053    31.497 r  clipper_cdf_inst/cdf_wr_data_reg[7]_i_20/CO[3]
                         net (fo=1, routed)           0.000    31.497    clipper_cdf_inst/cdf_wr_data_reg[7]_i_20_n_0
    SLICE_X31Y54         CARRY4 (Prop_carry4_CI_CO[3])
                                                      0.053    31.550 r  clipper_cdf_inst/cdf_wr_data_reg[7]_i_10/CO[3]
                         net (fo=1, routed)           0.000    31.550    clipper_cdf_inst/cdf_wr_data_reg[7]_i_10_n_0
    SLICE_X31Y55         CARRY4 (Prop_carry4_CI_CO[1])
                                                      0.077    31.627 r  clipper_cdf_inst/cdf_wr_data_reg[7]_i_9/CO[1]
                         net (fo=20, routed)          0.320    31.948    clipper_cdf_inst/cdf_wr_data_reg[7]_i_327_0[7]
    SLICE_X32Y54         CARRY4 (Prop_carry4_CYINIT_CO[3])
                                                      0.376    32.324 r  clipper_cdf_inst/cdf_wr_data_reg[7]_i_121/CO[3]
                         net (fo=1, routed)           0.000    32.324    clipper_cdf_inst/cdf_wr_data_reg[7]_i_121_n_0
    SLICE_X32Y55         CARRY4 (Prop_carry4_CI_CO[3])
                                                      0.054    32.378 r  clipper_cdf_inst/cdf_wr_data_reg[7]_i_52/CO[3]
                         net (fo=1, routed)           0.000    32.378    clipper_cdf_inst/cdf_wr_data_reg[7]_i_52_n_0
    SLICE_X32Y56         CARRY4 (Prop_carry4_CI_CO[3])
                                                      0.054    32.432 r  clipper_cdf_inst/cdf_wr_data_reg[7]_i_19/CO[3]
                         net (fo=1, routed)           0.000    32.432    clipper_cdf_inst/cdf_wr_data_reg[7]_i_19_n_0
    SLICE_X32Y57         CARRY4 (Prop_carry4_CI_CO[3])
                                                      0.054    32.486 r  clipper_cdf_inst/cdf_wr_data_reg[7]_i_8/CO[3]
                         net (fo=1, routed)           0.000    32.486    clipper_cdf_inst/cdf_wr_data_reg[7]_i_8_n_0
    SLICE_X32Y58         CARRY4 (Prop_carry4_CI_CO[1])
                                                      0.076    32.562 r  clipper_cdf_inst/cdf_wr_data_reg[7]_i_4/CO[1]
                         net (fo=20, routed)          0.463    33.024    clipper_cdf_inst/cdf_wr_data_reg[7]_i_327_0[6]
    SLICE_X30Y55         LUT3 (Prop_lut3_I0_O)        0.124    33.148 r  clipper_cdf_inst/cdf_wr_data[6]_i_23/O
                         net (fo=1, routed)           0.000    33.148    clipper_cdf_inst/cdf_wr_data[6]_i_23_n_0
    SLICE_X30Y55         CARRY4 (Prop_carry4_S[1]_CO[3])
                                                      0.256    33.404 r  clipper_cdf_inst/cdf_wr_data_reg[6]_i_16/CO[3]
                         net (fo=1, routed)           0.000    33.404    clipper_cdf_inst/cdf_wr_data_reg[6]_i_16_n_0
    SLICE_X30Y56         CARRY4 (Prop_carry4_CI_CO[3])
                                                      0.054    33.458 r  clipper_cdf_inst/cdf_wr_data_reg[6]_i_11/CO[3]
                         net (fo=1, routed)           0.000    33.458    clipper_cdf_inst/cdf_wr_data_reg[6]_i_11_n_0
    SLICE_X30Y57         CARRY4 (Prop_carry4_CI_CO[3])
                                                      0.054    33.512 r  clipper_cdf_inst/cdf_wr_data_reg[6]_i_6/CO[3]
                         net (fo=1, routed)           0.000    33.512    clipper_cdf_inst/cdf_wr_data_reg[6]_i_6_n_0
    SLICE_X30Y58         CARRY4 (Prop_carry4_CI_CO[3])
                                                      0.054    33.566 r  clipper_cdf_inst/cdf_wr_data_reg[6]_i_3/CO[3]
                         net (fo=1, routed)           0.000    33.566    clipper_cdf_inst/cdf_wr_data_reg[6]_i_3_n_0
    SLICE_X30Y59         CARRY4 (Prop_carry4_CI_CO[1])
                                                      0.076    33.642 r  clipper_cdf_inst/cdf_wr_data_reg[6]_i_2/CO[1]
                         net (fo=20, routed)          0.470    34.113    clipper_cdf_inst/cdf_wr_data_reg[7]_i_327_0[5]
    SLICE_X26Y58         CARRY4 (Prop_carry4_CYINIT_CO[3])
                                                      0.378    34.491 r  clipper_cdf_inst/cdf_wr_data_reg[5]_i_16/CO[3]
                         net (fo=1, routed)           0.000    34.491    clipper_cdf_inst/cdf_wr_data_reg[5]_i_16_n_0
    SLICE_X26Y59         CARRY4 (Prop_carry4_CI_CO[3])
                                                      0.054    34.545 r  clipper_cdf_inst/cdf_wr_data_reg[5]_i_11/CO[3]
                         net (fo=1, routed)           0.000    34.545    clipper_cdf_inst/cdf_wr_data_reg[5]_i_11_n_0
    SLICE_X26Y60         CARRY4 (Prop_carry4_CI_CO[3])
                                                      0.054    34.599 r  clipper_cdf_inst/cdf_wr_data_reg[5]_i_6/CO[3]
                         net (fo=1, routed)           0.000    34.599    clipper_cdf_inst/cdf_wr_data_reg[5]_i_6_n_0
    SLICE_X26Y61         CARRY4 (Prop_carry4_CI_CO[3])
                                                      0.054    34.653 r  clipper_cdf_inst/cdf_wr_data_reg[5]_i_3/CO[3]
                         net (fo=1, routed)           0.000    34.653    clipper_cdf_inst/cdf_wr_data_reg[5]_i_3_n_0
    SLICE_X26Y62         CARRY4 (Prop_carry4_CI_CO[1])
                                                      0.076    34.729 r  clipper_cdf_inst/cdf_wr_data_reg[5]_i_2/CO[1]
                         net (fo=20, routed)          0.553    35.282    clipper_cdf_inst/cdf_wr_data_reg[7]_i_327_0[4]
    SLICE_X33Y59         LUT3 (Prop_lut3_I2_O)        0.124    35.406 r  clipper_cdf_inst/cdf_wr_data[5]_i_1/O
                         net (fo=1, routed)           0.000    35.406    clipper_cdf_inst/norm_saturated[5]
    SLICE_X33Y59         FDCE                                         r  clipper_cdf_inst/cdf_wr_data_reg[5]/D
  -------------------------------------------------------------------    -------------------

                         (clock pclk rise edge)      13.500    13.500 r  
    AU28                                              0.000    13.500 r  pclk (IN)
                         net (fo=0)                   0.000    13.500    pclk
    AU28                 IBUF (Prop_ibuf_I_O)         0.521    14.021 r  pclk_IBUF_inst/O
                         net (fo=1, routed)           2.145    16.166    pclk_IBUF
    BUFGCTRL_X0Y0        BUFG (Prop_bufg_I_O)         0.083    16.249 r  pclk_IBUF_BUFG_inst/O
                         net (fo=916, routed)         1.772    18.021    clipper_cdf_inst/pclk_IBUF_BUFG
    SLICE_X33Y59         FDCE                                         r  clipper_cdf_inst/cdf_wr_data_reg[5]/C
                         clock pessimism              0.262    18.284    
                         clock uncertainty           -0.035    18.248    
    SLICE_X33Y59         FDCE (Setup_fdce_C_D)        0.033    18.281    clipper_cdf_inst/cdf_wr_data_reg[5]
  -------------------------------------------------------------------
                         required time                         18.281    
                         arrival time                         -35.406    
  -------------------------------------------------------------------
                         slack                                -17.125    

Slack (VIOLATED) :        -15.677ns  (required time - arrival time)
  Source:                 clipper_cdf_inst/cdf_range_reg[3]/C
                            (rising edge-triggered cell FDCE clocked by pclk  {rise@0.000ns fall@6.750ns period=13.500ns})
  Destination:            clipper_cdf_inst/cdf_wr_data_reg[6]/D
                            (rising edge-triggered cell FDCE clocked by pclk  {rise@0.000ns fall@6.750ns period=13.500ns})
  Path Group:             pclk
  Path Type:              Setup (Max at Slow Process Corner)
  Requirement:            13.500ns  (pclk rise@13.500ns - pclk rise@0.000ns)
  Data Path Delay:        28.911ns  (logic 16.279ns (56.307%)  route 12.632ns (43.693%))
  Logic Levels:           152  (CARRY4=129 LUT1=1 LUT2=7 LUT3=15)
  Clock Path Skew:        -0.296ns (DCD - SCD + CPR)
    Destination Clock Delay (DCD):    4.521ns = ( 18.021 - 13.500 ) 
    Source Clock Delay      (SCD):    5.080ns
    Clock Pessimism Removal (CPR):    0.262ns
  Clock Uncertainty:      0.035ns  ((TSJ^2 + TIJ^2)^1/2 + DJ) / 2 + PE
    Total System Jitter     (TSJ):    0.071ns
    Total Input Jitter      (TIJ):    0.000ns
    Discrete Jitter          (DJ):    0.000ns
    Phase Error              (PE):    0.000ns

    Location             Delay type                Incr(ns)  Path(ns)    Netlist Resource(s)
  -------------------------------------------------------------------    -------------------
                         (clock pclk rise edge)       0.000     0.000 r  
    AU28                                              0.000     0.000 r  pclk (IN)
                         net (fo=0)                   0.000     0.000    pclk
    AU28                 IBUF (Prop_ibuf_I_O)         0.628     0.628 r  pclk_IBUF_inst/O
                         net (fo=1, routed)           2.272     2.900    pclk_IBUF
    BUFGCTRL_X0Y0        BUFG (Prop_bufg_I_O)         0.093     2.993 r  pclk_IBUF_BUFG_inst/O
                         net (fo=916, routed)         2.087     5.080    clipper_cdf_inst/pclk_IBUF_BUFG
    SLICE_X30Y41         FDCE                                         r  clipper_cdf_inst/cdf_range_reg[3]/C
  -------------------------------------------------------------------    -------------------
    SLICE_X30Y41         FDCE (Prop_fdce_C_Q)         0.259     5.339 f  clipper_cdf_inst/cdf_range_reg[3]/Q
                         net (fo=34, routed)          0.366     5.705    clipper_cdf_inst/cdf_range[3]
    SLICE_X31Y40         LUT1 (Prop_lut1_I0_O)        0.043     5.748 r  clipper_cdf_inst/cdf_wr_data[7]_i_581/O
                         net (fo=1, routed)           0.000     5.748    clipper_cdf_inst/cdf_wr_data[7]_i_581_n_0
    SLICE_X31Y40         CARRY4 (Prop_carry4_S[3]_CO[3])
                                                      0.193     5.941 r  clipper_cdf_inst/cdf_wr_data_reg[7]_i_528/CO[3]
                         net (fo=1, routed)           0.000     5.941    clipper_cdf_inst/cdf_wr_data_reg[7]_i_528_n_0
    SLICE_X31Y41         CARRY4 (Prop_carry4_CI_CO[3])
                                                      0.053     5.994 r  clipper_cdf_inst/cdf_wr_data_reg[7]_i_523/CO[3]
                         net (fo=1, routed)           0.000     5.994    clipper_cdf_inst/cdf_wr_data_reg[7]_i_523_n_0
    SLICE_X31Y42         CARRY4 (Prop_carry4_CI_CO[3])
                                                      0.053     6.047 r  clipper_cdf_inst/cdf_wr_data_reg[7]_i_438/CO[3]
                         net (fo=1, routed)           0.000     6.047    clipper_cdf_inst/cdf_wr_data_reg[7]_i_438_n_0
    SLICE_X31Y43         CARRY4 (Prop_carry4_CI_CO[3])
                                                      0.053     6.100 r  clipper_cdf_inst/cdf_wr_data_reg[7]_i_327/CO[3]
                         net (fo=1, routed)           0.000     6.100    clipper_cdf_inst/cdf_wr_data_reg[7]_i_327_n_0
    SLICE_X31Y44         CARRY4 (Prop_carry4_CI_CO[0])
                                                      0.139     6.239 r  clipper_cdf_inst/cdf_wr_data_reg[7]_i_199/CO[0]
                         net (fo=21, routed)          0.568     6.807    clipper_cdf_inst/cdf_wr_data_reg[7]_i_327_0[30]
    SLICE_X30Y39         LUT2 (Prop_lut2_I1_O)        0.131     6.938 r  clipper_cdf_inst/cdf_wr_data[7]_i_568/O
                         net (fo=1, routed)           0.000     6.938    clipper_cdf_inst/cdf_wr_data[7]_i_568_n_0
    SLICE_X30Y39         CARRY4 (Prop_carry4_S[1]_CO[3])
                                                      0.256     7.194 r  clipper_cdf_inst/cdf_wr_data_reg[7]_i_518/CO[3]
                         net (fo=1, routed)           0.000     7.194    clipper_cdf_inst/cdf_wr_data_reg[7]_i_518_n_0
    SLICE_X30Y40         CARRY4 (Prop_carry4_CI_CO[3])
                                                      0.054     7.248 r  clipper_cdf_inst/cdf_wr_data_reg[7]_i_433/CO[3]
                         net (fo=1, routed)           0.000     7.248    clipper_cdf_inst/cdf_wr_data_reg[7]_i_433_n_0
    SLICE_X30Y41         CARRY4 (Prop_carry4_CI_CO[3])
                                                      0.054     7.302 r  clipper_cdf_inst/cdf_wr_data_reg[7]_i_428/CO[3]
                         net (fo=1, routed)           0.000     7.302    clipper_cdf_inst/cdf_wr_data_reg[7]_i_428_n_0
    SLICE_X30Y42         CARRY4 (Prop_carry4_CI_CO[3])
                                                      0.054     7.356 r  clipper_cdf_inst/cdf_wr_data_reg[7]_i_324/CO[3]
                         net (fo=1, routed)           0.000     7.356    clipper_cdf_inst/cdf_wr_data_reg[7]_i_324_n_0
    SLICE_X30Y43         CARRY4 (Prop_carry4_CI_CO[1])
                                                      0.076     7.432 r  clipper_cdf_inst/cdf_wr_data_reg[7]_i_200/CO[1]
                         net (fo=21, routed)          0.578     8.010    clipper_cdf_inst/cdf_wr_data_reg[7]_i_327_0[29]
    SLICE_X29Y41         LUT2 (Prop_lut2_I1_O)        0.124     8.134 r  clipper_cdf_inst/cdf_wr_data[7]_i_564/O
                         net (fo=1, routed)           0.000     8.134    clipper_cdf_inst/cdf_wr_data[7]_i_564_n_0
    SLICE_X29Y41         CARRY4 (Prop_carry4_S[1]_CO[3])
                                                      0.267     8.401 r  clipper_cdf_inst/cdf_wr_data_reg[7]_i_513/CO[3]
                         net (fo=1, routed)           0.000     8.401    clipper_cdf_inst/cdf_wr_data_reg[7]_i_513_n_0
    SLICE_X29Y42         CARRY4 (Prop_carry4_CI_CO[3])
                                                      0.053     8.454 r  clipper_cdf_inst/cdf_wr_data_reg[7]_i_423/CO[3]
                         net (fo=1, routed)           0.000     8.454    clipper_cdf_inst/cdf_wr_data_reg[7]_i_423_n_0
    SLICE_X29Y43         CARRY4 (Prop_carry4_CI_CO[3])
                                                      0.053     8.507 r  clipper_cdf_inst/cdf_wr_data_reg[7]_i_315/CO[3]
                         net (fo=1, routed)           0.000     8.507    clipper_cdf_inst/cdf_wr_data_reg[7]_i_315_n_0
    SLICE_X29Y44         CARRY4 (Prop_carry4_CI_CO[3])
                                                      0.053     8.560 r  clipper_cdf_inst/cdf_wr_data_reg[7]_i_312/CO[3]
                         net (fo=1, routed)           0.000     8.560    clipper_cdf_inst/cdf_wr_data_reg[7]_i_312_n_0
    SLICE_X29Y45         CARRY4 (Prop_carry4_CI_CO[1])
                                                      0.077     8.637 r  clipper_cdf_inst/cdf_wr_data_reg[7]_i_198/CO[1]
                         net (fo=21, routed)          0.637     9.274    clipper_cdf_inst/cdf_wr_data_reg[7]_i_327_0[28]
    SLICE_X29Y36         LUT2 (Prop_lut2_I1_O)        0.122     9.396 r  clipper_cdf_inst/cdf_wr_data[7]_i_560/O
                         net (fo=1, routed)           0.000     9.396    clipper_cdf_inst/cdf_wr_data[7]_i_560_n_0
    SLICE_X29Y36         CARRY4 (Prop_carry4_S[1]_CO[3])
                                                      0.267     9.663 r  clipper_cdf_inst/cdf_wr_data_reg[7]_i_508/CO[3]
                         net (fo=1, routed)           0.000     9.663    clipper_cdf_inst/cdf_wr_data_reg[7]_i_508_n_0
    SLICE_X29Y37         CARRY4 (Prop_carry4_CI_CO[3])
                                                      0.053     9.716 r  clipper_cdf_inst/cdf_wr_data_reg[7]_i_418/CO[3]
                         net (fo=1, routed)           0.000     9.716    clipper_cdf_inst/cdf_wr_data_reg[7]_i_418_n_0
    SLICE_X29Y38         CARRY4 (Prop_carry4_CI_CO[3])
                                                      0.053     9.769 r  clipper_cdf_inst/cdf_wr_data_reg[7]_i_307/CO[3]
                         net (fo=1, routed)           0.000     9.769    clipper_cdf_inst/cdf_wr_data_reg[7]_i_307_n_0
    SLICE_X29Y39         CARRY4 (Prop_carry4_CI_CO[3])
                                                      0.053     9.822 r  clipper_cdf_inst/cdf_wr_data_reg[7]_i_190/CO[3]
                         net (fo=1, routed)           0.000     9.822    clipper_cdf_inst/cdf_wr_data_reg[7]_i_190_n_0
    SLICE_X29Y40         CARRY4 (Prop_carry4_CI_CO[1])
                                                      0.077     9.899 r  clipper_cdf_inst/cdf_wr_data_reg[7]_i_189/CO[1]
                         net (fo=21, routed)          0.372    10.271    clipper_cdf_inst/cdf_wr_data_reg[7]_i_327_0[27]
    SLICE_X28Y38         LUT2 (Prop_lut2_I1_O)        0.122    10.393 r  clipper_cdf_inst/cdf_wr_data[7]_i_556/O
                         net (fo=1, routed)           0.000    10.393    clipper_cdf_inst/cdf_wr_data[7]_i_556_n_0
    SLICE_X28Y38         CARRY4 (Prop_carry4_S[1]_CO[3])
                                                      0.267    10.660 r  clipper_cdf_inst/cdf_wr_data_reg[7]_i_479/CO[3]
                         net (fo=1, routed)           0.000    10.660    clipper_cdf_inst/cdf_wr_data_reg[7]_i_479_n_0
    SLICE_X28Y39         CARRY4 (Prop_carry4_CI_CO[3])
                                                      0.053    10.713 r  clipper_cdf_inst/cdf_wr_data_reg[7]_i_413/CO[3]
                         net (fo=1, routed)           0.000    10.713    clipper_cdf_inst/cdf_wr_data_reg[7]_i_413_n_0
    SLICE_X28Y40         CARRY4 (Prop_carry4_CI_CO[3])
                                                      0.053    10.766 r  clipper_cdf_inst/cdf_wr_data_reg[7]_i_302/CO[3]
                         net (fo=1, routed)           0.000    10.766    clipper_cdf_inst/cdf_wr_data_reg[7]_i_302_n_0
    SLICE_X28Y41         CARRY4 (Prop_carry4_CI_CO[3])
                                                      0.053    10.819 r  clipper_cdf_inst/cdf_wr_data_reg[7]_i_186/CO[3]
                         net (fo=1, routed)           0.000    10.819    clipper_cdf_inst/cdf_wr_data_reg[7]_i_186_n_0
    SLICE_X28Y42         CARRY4 (Prop_carry4_CI_CO[1])
                                                      0.077    10.896 r  clipper_cdf_inst/cdf_wr_data_reg[7]_i_91/CO[1]
                         net (fo=21, routed)          0.459    11.355    clipper_cdf_inst/cdf_wr_data_reg[7]_i_327_0[26]
    SLICE_X26Y40         LUT2 (Prop_lut2_I1_O)        0.122    11.477 r  clipper_cdf_inst/cdf_wr_data[7]_i_552/O
                         net (fo=1, routed)           0.000    11.477    clipper_cdf_inst/cdf_wr_data[7]_i_552_n_0
    SLICE_X26Y40         CARRY4 (Prop_carry4_S[1]_CO[3])
                                                      0.256    11.733 r  clipper_cdf_inst/cdf_wr_data_reg[7]_i_474/CO[3]
                         net (fo=1, routed)           0.000    11.733    clipper_cdf_inst/cdf_wr_data_reg[7]_i_474_n_0
    SLICE_X26Y41         CARRY4 (Prop_carry4_CI_CO[3])
                                                      0.054    11.787 r  clipper_cdf_inst/cdf_wr_data_reg[7]_i_372/CO[3]
                         net (fo=1, routed)           0.000    11.787    clipper_cdf_inst/cdf_wr_data_reg[7]_i_372_n_0
    SLICE_X26Y42         CARRY4 (Prop_carry4_CI_CO[3])
                                                      0.054    11.841 r  clipper_cdf_inst/cdf_wr_data_reg[7]_i_301/CO[3]
                         net (fo=1, routed)           0.000    11.841    clipper_cdf_inst/cdf_wr_data_reg[7]_i_301_n_0
    SLICE_X26Y43         CARRY4 (Prop_carry4_CI_CO[3])
                                                      0.054    11.895 r  clipper_cdf_inst/cdf_wr_data_reg[7]_i_185/CO[3]
                         net (fo=1, routed)           0.000    11.895    clipper_cdf_inst/cdf_wr_data_reg[7]_i_185_n_0
    SLICE_X26Y44         CARRY4 (Prop_carry4_CI_CO[1])
                                                      0.076    11.971 r  clipper_cdf_inst/cdf_wr_data_reg[7]_i_90/CO[1]
                         net (fo=21, routed)          0.447    12.418    clipper_cdf_inst/cdf_wr_data_reg[7]_i_327_0[25]
    SLICE_X25Y42         LUT2 (Prop_lut2_I1_O)        0.124    12.542 r  clipper_cdf_inst/cdf_wr_data[7]_i_548/O
                         net (fo=1, routed)           0.000    12.542    clipper_cdf_inst/cdf_wr_data[7]_i_548_n_0
    SLICE_X25Y42         CARRY4 (Prop_carry4_S[1]_CO[3])
                                                      0.267    12.809 r  clipper_cdf_inst/cdf_wr_data_reg[7]_i_469/CO[3]
                         net (fo=1, routed)           0.000    12.809    clipper_cdf_inst/cdf_wr_data_reg[7]_i_469_n_0
    SLICE_X25Y43         CARRY4 (Prop_carry4_CI_CO[3])
                                                      0.053    12.862 r  clipper_cdf_inst/cdf_wr_data_reg[7]_i_367/CO[3]
                         net (fo=1, routed)           0.000    12.862    clipper_cdf_inst/cdf_wr_data_reg[7]_i_367_n_0
    SLICE_X25Y44         CARRY4 (Prop_carry4_CI_CO[3])
                                                      0.053    12.915 r  clipper_cdf_inst/cdf_wr_data_reg[7]_i_265/CO[3]
                         net (fo=1, routed)           0.000    12.915    clipper_cdf_inst/cdf_wr_data_reg[7]_i_265_n_0
    SLICE_X25Y45         CARRY4 (Prop_carry4_CI_CO[3])
                                                      0.053    12.968 r  clipper_cdf_inst/cdf_wr_data_reg[7]_i_193/CO[3]
                         net (fo=1, routed)           0.000    12.968    clipper_cdf_inst/cdf_wr_data_reg[7]_i_193_n_0
    SLICE_X25Y46         CARRY4 (Prop_carry4_CI_CO[1])
                                                      0.077    13.045 r  clipper_cdf_inst/cdf_wr_data_reg[7]_i_93/CO[1]
                         net (fo=21, routed)          0.554    13.599    clipper_cdf_inst/cdf_wr_data_reg[7]_i_327_0[24]
    SLICE_X28Y43         LUT2 (Prop_lut2_I1_O)        0.122    13.721 r  clipper_cdf_inst/cdf_wr_data[7]_i_544/O
                         net (fo=1, routed)           0.000    13.721    clipper_cdf_inst/cdf_wr_data[7]_i_544_n_0
    SLICE_X28Y43         CARRY4 (Prop_carry4_S[1]_CO[3])
                                                      0.267    13.988 r  clipper_cdf_inst/cdf_wr_data_reg[7]_i_464/CO[3]
                         net (fo=1, routed)           0.000    13.988    clipper_cdf_inst/cdf_wr_data_reg[7]_i_464_n_0
    SLICE_X28Y44         CARRY4 (Prop_carry4_CI_CO[3])
                                                      0.053    14.041 r  clipper_cdf_inst/cdf_wr_data_reg[7]_i_362/CO[3]
                         net (fo=1, routed)           0.000    14.041    clipper_cdf_inst/cdf_wr_data_reg[7]_i_362_n_0
    SLICE_X28Y45         CARRY4 (Prop_carry4_CI_CO[3])
                                                      0.053    14.094 r  clipper_cdf_inst/cdf_wr_data_reg[7]_i_260/CO[3]
                         net (fo=1, routed)           0.000    14.094    clipper_cdf_inst/cdf_wr_data_reg[7]_i_260_n_0
    SLICE_X28Y46         CARRY4 (Prop_carry4_CI_CO[3])
                                                      0.053    14.147 r  clipper_cdf_inst/cdf_wr_data_reg[7]_i_154/CO[3]
                         net (fo=1, routed)           0.000    14.147    clipper_cdf_inst/cdf_wr_data_reg[7]_i_154_n_0
    SLICE_X28Y47         CARRY4 (Prop_carry4_CI_CO[1])
                                                      0.077    14.224 r  clipper_cdf_inst/cdf_wr_data_reg[7]_i_92/CO[1]
                         net (fo=20, routed)          0.615    14.839    clipper_cdf_inst/cdf_wr_data_reg[7]_i_327_0[23]
    SLICE_X30Y44         LUT3 (Prop_lut3_I0_O)        0.122    14.961 r  clipper_cdf_inst/cdf_wr_data[7]_i_505/O
                         net (fo=1, routed)           0.000    14.961    clipper_cdf_inst/cdf_wr_data[7]_i_505_n_0
    SLICE_X30Y44         CARRY4 (Prop_carry4_S[3]_CO[3])
                                                      0.180    15.141 r  clipper_cdf_inst/cdf_wr_data_reg[7]_i_408/CO[3]
                         net (fo=1, routed)           0.000    15.141    clipper_cdf_inst/cdf_wr_data_reg[7]_i_408_n_0
    SLICE_X30Y45         CARRY4 (Prop_carry4_CI_CO[3])
                                                      0.054    15.195 r  clipper_cdf_inst/cdf_wr_data_reg[7]_i_357/CO[3]
                         net (fo=1, routed)           0.000    15.195    clipper_cdf_inst/cdf_wr_data_reg[7]_i_357_n_0
    SLICE_X30Y46         CARRY4 (Prop_carry4_CI_CO[3])
                                                      0.054    15.249 r  clipper_cdf_inst/cdf_wr_data_reg[7]_i_255/CO[3]
                         net (fo=1, routed)           0.000    15.249    clipper_cdf_inst/cdf_wr_data_reg[7]_i_255_n_0
    SLICE_X30Y47         CARRY4 (Prop_carry4_CI_CO[3])
                                                      0.054    15.303 r  clipper_cdf_inst/cdf_wr_data_reg[7]_i_153/CO[3]
                         net (fo=1, routed)           0.000    15.303    clipper_cdf_inst/cdf_wr_data_reg[7]_i_153_n_0
    SLICE_X30Y48         CARRY4 (Prop_carry4_CI_CO[1])
                                                      0.076    15.379 r  clipper_cdf_inst/cdf_wr_data_reg[7]_i_75/CO[1]
                         net (fo=20, routed)          0.466    15.845    clipper_cdf_inst/cdf_wr_data_reg[7]_i_327_0[22]
    SLICE_X31Y45         LUT3 (Prop_lut3_I0_O)        0.124    15.969 r  clipper_cdf_inst/cdf_wr_data[7]_i_504/O
                         net (fo=1, routed)           0.000    15.969    clipper_cdf_inst/cdf_wr_data[7]_i_504_n_0
    SLICE_X31Y45         CARRY4 (Prop_carry4_S[1]_CO[3])
                                                      0.267    16.236 r  clipper_cdf_inst/cdf_wr_data_reg[7]_i_403/CO[3]
                         net (fo=1, routed)           0.000    16.236    clipper_cdf_inst/cdf_wr_data_reg[7]_i_403_n_0
    SLICE_X31Y46         CARRY4 (Prop_carry4_CI_CO[3])
                                                      0.053    16.289 r  clipper_cdf_inst/cdf_wr_data_reg[7]_i_296/CO[3]
                         net (fo=1, routed)           0.000    16.289    clipper_cdf_inst/cdf_wr_data_reg[7]_i_296_n_0
    SLICE_X31Y47         CARRY4 (Prop_carry4_CI_CO[3])
                                                      0.053    16.342 r  clipper_cdf_inst/cdf_wr_data_reg[7]_i_250/CO[3]
                         net (fo=1, routed)           0.000    16.342    clipper_cdf_inst/cdf_wr_data_reg[7]_i_250_n_0
    SLICE_X31Y48         CARRY4 (Prop_carry4_CI_CO[3])
                                                      0.053    16.395 r  clipper_cdf_inst/cdf_wr_data_reg[7]_i_148/CO[3]
                         net (fo=1, routed)           0.000    16.395    clipper_cdf_inst/cdf_wr_data_reg[7]_i_148_n_0
    SLICE_X31Y49         CARRY4 (Prop_carry4_CI_CO[1])
                                                      0.077    16.472 r  clipper_cdf_inst/cdf_wr_data_reg[7]_i_76/CO[1]
                         net (fo=20, routed)          0.535    17.007    clipper_cdf_inst/cdf_wr_data_reg[7]_i_327_0[21]
    SLICE_X29Y46         CARRY4 (Prop_carry4_CYINIT_CO[3])
                                                      0.366    17.373 r  clipper_cdf_inst/cdf_wr_data_reg[7]_i_393/CO[3]
                         net (fo=1, routed)           0.000    17.373    clipper_cdf_inst/cdf_wr_data_reg[7]_i_393_n_0
    SLICE_X29Y47         CARRY4 (Prop_carry4_CI_CO[3])
                                                      0.053    17.426 r  clipper_cdf_inst/cdf_wr_data_reg[7]_i_291/CO[3]
                         net (fo=1, routed)           0.000    17.426    clipper_cdf_inst/cdf_wr_data_reg[7]_i_291_n_0
    SLICE_X29Y48         CARRY4 (Prop_carry4_CI_CO[3])
                                                      0.053    17.479 r  clipper_cdf_inst/cdf_wr_data_reg[7]_i_180/CO[3]
                         net (fo=1, routed)           0.000    17.479    clipper_cdf_inst/cdf_wr_data_reg[7]_i_180_n_0
    SLICE_X29Y49         CARRY4 (Prop_carry4_CI_CO[3])
                                                      0.053    17.532 r  clipper_cdf_inst/cdf_wr_data_reg[7]_i_147/CO[3]
                         net (fo=1, routed)           0.001    17.533    clipper_cdf_inst/cdf_wr_data_reg[7]_i_147_n_0
    SLICE_X29Y50         CARRY4 (Prop_carry4_CI_CO[1])
                                                      0.077    17.610 r  clipper_cdf_inst/cdf_wr_data_reg[7]_i_73/CO[1]
                         net (fo=20, routed)          0.465    18.075    clipper_cdf_inst/cdf_wr_data_reg[7]_i_327_0[20]
    SLICE_X28Y49         LUT3 (Prop_lut3_I0_O)        0.122    18.197 r  clipper_cdf_inst/cdf_wr_data[7]_i_396/O
                         net (fo=1, routed)           0.000    18.197    clipper_cdf_inst/cdf_wr_data[7]_i_396_n_0
    SLICE_X28Y49         CARRY4 (Prop_carry4_S[1]_CO[3])
                                                      0.267    18.464 r  clipper_cdf_inst/cdf_wr_data_reg[7]_i_281/CO[3]
                         net (fo=1, routed)           0.001    18.464    clipper_cdf_inst/cdf_wr_data_reg[7]_i_281_n_0
    SLICE_X28Y50         CARRY4 (Prop_carry4_CI_CO[3])
                                                      0.053    18.517 r  clipper_cdf_inst/cdf_wr_data_reg[7]_i_175/CO[3]
                         net (fo=1, routed)           0.000    18.517    clipper_cdf_inst/cdf_wr_data_reg[7]_i_175_n_0
    SLICE_X28Y51         CARRY4 (Prop_carry4_CI_CO[3])
                                                      0.053    18.570 r  clipper_cdf_inst/cdf_wr_data_reg[7]_i_85/CO[3]
                         net (fo=1, routed)           0.000    18.570    clipper_cdf_inst/cdf_wr_data_reg[7]_i_85_n_0
    SLICE_X28Y52         CARRY4 (Prop_carry4_CI_CO[1])
                                                      0.077    18.647 r  clipper_cdf_inst/cdf_wr_data_reg[7]_i_74/CO[1]
                         net (fo=20, routed)          0.473    19.120    clipper_cdf_inst/cdf_wr_data_reg[7]_i_327_0[19]
    SLICE_X27Y47         LUT3 (Prop_lut3_I0_O)        0.122    19.242 r  clipper_cdf_inst/cdf_wr_data[7]_i_492/O
                         net (fo=1, routed)           0.000    19.242    clipper_cdf_inst/cdf_wr_data[7]_i_492_n_0
    SLICE_X27Y47         CARRY4 (Prop_carry4_S[1]_CO[3])
                                                      0.267    19.509 r  clipper_cdf_inst/cdf_wr_data_reg[7]_i_383/CO[3]
                         net (fo=1, routed)           0.000    19.509    clipper_cdf_inst/cdf_wr_data_reg[7]_i_383_n_0
    SLICE_X27Y48         CARRY4 (Prop_carry4_CI_CO[3])
                                                      0.053    19.562 r  clipper_cdf_inst/cdf_wr_data_reg[7]_i_276/CO[3]
                         net (fo=1, routed)           0.000    19.562    clipper_cdf_inst/cdf_wr_data_reg[7]_i_276_n_0
    SLICE_X27Y49         CARRY4 (Prop_carry4_CI_CO[3])
                                                      0.053    19.615 r  clipper_cdf_inst/cdf_wr_data_reg[7]_i_165/CO[3]
                         net (fo=1, routed)           0.001    19.616    clipper_cdf_inst/cdf_wr_data_reg[7]_i_165_n_0
    SLICE_X27Y50         CARRY4 (Prop_carry4_CI_CO[3])
                                                      0.053    19.669 r  clipper_cdf_inst/cdf_wr_data_reg[7]_i_84/CO[3]
                         net (fo=1, routed)           0.000    19.669    clipper_cdf_inst/cdf_wr_data_reg[7]_i_84_n_0
    SLICE_X27Y51         CARRY4 (Prop_carry4_CI_CO[1])
                                                      0.077    19.746 r  clipper_cdf_inst/cdf_wr_data_reg[7]_i_36/CO[1]
                         net (fo=20, routed)          0.452    20.197    clipper_cdf_inst/cdf_wr_data_reg[7]_i_327_0[18]
    SLICE_X26Y47         LUT3 (Prop_lut3_I0_O)        0.122    20.319 r  clipper_cdf_inst/cdf_wr_data[7]_i_489/O
                         net (fo=1, routed)           0.000    20.319    clipper_cdf_inst/cdf_wr_data[7]_i_489_n_0
    SLICE_X26Y47         CARRY4 (Prop_carry4_S[1]_CO[3])
                                                      0.256    20.575 r  clipper_cdf_inst/cdf_wr_data_reg[7]_i_378/CO[3]
                         net (fo=1, routed)           0.000    20.575    clipper_cdf_inst/cdf_wr_data_reg[7]_i_378_n_0
    SLICE_X26Y48         CARRY4 (Prop_carry4_CI_CO[3])
                                                      0.054    20.629 r  clipper_cdf_inst/cdf_wr_data_reg[7]_i_271/CO[3]
                         net (fo=1, routed)           0.000    20.629    clipper_cdf_inst/cdf_wr_data_reg[7]_i_271_n_0
    SLICE_X26Y49         CARRY4 (Prop_carry4_CI_CO[3])
                                                      0.054    20.683 r  clipper_cdf_inst/cdf_wr_data_reg[7]_i_160/CO[3]
                         net (fo=1, routed)           0.001    20.684    clipper_cdf_inst/cdf_wr_data_reg[7]_i_160_n_0
    SLICE_X26Y50         CARRY4 (Prop_carry4_CI_CO[3])
                                                      0.054    20.738 r  clipper_cdf_inst/cdf_wr_data_reg[7]_i_78/CO[3]
                         net (fo=1, routed)           0.000    20.738    clipper_cdf_inst/cdf_wr_data_reg[7]_i_78_n_0
    SLICE_X26Y51         CARRY4 (Prop_carry4_CI_CO[1])
                                                      0.076    20.814 r  clipper_cdf_inst/cdf_wr_data_reg[7]_i_37/CO[1]
                         net (fo=20, routed)          0.496    21.310    clipper_cdf_inst/cdf_wr_data_reg[7]_i_327_0[17]
    SLICE_X24Y46         LUT3 (Prop_lut3_I0_O)        0.124    21.434 r  clipper_cdf_inst/cdf_wr_data[7]_i_486/O
                         net (fo=1, routed)           0.000    21.434    clipper_cdf_inst/cdf_wr_data[7]_i_486_n_0
    SLICE_X24Y46         CARRY4 (Prop_carry4_S[1]_CO[3])
                                                      0.256    21.690 r  clipper_cdf_inst/cdf_wr_data_reg[7]_i_377/CO[3]
                         net (fo=1, routed)           0.000    21.690    clipper_cdf_inst/cdf_wr_data_reg[7]_i_377_n_0
    SLICE_X24Y47         CARRY4 (Prop_carry4_CI_CO[3])
                                                      0.054    21.744 r  clipper_cdf_inst/cdf_wr_data_reg[7]_i_270/CO[3]
                         net (fo=1, routed)           0.000    21.744    clipper_cdf_inst/cdf_wr_data_reg[7]_i_270_n_0
    SLICE_X24Y48         CARRY4 (Prop_carry4_CI_CO[3])
                                                      0.054    21.798 r  clipper_cdf_inst/cdf_wr_data_reg[7]_i_159/CO[3]
                         net (fo=1, routed)           0.000    21.798    clipper_cdf_inst/cdf_wr_data_reg[7]_i_159_n_0
    SLICE_X24Y49         CARRY4 (Prop_carry4_CI_CO[3])
                                                      0.054    21.852 r  clipper_cdf_inst/cdf_wr_data_reg[7]_i_77/CO[3]
                         net (fo=1, routed)           0.001    21.853    clipper_cdf_inst/cdf_wr_data_reg[7]_i_77_n_0
    SLICE_X24Y50         CARRY4 (Prop_carry4_CI_CO[1])
                                                      0.076    21.929 r  clipper_cdf_inst/cdf_wr_data_reg[7]_i_34/CO[1]
                         net (fo=20, routed)          0.414    22.343    clipper_cdf_inst/cdf_wr_data_reg[7]_i_327_0[16]
    SLICE_X23Y49         CARRY4 (Prop_carry4_CYINIT_CO[3])
                                                      0.368    22.711 r  clipper_cdf_inst/cdf_wr_data_reg[7]_i_398/CO[3]
                         net (fo=1, routed)           0.001    22.712    clipper_cdf_inst/cdf_wr_data_reg[7]_i_398_n_0
    SLICE_X23Y50         CARRY4 (Prop_carry4_CI_CO[3])
                                                      0.053    22.765 r  clipper_cdf_inst/cdf_wr_data_reg[7]_i_286/CO[3]
                         net (fo=1, routed)           0.000    22.765    clipper_cdf_inst/cdf_wr_data_reg[7]_i_286_n_0
    SLICE_X23Y51         CARRY4 (Prop_carry4_CI_CO[3])
                                                      0.053    22.818 r  clipper_cdf_inst/cdf_wr_data_reg[7]_i_170/CO[3]
                         net (fo=1, routed)           0.000    22.818    clipper_cdf_inst/cdf_wr_data_reg[7]_i_170_n_0
    SLICE_X23Y52         CARRY4 (Prop_carry4_CI_CO[3])
                                                      0.053    22.871 r  clipper_cdf_inst/cdf_wr_data_reg[7]_i_81/CO[3]
                         net (fo=1, routed)           0.000    22.871    clipper_cdf_inst/cdf_wr_data_reg[7]_i_81_n_0
    SLICE_X23Y53         CARRY4 (Prop_carry4_CI_CO[1])
                                                      0.077    22.948 r  clipper_cdf_inst/cdf_wr_data_reg[7]_i_35/CO[1]
                         net (fo=20, routed)          0.373    23.321    clipper_cdf_inst/cdf_wr_data_reg[7]_i_327_0[15]
    SLICE_X22Y51         LUT3 (Prop_lut3_I0_O)        0.122    23.443 r  clipper_cdf_inst/cdf_wr_data[7]_i_463/O
                         net (fo=1, routed)           0.000    23.443    clipper_cdf_inst/cdf_wr_data[7]_i_463_n_0
    SLICE_X22Y51         CARRY4 (Prop_carry4_S[1]_CO[3])
                                                      0.256    23.699 r  clipper_cdf_inst/cdf_wr_data_reg[7]_i_349/CO[3]
                         net (fo=1, routed)           0.000    23.699    clipper_cdf_inst/cdf_wr_data_reg[7]_i_349_n_0
    SLICE_X22Y52         CARRY4 (Prop_carry4_CI_CO[3])
                                                      0.054    23.753 r  clipper_cdf_inst/cdf_wr_data_reg[7]_i_330/CO[3]
                         net (fo=1, routed)           0.000    23.753    clipper_cdf_inst/cdf_wr_data_reg[7]_i_330_n_0
    SLICE_X22Y53         CARRY4 (Prop_carry4_CI_CO[3])
                                                      0.054    23.807 r  clipper_cdf_inst/cdf_wr_data_reg[7]_i_206/CO[3]
                         net (fo=1, routed)           0.000    23.807    clipper_cdf_inst/cdf_wr_data_reg[7]_i_206_n_0
    SLICE_X22Y54         CARRY4 (Prop_carry4_CI_CO[3])
                                                      0.054    23.861 r  clipper_cdf_inst/cdf_wr_data_reg[7]_i_101/CO[3]
                         net (fo=1, routed)           0.000    23.861    clipper_cdf_inst/cdf_wr_data_reg[7]_i_101_n_0
    SLICE_X22Y55         CARRY4 (Prop_carry4_CI_CO[1])
                                                      0.076    23.937 r  clipper_cdf_inst/cdf_wr_data_reg[7]_i_41/CO[1]
                         net (fo=20, routed)          0.409    24.345    clipper_cdf_inst/cdf_wr_data_reg[7]_i_327_0[14]
    SLICE_X25Y52         LUT3 (Prop_lut3_I0_O)        0.124    24.469 r  clipper_cdf_inst/cdf_wr_data[7]_i_460/O
                         net (fo=1, routed)           0.000    24.469    clipper_cdf_inst/cdf_wr_data[7]_i_460_n_0
    SLICE_X25Y52         CARRY4 (Prop_carry4_S[1]_CO[3])
                                                      0.267    24.736 r  clipper_cdf_inst/cdf_wr_data_reg[7]_i_344/CO[3]
                         net (fo=1, routed)           0.000    24.736    clipper_cdf_inst/cdf_wr_data_reg[7]_i_344_n_0
    SLICE_X25Y53         CARRY4 (Prop_carry4_CI_CO[3])
                                                      0.053    24.789 r  clipper_cdf_inst/cdf_wr_data_reg[7]_i_225/CO[3]
                         net (fo=1, routed)           0.000    24.789    clipper_cdf_inst/cdf_wr_data_reg[7]_i_225_n_0
    SLICE_X25Y54         CARRY4 (Prop_carry4_CI_CO[3])
                                                      0.053    24.842 r  clipper_cdf_inst/cdf_wr_data_reg[7]_i_201/CO[3]
                         net (fo=1, routed)           0.000    24.842    clipper_cdf_inst/cdf_wr_data_reg[7]_i_201_n_0
    SLICE_X25Y55         CARRY4 (Prop_carry4_CI_CO[3])
                                                      0.053    24.895 r  clipper_cdf_inst/cdf_wr_data_reg[7]_i_96/CO[3]
                         net (fo=1, routed)           0.000    24.895    clipper_cdf_inst/cdf_wr_data_reg[7]_i_96_n_0
    SLICE_X25Y56         CARRY4 (Prop_carry4_CI_CO[1])
                                                      0.077    24.972 r  clipper_cdf_inst/cdf_wr_data_reg[7]_i_42/CO[1]
                         net (fo=20, routed)          0.485    25.457    clipper_cdf_inst/cdf_wr_data_reg[7]_i_327_0[13]
    SLICE_X26Y52         LUT3 (Prop_lut3_I0_O)        0.122    25.579 r  clipper_cdf_inst/cdf_wr_data[7]_i_457/O
                         net (fo=1, routed)           0.000    25.579    clipper_cdf_inst/cdf_wr_data[7]_i_457_n_0
    SLICE_X26Y52         CARRY4 (Prop_carry4_S[1]_CO[3])
                                                      0.256    25.835 r  clipper_cdf_inst/cdf_wr_data_reg[7]_i_339/CO[3]
                         net (fo=1, routed)           0.000    25.835    clipper_cdf_inst/cdf_wr_data_reg[7]_i_339_n_0
    SLICE_X26Y53         CARRY4 (Prop_carry4_CI_CO[3])
                                                      0.054    25.889 r  clipper_cdf_inst/cdf_wr_data_reg[7]_i_220/CO[3]
                         net (fo=1, routed)           0.000    25.889    clipper_cdf_inst/cdf_wr_data_reg[7]_i_220_n_0
    SLICE_X26Y54         CARRY4 (Prop_carry4_CI_CO[3])
                                                      0.054    25.943 r  clipper_cdf_inst/cdf_wr_data_reg[7]_i_116/CO[3]
                         net (fo=1, routed)           0.000    25.943    clipper_cdf_inst/cdf_wr_data_reg[7]_i_116_n_0
    SLICE_X26Y55         CARRY4 (Prop_carry4_CI_CO[3])
                                                      0.054    25.997 r  clipper_cdf_inst/cdf_wr_data_reg[7]_i_95/CO[3]
                         net (fo=1, routed)           0.000    25.997    clipper_cdf_inst/cdf_wr_data_reg[7]_i_95_n_0
    SLICE_X26Y56         CARRY4 (Prop_carry4_CI_CO[1])
                                                      0.076    26.073 r  clipper_cdf_inst/cdf_wr_data_reg[7]_i_39/CO[1]
                         net (fo=20, routed)          0.475    26.548    clipper_cdf_inst/cdf_wr_data_reg[7]_i_327_0[12]
    SLICE_X27Y52         LUT3 (Prop_lut3_I0_O)        0.124    26.672 r  clipper_cdf_inst/cdf_wr_data[7]_i_356/O
                         net (fo=1, routed)           0.000    26.672    clipper_cdf_inst/cdf_wr_data[7]_i_356_n_0
    SLICE_X27Y52         CARRY4 (Prop_carry4_S[1]_CO[3])
                                                      0.267    26.939 r  clipper_cdf_inst/cdf_wr_data_reg[7]_i_242/CO[3]
                         net (fo=1, routed)           0.000    26.939    clipper_cdf_inst/cdf_wr_data_reg[7]_i_242_n_0
    SLICE_X27Y53         CARRY4 (Prop_carry4_CI_CO[3])
                                                      0.053    26.992 r  clipper_cdf_inst/cdf_wr_data_reg[7]_i_215/CO[3]
                         net (fo=1, routed)           0.000    26.992    clipper_cdf_inst/cdf_wr_data_reg[7]_i_215_n_0
    SLICE_X27Y54         CARRY4 (Prop_carry4_CI_CO[3])
                                                      0.053    27.045 r  clipper_cdf_inst/cdf_wr_data_reg[7]_i_111/CO[3]
                         net (fo=1, routed)           0.000    27.045    clipper_cdf_inst/cdf_wr_data_reg[7]_i_111_n_0
    SLICE_X27Y55         CARRY4 (Prop_carry4_CI_CO[3])
                                                      0.053    27.098 r  clipper_cdf_inst/cdf_wr_data_reg[7]_i_47/CO[3]
                         net (fo=1, routed)           0.000    27.098    clipper_cdf_inst/cdf_wr_data_reg[7]_i_47_n_0
    SLICE_X27Y56         CARRY4 (Prop_carry4_CI_CO[1])
                                                      0.077    27.175 r  clipper_cdf_inst/cdf_wr_data_reg[7]_i_40/CO[1]
                         net (fo=20, routed)          0.439    27.614    clipper_cdf_inst/cdf_wr_data_reg[7]_i_327_0[11]
    SLICE_X28Y53         CARRY4 (Prop_carry4_CYINIT_CO[3])
                                                      0.366    27.980 r  clipper_cdf_inst/cdf_wr_data_reg[7]_i_142/CO[3]
                         net (fo=1, routed)           0.000    27.980    clipper_cdf_inst/cdf_wr_data_reg[7]_i_142_n_0
    SLICE_X28Y54         CARRY4 (Prop_carry4_CI_CO[3])
                                                      0.053    28.033 r  clipper_cdf_inst/cdf_wr_data_reg[7]_i_137/CO[3]
                         net (fo=1, routed)           0.000    28.033    clipper_cdf_inst/cdf_wr_data_reg[7]_i_137_n_0
    SLICE_X28Y55         CARRY4 (Prop_carry4_CI_CO[3])
                                                      0.053    28.086 r  clipper_cdf_inst/cdf_wr_data_reg[7]_i_106/CO[3]
                         net (fo=1, routed)           0.000    28.086    clipper_cdf_inst/cdf_wr_data_reg[7]_i_106_n_0
    SLICE_X28Y56         CARRY4 (Prop_carry4_CI_CO[3])
                                                      0.053    28.139 r  clipper_cdf_inst/cdf_wr_data_reg[7]_i_46/CO[3]
                         net (fo=1, routed)           0.000    28.139    clipper_cdf_inst/cdf_wr_data_reg[7]_i_46_n_0
    SLICE_X28Y57         CARRY4 (Prop_carry4_CI_CO[1])
                                                      0.077    28.216 r  clipper_cdf_inst/cdf_wr_data_reg[7]_i_16/CO[1]
                         net (fo=20, routed)          0.468    28.684    clipper_cdf_inst/cdf_wr_data_reg[7]_i_327_0[10]
    SLICE_X29Y54         LUT3 (Prop_lut3_I0_O)        0.122    28.806 r  clipper_cdf_inst/cdf_wr_data[7]_i_241/O
                         net (fo=1, routed)           0.000    28.806    clipper_cdf_inst/cdf_wr_data[7]_i_241_n_0
    SLICE_X29Y54         CARRY4 (Prop_carry4_S[1]_CO[3])
                                                      0.267    29.073 r  clipper_cdf_inst/cdf_wr_data_reg[7]_i_132/CO[3]
                         net (fo=1, routed)           0.000    29.073    clipper_cdf_inst/cdf_wr_data_reg[7]_i_132_n_0
    SLICE_X29Y55         CARRY4 (Prop_carry4_CI_CO[3])
                                                      0.053    29.126 r  clipper_cdf_inst/cdf_wr_data_reg[7]_i_68/CO[3]
                         net (fo=1, routed)           0.000    29.126    clipper_cdf_inst/cdf_wr_data_reg[7]_i_68_n_0
    SLICE_X29Y56         CARRY4 (Prop_carry4_CI_CO[3])
                                                      0.053    29.179 r  clipper_cdf_inst/cdf_wr_data_reg[7]_i_63/CO[3]
                         net (fo=1, routed)           0.000    29.179    clipper_cdf_inst/cdf_wr_data_reg[7]_i_63_n_0
    SLICE_X29Y57         CARRY4 (Prop_carry4_CI_CO[3])
                                                      0.053    29.232 r  clipper_cdf_inst/cdf_wr_data_reg[7]_i_43/CO[3]
                         net (fo=1, routed)           0.000    29.232    clipper_cdf_inst/cdf_wr_data_reg[7]_i_43_n_0
    SLICE_X29Y58         CARRY4 (Prop_carry4_CI_CO[1])
                                                      0.077    29.309 r  clipper_cdf_inst/cdf_wr_data_reg[7]_i_17/CO[1]
                         net (fo=20, routed)          0.596    29.905    clipper_cdf_inst/cdf_wr_data_reg[7]_i_327_0[9]
    SLICE_X30Y50         LUT3 (Prop_lut3_I0_O)        0.122    30.027 r  clipper_cdf_inst/cdf_wr_data[7]_i_238/O
                         net (fo=1, routed)           0.000    30.027    clipper_cdf_inst/cdf_wr_data[7]_i_238_n_0
    SLICE_X30Y50         CARRY4 (Prop_carry4_S[1]_CO[3])
                                                      0.256    30.283 r  clipper_cdf_inst/cdf_wr_data_reg[7]_i_127/CO[3]
                         net (fo=1, routed)           0.000    30.283    clipper_cdf_inst/cdf_wr_data_reg[7]_i_127_n_0
    SLICE_X30Y51         CARRY4 (Prop_carry4_CI_CO[3])
                                                      0.054    30.337 r  clipper_cdf_inst/cdf_wr_data_reg[7]_i_58/CO[3]
                         net (fo=1, routed)           0.000    30.337    clipper_cdf_inst/cdf_wr_data_reg[7]_i_58_n_0
    SLICE_X30Y52         CARRY4 (Prop_carry4_CI_CO[3])
                                                      0.054    30.391 r  clipper_cdf_inst/cdf_wr_data_reg[7]_i_28/CO[3]
                         net (fo=1, routed)           0.000    30.391    clipper_cdf_inst/cdf_wr_data_reg[7]_i_28_n_0
    SLICE_X30Y53         CARRY4 (Prop_carry4_CI_CO[3])
                                                      0.054    30.445 r  clipper_cdf_inst/cdf_wr_data_reg[7]_i_25/CO[3]
                         net (fo=1, routed)           0.000    30.445    clipper_cdf_inst/cdf_wr_data_reg[7]_i_25_n_0
    SLICE_X30Y54         CARRY4 (Prop_carry4_CI_CO[1])
                                                      0.076    30.521 r  clipper_cdf_inst/cdf_wr_data_reg[7]_i_15/CO[1]
                         net (fo=20, routed)          0.479    31.000    clipper_cdf_inst/cdf_wr_data_reg[7]_i_327_0[8]
    SLICE_X31Y51         LUT3 (Prop_lut3_I0_O)        0.124    31.124 r  clipper_cdf_inst/cdf_wr_data[7]_i_235/O
                         net (fo=1, routed)           0.000    31.124    clipper_cdf_inst/cdf_wr_data[7]_i_235_n_0
    SLICE_X31Y51         CARRY4 (Prop_carry4_S[1]_CO[3])
                                                      0.267    31.391 r  clipper_cdf_inst/cdf_wr_data_reg[7]_i_122/CO[3]
                         net (fo=1, routed)           0.000    31.391    clipper_cdf_inst/cdf_wr_data_reg[7]_i_122_n_0
    SLICE_X31Y52         CARRY4 (Prop_carry4_CI_CO[3])
                                                      0.053    31.444 r  clipper_cdf_inst/cdf_wr_data_reg[7]_i_53/CO[3]
                         net (fo=1, routed)           0.000    31.444    clipper_cdf_inst/cdf_wr_data_reg[7]_i_53_n_0
    SLICE_X31Y53         CARRY4 (Prop_carry4_CI_CO[3])
                                                      0.053    31.497 r  clipper_cdf_inst/cdf_wr_data_reg[7]_i_20/CO[3]
                         net (fo=1, routed)           0.000    31.497    clipper_cdf_inst/cdf_wr_data_reg[7]_i_20_n_0
    SLICE_X31Y54         CARRY4 (Prop_carry4_CI_CO[3])
                                                      0.053    31.550 r  clipper_cdf_inst/cdf_wr_data_reg[7]_i_10/CO[3]
                         net (fo=1, routed)           0.000    31.550    clipper_cdf_inst/cdf_wr_data_reg[7]_i_10_n_0
    SLICE_X31Y55         CARRY4 (Prop_carry4_CI_CO[1])
                                                      0.077    31.627 r  clipper_cdf_inst/cdf_wr_data_reg[7]_i_9/CO[1]
                         net (fo=20, routed)          0.320    31.948    clipper_cdf_inst/cdf_wr_data_reg[7]_i_327_0[7]
    SLICE_X32Y54         CARRY4 (Prop_carry4_CYINIT_CO[3])
                                                      0.376    32.324 r  clipper_cdf_inst/cdf_wr_data_reg[7]_i_121/CO[3]
                         net (fo=1, routed)           0.000    32.324    clipper_cdf_inst/cdf_wr_data_reg[7]_i_121_n_0
    SLICE_X32Y55         CARRY4 (Prop_carry4_CI_CO[3])
                                                      0.054    32.378 r  clipper_cdf_inst/cdf_wr_data_reg[7]_i_52/CO[3]
                         net (fo=1, routed)           0.000    32.378    clipper_cdf_inst/cdf_wr_data_reg[7]_i_52_n_0
    SLICE_X32Y56         CARRY4 (Prop_carry4_CI_CO[3])
                                                      0.054    32.432 r  clipper_cdf_inst/cdf_wr_data_reg[7]_i_19/CO[3]
                         net (fo=1, routed)           0.000    32.432    clipper_cdf_inst/cdf_wr_data_reg[7]_i_19_n_0
    SLICE_X32Y57         CARRY4 (Prop_carry4_CI_CO[3])
                                                      0.054    32.486 r  clipper_cdf_inst/cdf_wr_data_reg[7]_i_8/CO[3]
                         net (fo=1, routed)           0.000    32.486    clipper_cdf_inst/cdf_wr_data_reg[7]_i_8_n_0
    SLICE_X32Y58         CARRY4 (Prop_carry4_CI_CO[1])
                                                      0.076    32.562 r  clipper_cdf_inst/cdf_wr_data_reg[7]_i_4/CO[1]
                         net (fo=20, routed)          0.463    33.024    clipper_cdf_inst/cdf_wr_data_reg[7]_i_327_0[6]
    SLICE_X30Y55         LUT3 (Prop_lut3_I0_O)        0.124    33.148 r  clipper_cdf_inst/cdf_wr_data[6]_i_23/O
                         net (fo=1, routed)           0.000    33.148    clipper_cdf_inst/cdf_wr_data[6]_i_23_n_0
    SLICE_X30Y55         CARRY4 (Prop_carry4_S[1]_CO[3])
                                                      0.256    33.404 r  clipper_cdf_inst/cdf_wr_data_reg[6]_i_16/CO[3]
                         net (fo=1, routed)           0.000    33.404    clipper_cdf_inst/cdf_wr_data_reg[6]_i_16_n_0
    SLICE_X30Y56         CARRY4 (Prop_carry4_CI_CO[3])
                                                      0.054    33.458 r  clipper_cdf_inst/cdf_wr_data_reg[6]_i_11/CO[3]
                         net (fo=1, routed)           0.000    33.458    clipper_cdf_inst/cdf_wr_data_reg[6]_i_11_n_0
    SLICE_X30Y57         CARRY4 (Prop_carry4_CI_CO[3])
                                                      0.054    33.512 r  clipper_cdf_inst/cdf_wr_data_reg[6]_i_6/CO[3]
                         net (fo=1, routed)           0.000    33.512    clipper_cdf_inst/cdf_wr_data_reg[6]_i_6_n_0
    SLICE_X30Y58         CARRY4 (Prop_carry4_CI_CO[3])
                                                      0.054    33.566 r  clipper_cdf_inst/cdf_wr_data_reg[6]_i_3/CO[3]
                         net (fo=1, routed)           0.000    33.566    clipper_cdf_inst/cdf_wr_data_reg[6]_i_3_n_0
    SLICE_X30Y59         CARRY4 (Prop_carry4_CI_CO[1])
                                                      0.076    33.642 r  clipper_cdf_inst/cdf_wr_data_reg[6]_i_2/CO[1]
                         net (fo=20, routed)          0.224    33.867    clipper_cdf_inst/cdf_wr_data_reg[7]_i_327_0[5]
    SLICE_X32Y59         LUT3 (Prop_lut3_I2_O)        0.124    33.991 r  clipper_cdf_inst/cdf_wr_data[6]_i_1/O
                         net (fo=1, routed)           0.000    33.991    clipper_cdf_inst/norm_saturated[6]
    SLICE_X32Y59         FDCE                                         r  clipper_cdf_inst/cdf_wr_data_reg[6]/D
  -------------------------------------------------------------------    -------------------

                         (clock pclk rise edge)      13.500    13.500 r  
    AU28                                              0.000    13.500 r  pclk (IN)
                         net (fo=0)                   0.000    13.500    pclk
    AU28                 IBUF (Prop_ibuf_I_O)         0.521    14.021 r  pclk_IBUF_inst/O
                         net (fo=1, routed)           2.145    16.166    pclk_IBUF
    BUFGCTRL_X0Y0        BUFG (Prop_bufg_I_O)         0.083    16.249 r  pclk_IBUF_BUFG_inst/O
                         net (fo=916, routed)         1.772    18.021    clipper_cdf_inst/pclk_IBUF_BUFG
    SLICE_X32Y59         FDCE                                         r  clipper_cdf_inst/cdf_wr_data_reg[6]/C
                         clock pessimism              0.262    18.284    
                         clock uncertainty           -0.035    18.248    
    SLICE_X32Y59         FDCE (Setup_fdce_C_D)        0.066    18.314    clipper_cdf_inst/cdf_wr_data_reg[6]
  -------------------------------------------------------------------
                         required time                         18.314    
                         arrival time                         -33.991    
  -------------------------------------------------------------------
                         slack                                -15.677    

Slack (VIOLATED) :        -14.668ns  (required time - arrival time)
  Source:                 clipper_cdf_inst/cdf_range_reg[3]/C
                            (rising edge-triggered cell FDCE clocked by pclk  {rise@0.000ns fall@6.750ns period=13.500ns})
  Destination:            clipper_cdf_inst/cdf_wr_data_reg[7]/D
                            (rising edge-triggered cell FDCE clocked by pclk  {rise@0.000ns fall@6.750ns period=13.500ns})
  Path Group:             pclk
  Path Type:              Setup (Max at Slow Process Corner)
  Requirement:            13.500ns  (pclk rise@13.500ns - pclk rise@0.000ns)
  Data Path Delay:        27.896ns  (logic 15.666ns (56.159%)  route 12.230ns (43.841%))
  Logic Levels:           146  (CARRY4=124 LUT1=1 LUT2=7 LUT3=14)
  Clock Path Skew:        -0.295ns (DCD - SCD + CPR)
    Destination Clock Delay (DCD):    4.522ns = ( 18.022 - 13.500 ) 
    Source Clock Delay      (SCD):    5.080ns
    Clock Pessimism Removal (CPR):    0.262ns
  Clock Uncertainty:      0.035ns  ((TSJ^2 + TIJ^2)^1/2 + DJ) / 2 + PE
    Total System Jitter     (TSJ):    0.071ns
    Total Input Jitter      (TIJ):    0.000ns
    Discrete Jitter          (DJ):    0.000ns
    Phase Error              (PE):    0.000ns

    Location             Delay type                Incr(ns)  Path(ns)    Netlist Resource(s)
  -------------------------------------------------------------------    -------------------
                         (clock pclk rise edge)       0.000     0.000 r  
    AU28                                              0.000     0.000 r  pclk (IN)
                         net (fo=0)                   0.000     0.000    pclk
    AU28                 IBUF (Prop_ibuf_I_O)         0.628     0.628 r  pclk_IBUF_inst/O
                         net (fo=1, routed)           2.272     2.900    pclk_IBUF
    BUFGCTRL_X0Y0        BUFG (Prop_bufg_I_O)         0.093     2.993 r  pclk_IBUF_BUFG_inst/O
                         net (fo=916, routed)         2.087     5.080    clipper_cdf_inst/pclk_IBUF_BUFG
    SLICE_X30Y41         FDCE                                         r  clipper_cdf_inst/cdf_range_reg[3]/C
  -------------------------------------------------------------------    -------------------
    SLICE_X30Y41         FDCE (Prop_fdce_C_Q)         0.259     5.339 f  clipper_cdf_inst/cdf_range_reg[3]/Q
                         net (fo=34, routed)          0.366     5.705    clipper_cdf_inst/cdf_range[3]
    SLICE_X31Y40         LUT1 (Prop_lut1_I0_O)        0.043     5.748 r  clipper_cdf_inst/cdf_wr_data[7]_i_581/O
                         net (fo=1, routed)           0.000     5.748    clipper_cdf_inst/cdf_wr_data[7]_i_581_n_0
    SLICE_X31Y40         CARRY4 (Prop_carry4_S[3]_CO[3])
                                                      0.193     5.941 r  clipper_cdf_inst/cdf_wr_data_reg[7]_i_528/CO[3]
                         net (fo=1, routed)           0.000     5.941    clipper_cdf_inst/cdf_wr_data_reg[7]_i_528_n_0
    SLICE_X31Y41         CARRY4 (Prop_carry4_CI_CO[3])
                                                      0.053     5.994 r  clipper_cdf_inst/cdf_wr_data_reg[7]_i_523/CO[3]
                         net (fo=1, routed)           0.000     5.994    clipper_cdf_inst/cdf_wr_data_reg[7]_i_523_n_0
    SLICE_X31Y42         CARRY4 (Prop_carry4_CI_CO[3])
                                                      0.053     6.047 r  clipper_cdf_inst/cdf_wr_data_reg[7]_i_438/CO[3]
                         net (fo=1, routed)           0.000     6.047    clipper_cdf_inst/cdf_wr_data_reg[7]_i_438_n_0
    SLICE_X31Y43         CARRY4 (Prop_carry4_CI_CO[3])
                                                      0.053     6.100 r  clipper_cdf_inst/cdf_wr_data_reg[7]_i_327/CO[3]
                         net (fo=1, routed)           0.000     6.100    clipper_cdf_inst/cdf_wr_data_reg[7]_i_327_n_0
    SLICE_X31Y44         CARRY4 (Prop_carry4_CI_CO[0])
                                                      0.139     6.239 r  clipper_cdf_inst/cdf_wr_data_reg[7]_i_199/CO[0]
                         net (fo=21, routed)          0.568     6.807    clipper_cdf_inst/cdf_wr_data_reg[7]_i_327_0[30]
    SLICE_X30Y39         LUT2 (Prop_lut2_I1_O)        0.131     6.938 r  clipper_cdf_inst/cdf_wr_data[7]_i_568/O
                         net (fo=1, routed)           0.000     6.938    clipper_cdf_inst/cdf_wr_data[7]_i_568_n_0
    SLICE_X30Y39         CARRY4 (Prop_carry4_S[1]_CO[3])
                                                      0.256     7.194 r  clipper_cdf_inst/cdf_wr_data_reg[7]_i_518/CO[3]
                         net (fo=1, routed)           0.000     7.194    clipper_cdf_inst/cdf_wr_data_reg[7]_i_518_n_0
    SLICE_X30Y40         CARRY4 (Prop_carry4_CI_CO[3])
                                                      0.054     7.248 r  clipper_cdf_inst/cdf_wr_data_reg[7]_i_433/CO[3]
                         net (fo=1, routed)           0.000     7.248    clipper_cdf_inst/cdf_wr_data_reg[7]_i_433_n_0
    SLICE_X30Y41         CARRY4 (Prop_carry4_CI_CO[3])
                                                      0.054     7.302 r  clipper_cdf_inst/cdf_wr_data_reg[7]_i_428/CO[3]
                         net (fo=1, routed)           0.000     7.302    clipper_cdf_inst/cdf_wr_data_reg[7]_i_428_n_0
    SLICE_X30Y42         CARRY4 (Prop_carry4_CI_CO[3])
                                                      0.054     7.356 r  clipper_cdf_inst/cdf_wr_data_reg[7]_i_324/CO[3]
                         net (fo=1, routed)           0.000     7.356    clipper_cdf_inst/cdf_wr_data_reg[7]_i_324_n_0
    SLICE_X30Y43         CARRY4 (Prop_carry4_CI_CO[1])
                                                      0.076     7.432 r  clipper_cdf_inst/cdf_wr_data_reg[7]_i_200/CO[1]
                         net (fo=21, routed)          0.578     8.010    clipper_cdf_inst/cdf_wr_data_reg[7]_i_327_0[29]
    SLICE_X29Y41         LUT2 (Prop_lut2_I1_O)        0.124     8.134 r  clipper_cdf_inst/cdf_wr_data[7]_i_564/O
                         net (fo=1, routed)           0.000     8.134    clipper_cdf_inst/cdf_wr_data[7]_i_564_n_0
    SLICE_X29Y41         CARRY4 (Prop_carry4_S[1]_CO[3])
                                                      0.267     8.401 r  clipper_cdf_inst/cdf_wr_data_reg[7]_i_513/CO[3]
                         net (fo=1, routed)           0.000     8.401    clipper_cdf_inst/cdf_wr_data_reg[7]_i_513_n_0
    SLICE_X29Y42         CARRY4 (Prop_carry4_CI_CO[3])
                                                      0.053     8.454 r  clipper_cdf_inst/cdf_wr_data_reg[7]_i_423/CO[3]
                         net (fo=1, routed)           0.000     8.454    clipper_cdf_inst/cdf_wr_data_reg[7]_i_423_n_0
    SLICE_X29Y43         CARRY4 (Prop_carry4_CI_CO[3])
                                                      0.053     8.507 r  clipper_cdf_inst/cdf_wr_data_reg[7]_i_315/CO[3]
                         net (fo=1, routed)           0.000     8.507    clipper_cdf_inst/cdf_wr_data_reg[7]_i_315_n_0
    SLICE_X29Y44         CARRY4 (Prop_carry4_CI_CO[3])
                                                      0.053     8.560 r  clipper_cdf_inst/cdf_wr_data_reg[7]_i_312/CO[3]
                         net (fo=1, routed)           0.000     8.560    clipper_cdf_inst/cdf_wr_data_reg[7]_i_312_n_0
    SLICE_X29Y45         CARRY4 (Prop_carry4_CI_CO[1])
                                                      0.077     8.637 r  clipper_cdf_inst/cdf_wr_data_reg[7]_i_198/CO[1]
                         net (fo=21, routed)          0.637     9.274    clipper_cdf_inst/cdf_wr_data_reg[7]_i_327_0[28]
    SLICE_X29Y36         LUT2 (Prop_lut2_I1_O)        0.122     9.396 r  clipper_cdf_inst/cdf_wr_data[7]_i_560/O
                         net (fo=1, routed)           0.000     9.396    clipper_cdf_inst/cdf_wr_data[7]_i_560_n_0
    SLICE_X29Y36         CARRY4 (Prop_carry4_S[1]_CO[3])
                                                      0.267     9.663 r  clipper_cdf_inst/cdf_wr_data_reg[7]_i_508/CO[3]
                         net (fo=1, routed)           0.000     9.663    clipper_cdf_inst/cdf_wr_data_reg[7]_i_508_n_0
    SLICE_X29Y37         CARRY4 (Prop_carry4_CI_CO[3])
                                                      0.053     9.716 r  clipper_cdf_inst/cdf_wr_data_reg[7]_i_418/CO[3]
                         net (fo=1, routed)           0.000     9.716    clipper_cdf_inst/cdf_wr_data_reg[7]_i_418_n_0
    SLICE_X29Y38         CARRY4 (Prop_carry4_CI_CO[3])
                                                      0.053     9.769 r  clipper_cdf_inst/cdf_wr_data_reg[7]_i_307/CO[3]
                         net (fo=1, routed)           0.000     9.769    clipper_cdf_inst/cdf_wr_data_reg[7]_i_307_n_0
    SLICE_X29Y39         CARRY4 (Prop_carry4_CI_CO[3])
                                                      0.053     9.822 r  clipper_cdf_inst/cdf_wr_data_reg[7]_i_190/CO[3]
                         net (fo=1, routed)           0.000     9.822    clipper_cdf_inst/cdf_wr_data_reg[7]_i_190_n_0
    SLICE_X29Y40         CARRY4 (Prop_carry4_CI_CO[1])
                                                      0.077     9.899 r  clipper_cdf_inst/cdf_wr_data_reg[7]_i_189/CO[1]
                         net (fo=21, routed)          0.372    10.271    clipper_cdf_inst/cdf_wr_data_reg[7]_i_327_0[27]
    SLICE_X28Y38         LUT2 (Prop_lut2_I1_O)        0.122    10.393 r  clipper_cdf_inst/cdf_wr_data[7]_i_556/O
                         net (fo=1, routed)           0.000    10.393    clipper_cdf_inst/cdf_wr_data[7]_i_556_n_0
    SLICE_X28Y38         CARRY4 (Prop_carry4_S[1]_CO[3])
                                                      0.267    10.660 r  clipper_cdf_inst/cdf_wr_data_reg[7]_i_479/CO[3]
                         net (fo=1, routed)           0.000    10.660    clipper_cdf_inst/cdf_wr_data_reg[7]_i_479_n_0
    SLICE_X28Y39         CARRY4 (Prop_carry4_CI_CO[3])
                                                      0.053    10.713 r  clipper_cdf_inst/cdf_wr_data_reg[7]_i_413/CO[3]
                         net (fo=1, routed)           0.000    10.713    clipper_cdf_inst/cdf_wr_data_reg[7]_i_413_n_0
    SLICE_X28Y40         CARRY4 (Prop_carry4_CI_CO[3])
                                                      0.053    10.766 r  clipper_cdf_inst/cdf_wr_data_reg[7]_i_302/CO[3]
                         net (fo=1, routed)           0.000    10.766    clipper_cdf_inst/cdf_wr_data_reg[7]_i_302_n_0
    SLICE_X28Y41         CARRY4 (Prop_carry4_CI_CO[3])
                                                      0.053    10.819 r  clipper_cdf_inst/cdf_wr_data_reg[7]_i_186/CO[3]
                         net (fo=1, routed)           0.000    10.819    clipper_cdf_inst/cdf_wr_data_reg[7]_i_186_n_0
    SLICE_X28Y42         CARRY4 (Prop_carry4_CI_CO[1])
                                                      0.077    10.896 r  clipper_cdf_inst/cdf_wr_data_reg[7]_i_91/CO[1]
                         net (fo=21, routed)          0.459    11.355    clipper_cdf_inst/cdf_wr_data_reg[7]_i_327_0[26]
    SLICE_X26Y40         LUT2 (Prop_lut2_I1_O)        0.122    11.477 r  clipper_cdf_inst/cdf_wr_data[7]_i_552/O
                         net (fo=1, routed)           0.000    11.477    clipper_cdf_inst/cdf_wr_data[7]_i_552_n_0
    SLICE_X26Y40         CARRY4 (Prop_carry4_S[1]_CO[3])
                                                      0.256    11.733 r  clipper_cdf_inst/cdf_wr_data_reg[7]_i_474/CO[3]
                         net (fo=1, routed)           0.000    11.733    clipper_cdf_inst/cdf_wr_data_reg[7]_i_474_n_0
    SLICE_X26Y41         CARRY4 (Prop_carry4_CI_CO[3])
                                                      0.054    11.787 r  clipper_cdf_inst/cdf_wr_data_reg[7]_i_372/CO[3]
                         net (fo=1, routed)           0.000    11.787    clipper_cdf_inst/cdf_wr_data_reg[7]_i_372_n_0
    SLICE_X26Y42         CARRY4 (Prop_carry4_CI_CO[3])
                                                      0.054    11.841 r  clipper_cdf_inst/cdf_wr_data_reg[7]_i_301/CO[3]
                         net (fo=1, routed)           0.000    11.841    clipper_cdf_inst/cdf_wr_data_reg[7]_i_301_n_0
    SLICE_X26Y43         CARRY4 (Prop_carry4_CI_CO[3])
                                                      0.054    11.895 r  clipper_cdf_inst/cdf_wr_data_reg[7]_i_185/CO[3]
                         net (fo=1, routed)           0.000    11.895    clipper_cdf_inst/cdf_wr_data_reg[7]_i_185_n_0
    SLICE_X26Y44         CARRY4 (Prop_carry4_CI_CO[1])
                                                      0.076    11.971 r  clipper_cdf_inst/cdf_wr_data_reg[7]_i_90/CO[1]
                         net (fo=21, routed)          0.447    12.418    clipper_cdf_inst/cdf_wr_data_reg[7]_i_327_0[25]
    SLICE_X25Y42         LUT2 (Prop_lut2_I1_O)        0.124    12.542 r  clipper_cdf_inst/cdf_wr_data[7]_i_548/O
                         net (fo=1, routed)           0.000    12.542    clipper_cdf_inst/cdf_wr_data[7]_i_548_n_0
    SLICE_X25Y42         CARRY4 (Prop_carry4_S[1]_CO[3])
                                                      0.267    12.809 r  clipper_cdf_inst/cdf_wr_data_reg[7]_i_469/CO[3]
                         net (fo=1, routed)           0.000    12.809    clipper_cdf_inst/cdf_wr_data_reg[7]_i_469_n_0
    SLICE_X25Y43         CARRY4 (Prop_carry4_CI_CO[3])
                                                      0.053    12.862 r  clipper_cdf_inst/cdf_wr_data_reg[7]_i_367/CO[3]
                         net (fo=1, routed)           0.000    12.862    clipper_cdf_inst/cdf_wr_data_reg[7]_i_367_n_0
    SLICE_X25Y44         CARRY4 (Prop_carry4_CI_CO[3])
                                                      0.053    12.915 r  clipper_cdf_inst/cdf_wr_data_reg[7]_i_265/CO[3]
                         net (fo=1, routed)           0.000    12.915    clipper_cdf_inst/cdf_wr_data_reg[7]_i_265_n_0
    SLICE_X25Y45         CARRY4 (Prop_carry4_CI_CO[3])
                                                      0.053    12.968 r  clipper_cdf_inst/cdf_wr_data_reg[7]_i_193/CO[3]
                         net (fo=1, routed)           0.000    12.968    clipper_cdf_inst/cdf_wr_data_reg[7]_i_193_n_0
    SLICE_X25Y46         CARRY4 (Prop_carry4_CI_CO[1])
                                                      0.077    13.045 r  clipper_cdf_inst/cdf_wr_data_reg[7]_i_93/CO[1]
                         net (fo=21, routed)          0.554    13.599    clipper_cdf_inst/cdf_wr_data_reg[7]_i_327_0[24]
    SLICE_X28Y43         LUT2 (Prop_lut2_I1_O)        0.122    13.721 r  clipper_cdf_inst/cdf_wr_data[7]_i_544/O
                         net (fo=1, routed)           0.000    13.721    clipper_cdf_inst/cdf_wr_data[7]_i_544_n_0
    SLICE_X28Y43         CARRY4 (Prop_carry4_S[1]_CO[3])
                                                      0.267    13.988 r  clipper_cdf_inst/cdf_wr_data_reg[7]_i_464/CO[3]
                         net (fo=1, routed)           0.000    13.988    clipper_cdf_inst/cdf_wr_data_reg[7]_i_464_n_0
    SLICE_X28Y44         CARRY4 (Prop_carry4_CI_CO[3])
                                                      0.053    14.041 r  clipper_cdf_inst/cdf_wr_data_reg[7]_i_362/CO[3]
                         net (fo=1, routed)           0.000    14.041    clipper_cdf_inst/cdf_wr_data_reg[7]_i_362_n_0
    SLICE_X28Y45         CARRY4 (Prop_carry4_CI_CO[3])
                                                      0.053    14.094 r  clipper_cdf_inst/cdf_wr_data_reg[7]_i_260/CO[3]
                         net (fo=1, routed)           0.000    14.094    clipper_cdf_inst/cdf_wr_data_reg[7]_i_260_n_0
    SLICE_X28Y46         CARRY4 (Prop_carry4_CI_CO[3])
                                                      0.053    14.147 r  clipper_cdf_inst/cdf_wr_data_reg[7]_i_154/CO[3]
                         net (fo=1, routed)           0.000    14.147    clipper_cdf_inst/cdf_wr_data_reg[7]_i_154_n_0
    SLICE_X28Y47         CARRY4 (Prop_carry4_CI_CO[1])
                                                      0.077    14.224 r  clipper_cdf_inst/cdf_wr_data_reg[7]_i_92/CO[1]
                         net (fo=20, routed)          0.615    14.839    clipper_cdf_inst/cdf_wr_data_reg[7]_i_327_0[23]
    SLICE_X30Y44         LUT3 (Prop_lut3_I0_O)        0.122    14.961 r  clipper_cdf_inst/cdf_wr_data[7]_i_505/O
                         net (fo=1, routed)           0.000    14.961    clipper_cdf_inst/cdf_wr_data[7]_i_505_n_0
    SLICE_X30Y44         CARRY4 (Prop_carry4_S[3]_CO[3])
                                                      0.180    15.141 r  clipper_cdf_inst/cdf_wr_data_reg[7]_i_408/CO[3]
                         net (fo=1, routed)           0.000    15.141    clipper_cdf_inst/cdf_wr_data_reg[7]_i_408_n_0
    SLICE_X30Y45         CARRY4 (Prop_carry4_CI_CO[3])
                                                      0.054    15.195 r  clipper_cdf_inst/cdf_wr_data_reg[7]_i_357/CO[3]
                         net (fo=1, routed)           0.000    15.195    clipper_cdf_inst/cdf_wr_data_reg[7]_i_357_n_0
    SLICE_X30Y46         CARRY4 (Prop_carry4_CI_CO[3])
                                                      0.054    15.249 r  clipper_cdf_inst/cdf_wr_data_reg[7]_i_255/CO[3]
                         net (fo=1, routed)           0.000    15.249    clipper_cdf_inst/cdf_wr_data_reg[7]_i_255_n_0
    SLICE_X30Y47         CARRY4 (Prop_carry4_CI_CO[3])
                                                      0.054    15.303 r  clipper_cdf_inst/cdf_wr_data_reg[7]_i_153/CO[3]
                         net (fo=1, routed)           0.000    15.303    clipper_cdf_inst/cdf_wr_data_reg[7]_i_153_n_0
    SLICE_X30Y48         CARRY4 (Prop_carry4_CI_CO[1])
                                                      0.076    15.379 r  clipper_cdf_inst/cdf_wr_data_reg[7]_i_75/CO[1]
                         net (fo=20, routed)          0.466    15.845    clipper_cdf_inst/cdf_wr_data_reg[7]_i_327_0[22]
    SLICE_X31Y45         LUT3 (Prop_lut3_I0_O)        0.124    15.969 r  clipper_cdf_inst/cdf_wr_data[7]_i_504/O
                         net (fo=1, routed)           0.000    15.969    clipper_cdf_inst/cdf_wr_data[7]_i_504_n_0
    SLICE_X31Y45         CARRY4 (Prop_carry4_S[1]_CO[3])
                                                      0.267    16.236 r  clipper_cdf_inst/cdf_wr_data_reg[7]_i_403/CO[3]
                         net (fo=1, routed)           0.000    16.236    clipper_cdf_inst/cdf_wr_data_reg[7]_i_403_n_0
    SLICE_X31Y46         CARRY4 (Prop_carry4_CI_CO[3])
                                                      0.053    16.289 r  clipper_cdf_inst/cdf_wr_data_reg[7]_i_296/CO[3]
                         net (fo=1, routed)           0.000    16.289    clipper_cdf_inst/cdf_wr_data_reg[7]_i_296_n_0
    SLICE_X31Y47         CARRY4 (Prop_carry4_CI_CO[3])
                                                      0.053    16.342 r  clipper_cdf_inst/cdf_wr_data_reg[7]_i_250/CO[3]
                         net (fo=1, routed)           0.000    16.342    clipper_cdf_inst/cdf_wr_data_reg[7]_i_250_n_0
    SLICE_X31Y48         CARRY4 (Prop_carry4_CI_CO[3])
                                                      0.053    16.395 r  clipper_cdf_inst/cdf_wr_data_reg[7]_i_148/CO[3]
                         net (fo=1, routed)           0.000    16.395    clipper_cdf_inst/cdf_wr_data_reg[7]_i_148_n_0
    SLICE_X31Y49         CARRY4 (Prop_carry4_CI_CO[1])
                                                      0.077    16.472 r  clipper_cdf_inst/cdf_wr_data_reg[7]_i_76/CO[1]
                         net (fo=20, routed)          0.535    17.007    clipper_cdf_inst/cdf_wr_data_reg[7]_i_327_0[21]
    SLICE_X29Y46         CARRY4 (Prop_carry4_CYINIT_CO[3])
                                                      0.366    17.373 r  clipper_cdf_inst/cdf_wr_data_reg[7]_i_393/CO[3]
                         net (fo=1, routed)           0.000    17.373    clipper_cdf_inst/cdf_wr_data_reg[7]_i_393_n_0
    SLICE_X29Y47         CARRY4 (Prop_carry4_CI_CO[3])
                                                      0.053    17.426 r  clipper_cdf_inst/cdf_wr_data_reg[7]_i_291/CO[3]
                         net (fo=1, routed)           0.000    17.426    clipper_cdf_inst/cdf_wr_data_reg[7]_i_291_n_0
    SLICE_X29Y48         CARRY4 (Prop_carry4_CI_CO[3])
                                                      0.053    17.479 r  clipper_cdf_inst/cdf_wr_data_reg[7]_i_180/CO[3]
                         net (fo=1, routed)           0.000    17.479    clipper_cdf_inst/cdf_wr_data_reg[7]_i_180_n_0
    SLICE_X29Y49         CARRY4 (Prop_carry4_CI_CO[3])
                                                      0.053    17.532 r  clipper_cdf_inst/cdf_wr_data_reg[7]_i_147/CO[3]
                         net (fo=1, routed)           0.001    17.533    clipper_cdf_inst/cdf_wr_data_reg[7]_i_147_n_0
    SLICE_X29Y50         CARRY4 (Prop_carry4_CI_CO[1])
                                                      0.077    17.610 r  clipper_cdf_inst/cdf_wr_data_reg[7]_i_73/CO[1]
                         net (fo=20, routed)          0.465    18.075    clipper_cdf_inst/cdf_wr_data_reg[7]_i_327_0[20]
    SLICE_X28Y49         LUT3 (Prop_lut3_I0_O)        0.122    18.197 r  clipper_cdf_inst/cdf_wr_data[7]_i_396/O
                         net (fo=1, routed)           0.000    18.197    clipper_cdf_inst/cdf_wr_data[7]_i_396_n_0
    SLICE_X28Y49         CARRY4 (Prop_carry4_S[1]_CO[3])
                                                      0.267    18.464 r  clipper_cdf_inst/cdf_wr_data_reg[7]_i_281/CO[3]
                         net (fo=1, routed)           0.001    18.464    clipper_cdf_inst/cdf_wr_data_reg[7]_i_281_n_0
    SLICE_X28Y50         CARRY4 (Prop_carry4_CI_CO[3])
                                                      0.053    18.517 r  clipper_cdf_inst/cdf_wr_data_reg[7]_i_175/CO[3]
                         net (fo=1, routed)           0.000    18.517    clipper_cdf_inst/cdf_wr_data_reg[7]_i_175_n_0
    SLICE_X28Y51         CARRY4 (Prop_carry4_CI_CO[3])
                                                      0.053    18.570 r  clipper_cdf_inst/cdf_wr_data_reg[7]_i_85/CO[3]
                         net (fo=1, routed)           0.000    18.570    clipper_cdf_inst/cdf_wr_data_reg[7]_i_85_n_0
    SLICE_X28Y52         CARRY4 (Prop_carry4_CI_CO[1])
                                                      0.077    18.647 r  clipper_cdf_inst/cdf_wr_data_reg[7]_i_74/CO[1]
                         net (fo=20, routed)          0.473    19.120    clipper_cdf_inst/cdf_wr_data_reg[7]_i_327_0[19]
    SLICE_X27Y47         LUT3 (Prop_lut3_I0_O)        0.122    19.242 r  clipper_cdf_inst/cdf_wr_data[7]_i_492/O
                         net (fo=1, routed)           0.000    19.242    clipper_cdf_inst/cdf_wr_data[7]_i_492_n_0
    SLICE_X27Y47         CARRY4 (Prop_carry4_S[1]_CO[3])
                                                      0.267    19.509 r  clipper_cdf_inst/cdf_wr_data_reg[7]_i_383/CO[3]
                         net (fo=1, routed)           0.000    19.509    clipper_cdf_inst/cdf_wr_data_reg[7]_i_383_n_0
    SLICE_X27Y48         CARRY4 (Prop_carry4_CI_CO[3])
                                                      0.053    19.562 r  clipper_cdf_inst/cdf_wr_data_reg[7]_i_276/CO[3]
                         net (fo=1, routed)           0.000    19.562    clipper_cdf_inst/cdf_wr_data_reg[7]_i_276_n_0
    SLICE_X27Y49         CARRY4 (Prop_carry4_CI_CO[3])
                                                      0.053    19.615 r  clipper_cdf_inst/cdf_wr_data_reg[7]_i_165/CO[3]
                         net (fo=1, routed)           0.001    19.616    clipper_cdf_inst/cdf_wr_data_reg[7]_i_165_n_0
    SLICE_X27Y50         CARRY4 (Prop_carry4_CI_CO[3])
                                                      0.053    19.669 r  clipper_cdf_inst/cdf_wr_data_reg[7]_i_84/CO[3]
                         net (fo=1, routed)           0.000    19.669    clipper_cdf_inst/cdf_wr_data_reg[7]_i_84_n_0
    SLICE_X27Y51         CARRY4 (Prop_carry4_CI_CO[1])
                                                      0.077    19.746 r  clipper_cdf_inst/cdf_wr_data_reg[7]_i_36/CO[1]
                         net (fo=20, routed)          0.452    20.197    clipper_cdf_inst/cdf_wr_data_reg[7]_i_327_0[18]
    SLICE_X26Y47         LUT3 (Prop_lut3_I0_O)        0.122    20.319 r  clipper_cdf_inst/cdf_wr_data[7]_i_489/O
                         net (fo=1, routed)           0.000    20.319    clipper_cdf_inst/cdf_wr_data[7]_i_489_n_0
    SLICE_X26Y47         CARRY4 (Prop_carry4_S[1]_CO[3])
                                                      0.256    20.575 r  clipper_cdf_inst/cdf_wr_data_reg[7]_i_378/CO[3]
                         net (fo=1, routed)           0.000    20.575    clipper_cdf_inst/cdf_wr_data_reg[7]_i_378_n_0
    SLICE_X26Y48         CARRY4 (Prop_carry4_CI_CO[3])
                                                      0.054    20.629 r  clipper_cdf_inst/cdf_wr_data_reg[7]_i_271/CO[3]
                         net (fo=1, routed)           0.000    20.629    clipper_cdf_inst/cdf_wr_data_reg[7]_i_271_n_0
    SLICE_X26Y49         CARRY4 (Prop_carry4_CI_CO[3])
                                                      0.054    20.683 r  clipper_cdf_inst/cdf_wr_data_reg[7]_i_160/CO[3]
                         net (fo=1, routed)           0.001    20.684    clipper_cdf_inst/cdf_wr_data_reg[7]_i_160_n_0
    SLICE_X26Y50         CARRY4 (Prop_carry4_CI_CO[3])
                                                      0.054    20.738 r  clipper_cdf_inst/cdf_wr_data_reg[7]_i_78/CO[3]
                         net (fo=1, routed)           0.000    20.738    clipper_cdf_inst/cdf_wr_data_reg[7]_i_78_n_0
    SLICE_X26Y51         CARRY4 (Prop_carry4_CI_CO[1])
                                                      0.076    20.814 r  clipper_cdf_inst/cdf_wr_data_reg[7]_i_37/CO[1]
                         net (fo=20, routed)          0.496    21.310    clipper_cdf_inst/cdf_wr_data_reg[7]_i_327_0[17]
    SLICE_X24Y46         LUT3 (Prop_lut3_I0_O)        0.124    21.434 r  clipper_cdf_inst/cdf_wr_data[7]_i_486/O
                         net (fo=1, routed)           0.000    21.434    clipper_cdf_inst/cdf_wr_data[7]_i_486_n_0
    SLICE_X24Y46         CARRY4 (Prop_carry4_S[1]_CO[3])
                                                      0.256    21.690 r  clipper_cdf_inst/cdf_wr_data_reg[7]_i_377/CO[3]
                         net (fo=1, routed)           0.000    21.690    clipper_cdf_inst/cdf_wr_data_reg[7]_i_377_n_0
    SLICE_X24Y47         CARRY4 (Prop_carry4_CI_CO[3])
                                                      0.054    21.744 r  clipper_cdf_inst/cdf_wr_data_reg[7]_i_270/CO[3]
                         net (fo=1, routed)           0.000    21.744    clipper_cdf_inst/cdf_wr_data_reg[7]_i_270_n_0
    SLICE_X24Y48         CARRY4 (Prop_carry4_CI_CO[3])
                                                      0.054    21.798 r  clipper_cdf_inst/cdf_wr_data_reg[7]_i_159/CO[3]
                         net (fo=1, routed)           0.000    21.798    clipper_cdf_inst/cdf_wr_data_reg[7]_i_159_n_0
    SLICE_X24Y49         CARRY4 (Prop_carry4_CI_CO[3])
                                                      0.054    21.852 r  clipper_cdf_inst/cdf_wr_data_reg[7]_i_77/CO[3]
                         net (fo=1, routed)           0.001    21.853    clipper_cdf_inst/cdf_wr_data_reg[7]_i_77_n_0
    SLICE_X24Y50         CARRY4 (Prop_carry4_CI_CO[1])
                                                      0.076    21.929 r  clipper_cdf_inst/cdf_wr_data_reg[7]_i_34/CO[1]
                         net (fo=20, routed)          0.414    22.343    clipper_cdf_inst/cdf_wr_data_reg[7]_i_327_0[16]
    SLICE_X23Y49         CARRY4 (Prop_carry4_CYINIT_CO[3])
                                                      0.368    22.711 r  clipper_cdf_inst/cdf_wr_data_reg[7]_i_398/CO[3]
                         net (fo=1, routed)           0.001    22.712    clipper_cdf_inst/cdf_wr_data_reg[7]_i_398_n_0
    SLICE_X23Y50         CARRY4 (Prop_carry4_CI_CO[3])
                                                      0.053    22.765 r  clipper_cdf_inst/cdf_wr_data_reg[7]_i_286/CO[3]
                         net (fo=1, routed)           0.000    22.765    clipper_cdf_inst/cdf_wr_data_reg[7]_i_286_n_0
    SLICE_X23Y51         CARRY4 (Prop_carry4_CI_CO[3])
                                                      0.053    22.818 r  clipper_cdf_inst/cdf_wr_data_reg[7]_i_170/CO[3]
                         net (fo=1, routed)           0.000    22.818    clipper_cdf_inst/cdf_wr_data_reg[7]_i_170_n_0
    SLICE_X23Y52         CARRY4 (Prop_carry4_CI_CO[3])
                                                      0.053    22.871 r  clipper_cdf_inst/cdf_wr_data_reg[7]_i_81/CO[3]
                         net (fo=1, routed)           0.000    22.871    clipper_cdf_inst/cdf_wr_data_reg[7]_i_81_n_0
    SLICE_X23Y53         CARRY4 (Prop_carry4_CI_CO[1])
                                                      0.077    22.948 r  clipper_cdf_inst/cdf_wr_data_reg[7]_i_35/CO[1]
                         net (fo=20, routed)          0.373    23.321    clipper_cdf_inst/cdf_wr_data_reg[7]_i_327_0[15]
    SLICE_X22Y51         LUT3 (Prop_lut3_I0_O)        0.122    23.443 r  clipper_cdf_inst/cdf_wr_data[7]_i_463/O
                         net (fo=1, routed)           0.000    23.443    clipper_cdf_inst/cdf_wr_data[7]_i_463_n_0
    SLICE_X22Y51         CARRY4 (Prop_carry4_S[1]_CO[3])
                                                      0.256    23.699 r  clipper_cdf_inst/cdf_wr_data_reg[7]_i_349/CO[3]
                         net (fo=1, routed)           0.000    23.699    clipper_cdf_inst/cdf_wr_data_reg[7]_i_349_n_0
    SLICE_X22Y52         CARRY4 (Prop_carry4_CI_CO[3])
                                                      0.054    23.753 r  clipper_cdf_inst/cdf_wr_data_reg[7]_i_330/CO[3]
                         net (fo=1, routed)           0.000    23.753    clipper_cdf_inst/cdf_wr_data_reg[7]_i_330_n_0
    SLICE_X22Y53         CARRY4 (Prop_carry4_CI_CO[3])
                                                      0.054    23.807 r  clipper_cdf_inst/cdf_wr_data_reg[7]_i_206/CO[3]
                         net (fo=1, routed)           0.000    23.807    clipper_cdf_inst/cdf_wr_data_reg[7]_i_206_n_0
    SLICE_X22Y54         CARRY4 (Prop_carry4_CI_CO[3])
                                                      0.054    23.861 r  clipper_cdf_inst/cdf_wr_data_reg[7]_i_101/CO[3]
                         net (fo=1, routed)           0.000    23.861    clipper_cdf_inst/cdf_wr_data_reg[7]_i_101_n_0
    SLICE_X22Y55         CARRY4 (Prop_carry4_CI_CO[1])
                                                      0.076    23.937 r  clipper_cdf_inst/cdf_wr_data_reg[7]_i_41/CO[1]
                         net (fo=20, routed)          0.409    24.345    clipper_cdf_inst/cdf_wr_data_reg[7]_i_327_0[14]
    SLICE_X25Y52         LUT3 (Prop_lut3_I0_O)        0.124    24.469 r  clipper_cdf_inst/cdf_wr_data[7]_i_460/O
                         net (fo=1, routed)           0.000    24.469    clipper_cdf_inst/cdf_wr_data[7]_i_460_n_0
    SLICE_X25Y52         CARRY4 (Prop_carry4_S[1]_CO[3])
                                                      0.267    24.736 r  clipper_cdf_inst/cdf_wr_data_reg[7]_i_344/CO[3]
                         net (fo=1, routed)           0.000    24.736    clipper_cdf_inst/cdf_wr_data_reg[7]_i_344_n_0
    SLICE_X25Y53         CARRY4 (Prop_carry4_CI_CO[3])
                                                      0.053    24.789 r  clipper_cdf_inst/cdf_wr_data_reg[7]_i_225/CO[3]
                         net (fo=1, routed)           0.000    24.789    clipper_cdf_inst/cdf_wr_data_reg[7]_i_225_n_0
    SLICE_X25Y54         CARRY4 (Prop_carry4_CI_CO[3])
                                                      0.053    24.842 r  clipper_cdf_inst/cdf_wr_data_reg[7]_i_201/CO[3]
                         net (fo=1, routed)           0.000    24.842    clipper_cdf_inst/cdf_wr_data_reg[7]_i_201_n_0
    SLICE_X25Y55         CARRY4 (Prop_carry4_CI_CO[3])
                                                      0.053    24.895 r  clipper_cdf_inst/cdf_wr_data_reg[7]_i_96/CO[3]
                         net (fo=1, routed)           0.000    24.895    clipper_cdf_inst/cdf_wr_data_reg[7]_i_96_n_0
    SLICE_X25Y56         CARRY4 (Prop_carry4_CI_CO[1])
                                                      0.077    24.972 r  clipper_cdf_inst/cdf_wr_data_reg[7]_i_42/CO[1]
                         net (fo=20, routed)          0.485    25.457    clipper_cdf_inst/cdf_wr_data_reg[7]_i_327_0[13]
    SLICE_X26Y52         LUT3 (Prop_lut3_I0_O)        0.122    25.579 r  clipper_cdf_inst/cdf_wr_data[7]_i_457/O
                         net (fo=1, routed)           0.000    25.579    clipper_cdf_inst/cdf_wr_data[7]_i_457_n_0
    SLICE_X26Y52         CARRY4 (Prop_carry4_S[1]_CO[3])
                                                      0.256    25.835 r  clipper_cdf_inst/cdf_wr_data_reg[7]_i_339/CO[3]
                         net (fo=1, routed)           0.000    25.835    clipper_cdf_inst/cdf_wr_data_reg[7]_i_339_n_0
    SLICE_X26Y53         CARRY4 (Prop_carry4_CI_CO[3])
                                                      0.054    25.889 r  clipper_cdf_inst/cdf_wr_data_reg[7]_i_220/CO[3]
                         net (fo=1, routed)           0.000    25.889    clipper_cdf_inst/cdf_wr_data_reg[7]_i_220_n_0
    SLICE_X26Y54         CARRY4 (Prop_carry4_CI_CO[3])
                                                      0.054    25.943 r  clipper_cdf_inst/cdf_wr_data_reg[7]_i_116/CO[3]
                         net (fo=1, routed)           0.000    25.943    clipper_cdf_inst/cdf_wr_data_reg[7]_i_116_n_0
    SLICE_X26Y55         CARRY4 (Prop_carry4_CI_CO[3])
                                                      0.054    25.997 r  clipper_cdf_inst/cdf_wr_data_reg[7]_i_95/CO[3]
                         net (fo=1, routed)           0.000    25.997    clipper_cdf_inst/cdf_wr_data_reg[7]_i_95_n_0
    SLICE_X26Y56         CARRY4 (Prop_carry4_CI_CO[1])
                                                      0.076    26.073 r  clipper_cdf_inst/cdf_wr_data_reg[7]_i_39/CO[1]
                         net (fo=20, routed)          0.475    26.548    clipper_cdf_inst/cdf_wr_data_reg[7]_i_327_0[12]
    SLICE_X27Y52         LUT3 (Prop_lut3_I0_O)        0.124    26.672 r  clipper_cdf_inst/cdf_wr_data[7]_i_356/O
                         net (fo=1, routed)           0.000    26.672    clipper_cdf_inst/cdf_wr_data[7]_i_356_n_0
    SLICE_X27Y52         CARRY4 (Prop_carry4_S[1]_CO[3])
                                                      0.267    26.939 r  clipper_cdf_inst/cdf_wr_data_reg[7]_i_242/CO[3]
                         net (fo=1, routed)           0.000    26.939    clipper_cdf_inst/cdf_wr_data_reg[7]_i_242_n_0
    SLICE_X27Y53         CARRY4 (Prop_carry4_CI_CO[3])
                                                      0.053    26.992 r  clipper_cdf_inst/cdf_wr_data_reg[7]_i_215/CO[3]
                         net (fo=1, routed)           0.000    26.992    clipper_cdf_inst/cdf_wr_data_reg[7]_i_215_n_0
    SLICE_X27Y54         CARRY4 (Prop_carry4_CI_CO[3])
                                                      0.053    27.045 r  clipper_cdf_inst/cdf_wr_data_reg[7]_i_111/CO[3]
                         net (fo=1, routed)           0.000    27.045    clipper_cdf_inst/cdf_wr_data_reg[7]_i_111_n_0
    SLICE_X27Y55         CARRY4 (Prop_carry4_CI_CO[3])
                                                      0.053    27.098 r  clipper_cdf_inst/cdf_wr_data_reg[7]_i_47/CO[3]
                         net (fo=1, routed)           0.000    27.098    clipper_cdf_inst/cdf_wr_data_reg[7]_i_47_n_0
    SLICE_X27Y56         CARRY4 (Prop_carry4_CI_CO[1])
                                                      0.077    27.175 r  clipper_cdf_inst/cdf_wr_data_reg[7]_i_40/CO[1]
                         net (fo=20, routed)          0.439    27.614    clipper_cdf_inst/cdf_wr_data_reg[7]_i_327_0[11]
    SLICE_X28Y53         CARRY4 (Prop_carry4_CYINIT_CO[3])
                                                      0.366    27.980 r  clipper_cdf_inst/cdf_wr_data_reg[7]_i_142/CO[3]
                         net (fo=1, routed)           0.000    27.980    clipper_cdf_inst/cdf_wr_data_reg[7]_i_142_n_0
    SLICE_X28Y54         CARRY4 (Prop_carry4_CI_CO[3])
                                                      0.053    28.033 r  clipper_cdf_inst/cdf_wr_data_reg[7]_i_137/CO[3]
                         net (fo=1, routed)           0.000    28.033    clipper_cdf_inst/cdf_wr_data_reg[7]_i_137_n_0
    SLICE_X28Y55         CARRY4 (Prop_carry4_CI_CO[3])
                                                      0.053    28.086 r  clipper_cdf_inst/cdf_wr_data_reg[7]_i_106/CO[3]
                         net (fo=1, routed)           0.000    28.086    clipper_cdf_inst/cdf_wr_data_reg[7]_i_106_n_0
    SLICE_X28Y56         CARRY4 (Prop_carry4_CI_CO[3])
                                                      0.053    28.139 r  clipper_cdf_inst/cdf_wr_data_reg[7]_i_46/CO[3]
                         net (fo=1, routed)           0.000    28.139    clipper_cdf_inst/cdf_wr_data_reg[7]_i_46_n_0
    SLICE_X28Y57         CARRY4 (Prop_carry4_CI_CO[1])
                                                      0.077    28.216 r  clipper_cdf_inst/cdf_wr_data_reg[7]_i_16/CO[1]
                         net (fo=20, routed)          0.468    28.684    clipper_cdf_inst/cdf_wr_data_reg[7]_i_327_0[10]
    SLICE_X29Y54         LUT3 (Prop_lut3_I0_O)        0.122    28.806 r  clipper_cdf_inst/cdf_wr_data[7]_i_241/O
                         net (fo=1, routed)           0.000    28.806    clipper_cdf_inst/cdf_wr_data[7]_i_241_n_0
    SLICE_X29Y54         CARRY4 (Prop_carry4_S[1]_CO[3])
                                                      0.267    29.073 r  clipper_cdf_inst/cdf_wr_data_reg[7]_i_132/CO[3]
                         net (fo=1, routed)           0.000    29.073    clipper_cdf_inst/cdf_wr_data_reg[7]_i_132_n_0
    SLICE_X29Y55         CARRY4 (Prop_carry4_CI_CO[3])
                                                      0.053    29.126 r  clipper_cdf_inst/cdf_wr_data_reg[7]_i_68/CO[3]
                         net (fo=1, routed)           0.000    29.126    clipper_cdf_inst/cdf_wr_data_reg[7]_i_68_n_0
    SLICE_X29Y56         CARRY4 (Prop_carry4_CI_CO[3])
                                                      0.053    29.179 r  clipper_cdf_inst/cdf_wr_data_reg[7]_i_63/CO[3]
                         net (fo=1, routed)           0.000    29.179    clipper_cdf_inst/cdf_wr_data_reg[7]_i_63_n_0
    SLICE_X29Y57         CARRY4 (Prop_carry4_CI_CO[3])
                                                      0.053    29.232 r  clipper_cdf_inst/cdf_wr_data_reg[7]_i_43/CO[3]
                         net (fo=1, routed)           0.000    29.232    clipper_cdf_inst/cdf_wr_data_reg[7]_i_43_n_0
    SLICE_X29Y58         CARRY4 (Prop_carry4_CI_CO[1])
                                                      0.077    29.309 r  clipper_cdf_inst/cdf_wr_data_reg[7]_i_17/CO[1]
                         net (fo=20, routed)          0.596    29.905    clipper_cdf_inst/cdf_wr_data_reg[7]_i_327_0[9]
    SLICE_X30Y50         LUT3 (Prop_lut3_I0_O)        0.122    30.027 r  clipper_cdf_inst/cdf_wr_data[7]_i_238/O
                         net (fo=1, routed)           0.000    30.027    clipper_cdf_inst/cdf_wr_data[7]_i_238_n_0
    SLICE_X30Y50         CARRY4 (Prop_carry4_S[1]_CO[3])
                                                      0.256    30.283 r  clipper_cdf_inst/cdf_wr_data_reg[7]_i_127/CO[3]
                         net (fo=1, routed)           0.000    30.283    clipper_cdf_inst/cdf_wr_data_reg[7]_i_127_n_0
    SLICE_X30Y51         CARRY4 (Prop_carry4_CI_CO[3])
                                                      0.054    30.337 r  clipper_cdf_inst/cdf_wr_data_reg[7]_i_58/CO[3]
                         net (fo=1, routed)           0.000    30.337    clipper_cdf_inst/cdf_wr_data_reg[7]_i_58_n_0
    SLICE_X30Y52         CARRY4 (Prop_carry4_CI_CO[3])
                                                      0.054    30.391 r  clipper_cdf_inst/cdf_wr_data_reg[7]_i_28/CO[3]
                         net (fo=1, routed)           0.000    30.391    clipper_cdf_inst/cdf_wr_data_reg[7]_i_28_n_0
    SLICE_X30Y53         CARRY4 (Prop_carry4_CI_CO[3])
                                                      0.054    30.445 r  clipper_cdf_inst/cdf_wr_data_reg[7]_i_25/CO[3]
                         net (fo=1, routed)           0.000    30.445    clipper_cdf_inst/cdf_wr_data_reg[7]_i_25_n_0
    SLICE_X30Y54         CARRY4 (Prop_carry4_CI_CO[1])
                                                      0.076    30.521 r  clipper_cdf_inst/cdf_wr_data_reg[7]_i_15/CO[1]
                         net (fo=20, routed)          0.479    31.000    clipper_cdf_inst/cdf_wr_data_reg[7]_i_327_0[8]
    SLICE_X31Y51         LUT3 (Prop_lut3_I0_O)        0.124    31.124 r  clipper_cdf_inst/cdf_wr_data[7]_i_235/O
                         net (fo=1, routed)           0.000    31.124    clipper_cdf_inst/cdf_wr_data[7]_i_235_n_0
    SLICE_X31Y51         CARRY4 (Prop_carry4_S[1]_CO[3])
                                                      0.267    31.391 r  clipper_cdf_inst/cdf_wr_data_reg[7]_i_122/CO[3]
                         net (fo=1, routed)           0.000    31.391    clipper_cdf_inst/cdf_wr_data_reg[7]_i_122_n_0
    SLICE_X31Y52         CARRY4 (Prop_carry4_CI_CO[3])
                                                      0.053    31.444 r  clipper_cdf_inst/cdf_wr_data_reg[7]_i_53/CO[3]
                         net (fo=1, routed)           0.000    31.444    clipper_cdf_inst/cdf_wr_data_reg[7]_i_53_n_0
    SLICE_X31Y53         CARRY4 (Prop_carry4_CI_CO[3])
                                                      0.053    31.497 r  clipper_cdf_inst/cdf_wr_data_reg[7]_i_20/CO[3]
                         net (fo=1, routed)           0.000    31.497    clipper_cdf_inst/cdf_wr_data_reg[7]_i_20_n_0
    SLICE_X31Y54         CARRY4 (Prop_carry4_CI_CO[3])
                                                      0.053    31.550 r  clipper_cdf_inst/cdf_wr_data_reg[7]_i_10/CO[3]
                         net (fo=1, routed)           0.000    31.550    clipper_cdf_inst/cdf_wr_data_reg[7]_i_10_n_0
    SLICE_X31Y55         CARRY4 (Prop_carry4_CI_CO[1])
                                                      0.077    31.627 r  clipper_cdf_inst/cdf_wr_data_reg[7]_i_9/CO[1]
                         net (fo=20, routed)          0.320    31.948    clipper_cdf_inst/cdf_wr_data_reg[7]_i_327_0[7]
    SLICE_X32Y54         CARRY4 (Prop_carry4_CYINIT_CO[3])
                                                      0.376    32.324 r  clipper_cdf_inst/cdf_wr_data_reg[7]_i_121/CO[3]
                         net (fo=1, routed)           0.000    32.324    clipper_cdf_inst/cdf_wr_data_reg[7]_i_121_n_0
    SLICE_X32Y55         CARRY4 (Prop_carry4_CI_CO[3])
                                                      0.054    32.378 r  clipper_cdf_inst/cdf_wr_data_reg[7]_i_52/CO[3]
                         net (fo=1, routed)           0.000    32.378    clipper_cdf_inst/cdf_wr_data_reg[7]_i_52_n_0
    SLICE_X32Y56         CARRY4 (Prop_carry4_CI_CO[3])
                                                      0.054    32.432 r  clipper_cdf_inst/cdf_wr_data_reg[7]_i_19/CO[3]
                         net (fo=1, routed)           0.000    32.432    clipper_cdf_inst/cdf_wr_data_reg[7]_i_19_n_0
    SLICE_X32Y57         CARRY4 (Prop_carry4_CI_CO[3])
                                                      0.054    32.486 r  clipper_cdf_inst/cdf_wr_data_reg[7]_i_8/CO[3]
                         net (fo=1, routed)           0.000    32.486    clipper_cdf_inst/cdf_wr_data_reg[7]_i_8_n_0
    SLICE_X32Y58         CARRY4 (Prop_carry4_CI_CO[1])
                                                      0.076    32.562 r  clipper_cdf_inst/cdf_wr_data_reg[7]_i_4/CO[1]
                         net (fo=20, routed)          0.285    32.846    clipper_cdf_inst/cdf_wr_data_reg[7]_i_327_0[6]
    SLICE_X31Y57         LUT3 (Prop_lut3_I1_O)        0.129    32.975 r  clipper_cdf_inst/cdf_wr_data[7]_i_2/O
                         net (fo=1, routed)           0.000    32.975    clipper_cdf_inst/norm_saturated[7]
    SLICE_X31Y57         FDCE                                         r  clipper_cdf_inst/cdf_wr_data_reg[7]/D
  -------------------------------------------------------------------    -------------------

                         (clock pclk rise edge)      13.500    13.500 r  
    AU28                                              0.000    13.500 r  pclk (IN)
                         net (fo=0)                   0.000    13.500    pclk
    AU28                 IBUF (Prop_ibuf_I_O)         0.521    14.021 r  pclk_IBUF_inst/O
                         net (fo=1, routed)           2.145    16.166    pclk_IBUF
    BUFGCTRL_X0Y0        BUFG (Prop_bufg_I_O)         0.083    16.249 r  pclk_IBUF_BUFG_inst/O
                         net (fo=916, routed)         1.773    18.022    clipper_cdf_inst/pclk_IBUF_BUFG
    SLICE_X31Y57         FDCE                                         r  clipper_cdf_inst/cdf_wr_data_reg[7]/C
                         clock pessimism              0.262    18.285    
                         clock uncertainty           -0.035    18.249    
    SLICE_X31Y57         FDCE (Setup_fdce_C_D)        0.058    18.307    clipper_cdf_inst/cdf_wr_data_reg[7]
  -------------------------------------------------------------------
                         required time                         18.307    
                         arrival time                         -32.975    
  -------------------------------------------------------------------
                         slack                                -14.668    

Slack (VIOLATED) :        -0.016ns  (required time - arrival time)
  Source:                 clipper_cdf_inst/cdf_wr_en_reg/C
                            (rising edge-triggered cell FDCE clocked by pclk  {rise@0.000ns fall@6.750ns period=13.500ns})
  Destination:            clipper_cdf_inst/FSM_sequential_state_reg[0]/D
                            (rising edge-triggered cell FDCE clocked by pclk  {rise@0.000ns fall@6.750ns period=13.500ns})
  Path Group:             pclk
  Path Type:              Setup (Max at Slow Process Corner)
  Requirement:            13.500ns  (pclk rise@13.500ns - pclk rise@0.000ns)
  Data Path Delay:        13.459ns  (logic 1.172ns (8.708%)  route 12.287ns (91.292%))
  Logic Levels:           11  (CARRY4=2 LUT3=1 LUT6=6 MUXF7=1 MUXF8=1)
  Clock Path Skew:        -0.056ns (DCD - SCD + CPR)
    Destination Clock Delay (DCD):    4.686ns = ( 18.186 - 13.500 ) 
    Source Clock Delay      (SCD):    5.080ns
    Clock Pessimism Removal (CPR):    0.337ns
  Clock Uncertainty:      0.035ns  ((TSJ^2 + TIJ^2)^1/2 + DJ) / 2 + PE
    Total System Jitter     (TSJ):    0.071ns
    Total Input Jitter      (TIJ):    0.000ns
    Discrete Jitter          (DJ):    0.000ns
    Phase Error              (PE):    0.000ns

    Location             Delay type                Incr(ns)  Path(ns)    Netlist Resource(s)
  -------------------------------------------------------------------    -------------------
                         (clock pclk rise edge)       0.000     0.000 r  
    AU28                                              0.000     0.000 r  pclk (IN)
                         net (fo=0)                   0.000     0.000    pclk
    AU28                 IBUF (Prop_ibuf_I_O)         0.628     0.628 r  pclk_IBUF_inst/O
                         net (fo=1, routed)           2.272     2.900    pclk_IBUF
    BUFGCTRL_X0Y0        BUFG (Prop_bufg_I_O)         0.093     2.993 r  pclk_IBUF_BUFG_inst/O
                         net (fo=916, routed)         2.087     5.080    clipper_cdf_inst/pclk_IBUF_BUFG
    SLICE_X34Y40         FDCE                                         r  clipper_cdf_inst/cdf_wr_en_reg/C
  -------------------------------------------------------------------    -------------------
    SLICE_X34Y40         FDCE (Prop_fdce_C_Q)         0.236     5.316 r  clipper_cdf_inst/cdf_wr_en_reg/Q
                         net (fo=158, routed)         0.465     5.780    clipper_cdf_inst/cdf_wr_en
    SLICE_X40Y33         LUT3 (Prop_lut3_I2_O)        0.123     5.903 r  clipper_cdf_inst/ram_reg_i_52/O
                         net (fo=768, routed)         7.411    13.315    ram_64tiles_inst/gen_ram_b[3].ram_b_inst/cdf_tile_idx[1]
    SLICE_X99Y15         LUT6 (Prop_lut6_I2_O)        0.043    13.358 r  ram_64tiles_inst/gen_ram_b[3].ram_b_inst/hist_buf_dina_r[2]_i_40/O
                         net (fo=1, routed)           0.000    13.358    ram_64tiles_inst/gen_ram_b[3].ram_b_inst/hist_buf_dina_r[2]_i_40_n_0
    SLICE_X99Y15         MUXF7 (Prop_muxf7_I0_O)      0.120    13.478 r  ram_64tiles_inst/gen_ram_b[3].ram_b_inst/hist_buf_dina_r_reg[2]_i_18/O
                         net (fo=1, routed)           0.000    13.478    ram_64tiles_inst/gen_ram_b[3].ram_b_inst/hist_buf_dina_r_reg[2]_i_18_n_0
    SLICE_X99Y15         MUXF8 (Prop_muxf8_I0_O)      0.045    13.523 r  ram_64tiles_inst/gen_ram_b[3].ram_b_inst/hist_buf_dina_r_reg[2]_i_7/O
                         net (fo=1, routed)           1.104    14.626    ram_64tiles_inst/gen_ram_b[51].ram_b_inst/hist_buf_dina_r_reg[2]_1
    SLICE_X63Y22         LUT6 (Prop_lut6_I5_O)        0.126    14.752 r  ram_64tiles_inst/gen_ram_b[51].ram_b_inst/hist_buf_dina_r[2]_i_2/O
                         net (fo=5, routed)           1.697    16.449    ram_64tiles_inst/gen_ram_b[51].ram_b_inst/hist_buf_dina_r[2]_i_2_n_0
    SLICE_X35Y30         LUT6 (Prop_lut6_I0_O)        0.043    16.492 r  ram_64tiles_inst/gen_ram_b[51].ram_b_inst/excess_total[16]_i_20/O
                         net (fo=1, routed)           0.360    16.853    ram_64tiles_inst/gen_ram_b[51].ram_b_inst/excess_total[16]_i_20_n_0
    SLICE_X34Y30         CARRY4 (Prop_carry4_DI[1]_CO[3])
                                                      0.253    17.106 r  ram_64tiles_inst/gen_ram_b[51].ram_b_inst/excess_total_reg[16]_i_8/CO[3]
                         net (fo=1, routed)           0.000    17.106    ram_64tiles_inst/gen_ram_b[51].ram_b_inst/excess_total_reg[16]_i_8_n_0
    SLICE_X34Y31         CARRY4 (Prop_carry4_CI_CO[3])
                                                      0.054    17.160 f  ram_64tiles_inst/gen_ram_b[51].ram_b_inst/excess_total_reg[16]_i_4/CO[3]
                         net (fo=18, routed)          0.568    17.727    clipper_cdf_inst/CO[0]
    SLICE_X36Y34         LUT6 (Prop_lut6_I4_O)        0.043    17.770 r  clipper_cdf_inst/FSM_sequential_state[0]_i_6/O
                         net (fo=1, routed)           0.363    18.133    clipper_cdf_inst/FSM_sequential_state[0]_i_6_n_0
    SLICE_X36Y34         LUT6 (Prop_lut6_I4_O)        0.043    18.176 r  clipper_cdf_inst/FSM_sequential_state[0]_i_3/O
                         net (fo=1, routed)           0.320    18.496    clipper_cdf_inst/FSM_sequential_state[0]_i_3_n_0
    SLICE_X38Y34         LUT6 (Prop_lut6_I3_O)        0.043    18.539 r  clipper_cdf_inst/FSM_sequential_state[0]_i_1/O
                         net (fo=1, routed)           0.000    18.539    clipper_cdf_inst/FSM_sequential_state[0]_i_1_n_0
    SLICE_X38Y34         FDCE                                         r  clipper_cdf_inst/FSM_sequential_state_reg[0]/D
  -------------------------------------------------------------------    -------------------

                         (clock pclk rise edge)      13.500    13.500 r  
    AU28                                              0.000    13.500 r  pclk (IN)
                         net (fo=0)                   0.000    13.500    pclk
    AU28                 IBUF (Prop_ibuf_I_O)         0.521    14.021 r  pclk_IBUF_inst/O
                         net (fo=1, routed)           2.145    16.166    pclk_IBUF
    BUFGCTRL_X0Y0        BUFG (Prop_bufg_I_O)         0.083    16.249 r  pclk_IBUF_BUFG_inst/O
                         net (fo=916, routed)         1.937    18.186    clipper_cdf_inst/pclk_IBUF_BUFG
    SLICE_X38Y34         FDCE                                         r  clipper_cdf_inst/FSM_sequential_state_reg[0]/C
                         clock pessimism              0.337    18.524    
                         clock uncertainty           -0.035    18.488    
    SLICE_X38Y34         FDCE (Setup_fdce_C_D)        0.034    18.522    clipper_cdf_inst/FSM_sequential_state_reg[0]
  -------------------------------------------------------------------
                         required time                         18.522    
                         arrival time                         -18.539    
  -------------------------------------------------------------------
                         slack                                 -0.016    

Slack (MET) :             0.049ns  (required time - arrival time)
  Source:                 clipper_cdf_inst/cdf_wr_en_reg/C
                            (rising edge-triggered cell FDCE clocked by pclk  {rise@0.000ns fall@6.750ns period=13.500ns})
  Destination:            clipper_cdf_inst/hist_buf_dina_r_reg[12]/D
                            (rising edge-triggered cell FDCE clocked by pclk  {rise@0.000ns fall@6.750ns period=13.500ns})
  Path Group:             pclk
  Path Type:              Setup (Max at Slow Process Corner)
  Requirement:            13.500ns  (pclk rise@13.500ns - pclk rise@0.000ns)
  Data Path Delay:        13.288ns  (logic 1.090ns (8.203%)  route 12.198ns (91.797%))
  Logic Levels:           9  (CARRY4=2 LUT3=1 LUT4=1 LUT6=3 MUXF7=1 MUXF8=1)
  Clock Path Skew:        -0.054ns (DCD - SCD + CPR)
    Destination Clock Delay (DCD):    4.688ns = ( 18.188 - 13.500 ) 
    Source Clock Delay      (SCD):    5.080ns
    Clock Pessimism Removal (CPR):    0.337ns
  Clock Uncertainty:      0.035ns  ((TSJ^2 + TIJ^2)^1/2 + DJ) / 2 + PE
    Total System Jitter     (TSJ):    0.071ns
    Total Input Jitter      (TIJ):    0.000ns
    Discrete Jitter          (DJ):    0.000ns
    Phase Error              (PE):    0.000ns

    Location             Delay type                Incr(ns)  Path(ns)    Netlist Resource(s)
  -------------------------------------------------------------------    -------------------
                         (clock pclk rise edge)       0.000     0.000 r  
    AU28                                              0.000     0.000 r  pclk (IN)
                         net (fo=0)                   0.000     0.000    pclk
    AU28                 IBUF (Prop_ibuf_I_O)         0.628     0.628 r  pclk_IBUF_inst/O
                         net (fo=1, routed)           2.272     2.900    pclk_IBUF
    BUFGCTRL_X0Y0        BUFG (Prop_bufg_I_O)         0.093     2.993 r  pclk_IBUF_BUFG_inst/O
                         net (fo=916, routed)         2.087     5.080    clipper_cdf_inst/pclk_IBUF_BUFG
    SLICE_X34Y40         FDCE                                         r  clipper_cdf_inst/cdf_wr_en_reg/C
  -------------------------------------------------------------------    -------------------
    SLICE_X34Y40         FDCE (Prop_fdce_C_Q)         0.236     5.316 r  clipper_cdf_inst/cdf_wr_en_reg/Q
                         net (fo=158, routed)         0.465     5.780    clipper_cdf_inst/cdf_wr_en
    SLICE_X40Y33         LUT3 (Prop_lut3_I2_O)        0.123     5.903 r  clipper_cdf_inst/ram_reg_i_52/O
                         net (fo=768, routed)         7.411    13.315    ram_64tiles_inst/gen_ram_b[3].ram_b_inst/cdf_tile_idx[1]
    SLICE_X99Y15         LUT6 (Prop_lut6_I2_O)        0.043    13.358 r  ram_64tiles_inst/gen_ram_b[3].ram_b_inst/hist_buf_dina_r[2]_i_40/O
                         net (fo=1, routed)           0.000    13.358    ram_64tiles_inst/gen_ram_b[3].ram_b_inst/hist_buf_dina_r[2]_i_40_n_0
    SLICE_X99Y15         MUXF7 (Prop_muxf7_I0_O)      0.120    13.478 r  ram_64tiles_inst/gen_ram_b[3].ram_b_inst/hist_buf_dina_r_reg[2]_i_18/O
                         net (fo=1, routed)           0.000    13.478    ram_64tiles_inst/gen_ram_b[3].ram_b_inst/hist_buf_dina_r_reg[2]_i_18_n_0
    SLICE_X99Y15         MUXF8 (Prop_muxf8_I0_O)      0.045    13.523 r  ram_64tiles_inst/gen_ram_b[3].ram_b_inst/hist_buf_dina_r_reg[2]_i_7/O
                         net (fo=1, routed)           1.104    14.626    ram_64tiles_inst/gen_ram_b[51].ram_b_inst/hist_buf_dina_r_reg[2]_1
    SLICE_X63Y22         LUT6 (Prop_lut6_I5_O)        0.126    14.752 r  ram_64tiles_inst/gen_ram_b[51].ram_b_inst/hist_buf_dina_r[2]_i_2/O
                         net (fo=5, routed)           1.697    16.449    ram_64tiles_inst/gen_ram_b[51].ram_b_inst/hist_buf_dina_r[2]_i_2_n_0
    SLICE_X35Y30         LUT6 (Prop_lut6_I0_O)        0.043    16.492 r  ram_64tiles_inst/gen_ram_b[51].ram_b_inst/excess_total[16]_i_20/O
                         net (fo=1, routed)           0.360    16.853    ram_64tiles_inst/gen_ram_b[51].ram_b_inst/excess_total[16]_i_20_n_0
    SLICE_X34Y30         CARRY4 (Prop_carry4_DI[1]_CO[3])
                                                      0.253    17.106 r  ram_64tiles_inst/gen_ram_b[51].ram_b_inst/excess_total_reg[16]_i_8/CO[3]
                         net (fo=1, routed)           0.000    17.106    ram_64tiles_inst/gen_ram_b[51].ram_b_inst/excess_total_reg[16]_i_8_n_0
    SLICE_X34Y31         CARRY4 (Prop_carry4_CI_CO[3])
                                                      0.054    17.160 f  ram_64tiles_inst/gen_ram_b[51].ram_b_inst/excess_total_reg[16]_i_4/CO[3]
                         net (fo=18, routed)          0.637    17.796    ram_64tiles_inst/gen_ram_b[51].ram_b_inst/CO[0]
    SLICE_X36Y30         LUT4 (Prop_lut4_I3_O)        0.047    17.843 r  ram_64tiles_inst/gen_ram_b[51].ram_b_inst/hist_buf_dina_r[12]_i_1/O
                         net (fo=1, routed)           0.525    18.368    clipper_cdf_inst/D[12]
    SLICE_X36Y36         FDCE                                         r  clipper_cdf_inst/hist_buf_dina_r_reg[12]/D
  -------------------------------------------------------------------    -------------------

                         (clock pclk rise edge)      13.500    13.500 r  
    AU28                                              0.000    13.500 r  pclk (IN)
                         net (fo=0)                   0.000    13.500    pclk
    AU28                 IBUF (Prop_ibuf_I_O)         0.521    14.021 r  pclk_IBUF_inst/O
                         net (fo=1, routed)           2.145    16.166    pclk_IBUF
    BUFGCTRL_X0Y0        BUFG (Prop_bufg_I_O)         0.083    16.249 r  pclk_IBUF_BUFG_inst/O
                         net (fo=916, routed)         1.939    18.188    clipper_cdf_inst/pclk_IBUF_BUFG
    SLICE_X36Y36         FDCE                                         r  clipper_cdf_inst/hist_buf_dina_r_reg[12]/C
                         clock pessimism              0.337    18.526    
                         clock uncertainty           -0.035    18.490    
    SLICE_X36Y36         FDCE (Setup_fdce_C_D)       -0.073    18.417    clipper_cdf_inst/hist_buf_dina_r_reg[12]
  -------------------------------------------------------------------
                         required time                         18.417    
                         arrival time                         -18.368    
  -------------------------------------------------------------------
                         slack                                  0.049    





Min Delay Paths
--------------------------------------------------------------------------------------
Slack (MET) :             0.094ns  (arrival time - required time)
  Source:                 clipper_cdf_inst/hist_buf_enb_r_reg/C
                            (rising edge-triggered cell FDCE clocked by pclk  {rise@0.000ns fall@6.750ns period=13.500ns})
  Destination:            clipper_cdf_inst/hist_buf_ram_inst/ram_reg/ENBWREN
                            (rising edge-triggered cell RAMB18E1 clocked by pclk  {rise@0.000ns fall@6.750ns period=13.500ns})
  Path Group:             pclk
  Path Type:              Hold (Min at Fast Process Corner)
  Requirement:            0.000ns  (pclk rise@0.000ns - pclk rise@0.000ns)
  Data Path Delay:        0.285ns  (logic 0.100ns (35.130%)  route 0.185ns (64.870%))
  Logic Levels:           0  
  Clock Path Skew:        0.095ns (DCD - SCD - CPR)
    Destination Clock Delay (DCD):    2.670ns
    Source Clock Delay      (SCD):    2.085ns
    Clock Pessimism Removal (CPR):    0.490ns

    Location             Delay type                Incr(ns)  Path(ns)    Netlist Resource(s)
  -------------------------------------------------------------------    -------------------
                         (clock pclk rise edge)       0.000     0.000 r  
    AU28                                              0.000     0.000 r  pclk (IN)
                         net (fo=0)                   0.000     0.000    pclk
    AU28                 IBUF (Prop_ibuf_I_O)         0.134     0.134 r  pclk_IBUF_inst/O
                         net (fo=1, routed)           1.067     1.201    pclk_IBUF
    BUFGCTRL_X0Y0        BUFG (Prop_bufg_I_O)         0.026     1.227 r  pclk_IBUF_BUFG_inst/O
                         net (fo=916, routed)         0.858     2.085    clipper_cdf_inst/pclk_IBUF_BUFG
    SLICE_X33Y37         FDCE                                         r  clipper_cdf_inst/hist_buf_enb_r_reg/C
  -------------------------------------------------------------------    -------------------
    SLICE_X33Y37         FDCE (Prop_fdce_C_Q)         0.100     2.185 r  clipper_cdf_inst/hist_buf_enb_r_reg/Q
                         net (fo=4, routed)           0.185     2.370    clipper_cdf_inst/hist_buf_ram_inst/WEBWE[0]
    RAMB18_X2Y15         RAMB18E1                                     r  clipper_cdf_inst/hist_buf_ram_inst/ram_reg/ENBWREN
  -------------------------------------------------------------------    -------------------

                         (clock pclk rise edge)       0.000     0.000 r  
    AU28                                              0.000     0.000 r  pclk (IN)
                         net (fo=0)                   0.000     0.000    pclk
    AU28                 IBUF (Prop_ibuf_I_O)         0.301     0.301 r  pclk_IBUF_inst/O
                         net (fo=1, routed)           1.139     1.440    pclk_IBUF
    BUFGCTRL_X0Y0        BUFG (Prop_bufg_I_O)         0.030     1.470 r  pclk_IBUF_BUFG_inst/O
                         net (fo=916, routed)         1.201     2.670    clipper_cdf_inst/hist_buf_ram_inst/pclk_IBUF_BUFG
    RAMB18_X2Y15         RAMB18E1                                     r  clipper_cdf_inst/hist_buf_ram_inst/ram_reg/CLKBWRCLK
                         clock pessimism             -0.490     2.180    
    RAMB18_X2Y15         RAMB18E1 (Hold_ramb18e1_CLKBWRCLK_ENBWREN)
                                                      0.096     2.276    clipper_cdf_inst/hist_buf_ram_inst/ram_reg
  -------------------------------------------------------------------
                         required time                         -2.276    
                         arrival time                           2.370    
  -------------------------------------------------------------------
                         slack                                  0.094    

Slack (MET) :             0.098ns  (arrival time - required time)
  Source:                 mapping_inst/interp_top_reg[7]/C
                            (rising edge-triggered cell FDCE clocked by pclk  {rise@0.000ns fall@6.750ns period=13.500ns})
  Destination:            mapping_inst/final_interp_reg[23]/D
                            (rising edge-triggered cell FDCE clocked by pclk  {rise@0.000ns fall@6.750ns period=13.500ns})
  Path Group:             pclk
  Path Type:              Hold (Min at Fast Process Corner)
  Requirement:            0.000ns  (pclk rise@0.000ns - pclk rise@0.000ns)
  Data Path Delay:        0.302ns  (logic 0.128ns (42.425%)  route 0.174ns (57.575%))
  Logic Levels:           1  (LUT5=1)
  Clock Path Skew:        0.143ns (DCD - SCD - CPR)
    Destination Clock Delay (DCD):    2.542ns
    Source Clock Delay      (SCD):    2.088ns
    Clock Pessimism Removal (CPR):    0.310ns

    Location             Delay type                Incr(ns)  Path(ns)    Netlist Resource(s)
  -------------------------------------------------------------------    -------------------
                         (clock pclk rise edge)       0.000     0.000 r  
    AU28                                              0.000     0.000 r  pclk (IN)
                         net (fo=0)                   0.000     0.000    pclk
    AU28                 IBUF (Prop_ibuf_I_O)         0.134     0.134 r  pclk_IBUF_inst/O
                         net (fo=1, routed)           1.067     1.201    pclk_IBUF
    BUFGCTRL_X0Y0        BUFG (Prop_bufg_I_O)         0.026     1.227 r  pclk_IBUF_BUFG_inst/O
                         net (fo=916, routed)         0.861     2.088    mapping_inst/pclk_IBUF_BUFG
    SLICE_X38Y48         FDCE                                         r  mapping_inst/interp_top_reg[7]/C
  -------------------------------------------------------------------    -------------------
    SLICE_X38Y48         FDCE (Prop_fdce_C_Q)         0.100     2.188 r  mapping_inst/interp_top_reg[7]/Q
                         net (fo=2, routed)           0.174     2.362    mapping_inst/interp_top[7]
    SLICE_X39Y50         LUT5 (Prop_lut5_I2_O)        0.028     2.390 r  mapping_inst/final_interp[23]_i_1/O
                         net (fo=1, routed)           0.000     2.390    mapping_inst/final_interp[23]_i_1_n_0
    SLICE_X39Y50         FDCE                                         r  mapping_inst/final_interp_reg[23]/D
  -------------------------------------------------------------------    -------------------

                         (clock pclk rise edge)       0.000     0.000 r  
    AU28                                              0.000     0.000 r  pclk (IN)
                         net (fo=0)                   0.000     0.000    pclk
    AU28                 IBUF (Prop_ibuf_I_O)         0.301     0.301 r  pclk_IBUF_inst/O
                         net (fo=1, routed)           1.139     1.440    pclk_IBUF
    BUFGCTRL_X0Y0        BUFG (Prop_bufg_I_O)         0.030     1.470 r  pclk_IBUF_BUFG_inst/O
                         net (fo=916, routed)         1.072     2.542    mapping_inst/pclk_IBUF_BUFG
    SLICE_X39Y50         FDCE                                         r  mapping_inst/final_interp_reg[23]/C
                         clock pessimism             -0.310     2.231    
    SLICE_X39Y50         FDCE (Hold_fdce_C_D)         0.061     2.292    mapping_inst/final_interp_reg[23]
  -------------------------------------------------------------------
                         required time                         -2.292    
                         arrival time                           2.390    
  -------------------------------------------------------------------
                         slack                                  0.098    

Slack (MET) :             0.103ns  (arrival time - required time)
  Source:                 mapping_inst/interp_d2_reg/C
                            (rising edge-triggered cell FDCE clocked by pclk  {rise@0.000ns fall@6.750ns period=13.500ns})
  Destination:            mapping_inst/interp_top_reg[4]/D
                            (rising edge-triggered cell FDCE clocked by pclk  {rise@0.000ns fall@6.750ns period=13.500ns})
  Path Group:             pclk
  Path Type:              Hold (Min at Fast Process Corner)
  Requirement:            0.000ns  (pclk rise@0.000ns - pclk rise@0.000ns)
  Data Path Delay:        0.445ns  (logic 0.148ns (33.243%)  route 0.297ns (66.757%))
  Logic Levels:           1  (LUT3=1)
  Clock Path Skew:        0.267ns (DCD - SCD - CPR)
    Destination Clock Delay (DCD):    2.614ns
    Source Clock Delay      (SCD):    2.036ns
    Clock Pessimism Removal (CPR):    0.310ns

    Location             Delay type                Incr(ns)  Path(ns)    Netlist Resource(s)
  -------------------------------------------------------------------    -------------------
                         (clock pclk rise edge)       0.000     0.000 r  
    AU28                                              0.000     0.000 r  pclk (IN)
                         net (fo=0)                   0.000     0.000    pclk
    AU28                 IBUF (Prop_ibuf_I_O)         0.134     0.134 r  pclk_IBUF_inst/O
                         net (fo=1, routed)           1.067     1.201    pclk_IBUF
    BUFGCTRL_X0Y0        BUFG (Prop_bufg_I_O)         0.026     1.227 r  pclk_IBUF_BUFG_inst/O
                         net (fo=916, routed)         0.809     2.036    mapping_inst/pclk_IBUF_BUFG
    SLICE_X42Y50         FDCE                                         r  mapping_inst/interp_d2_reg/C
  -------------------------------------------------------------------    -------------------
    SLICE_X42Y50         FDCE (Prop_fdce_C_Q)         0.118     2.154 r  mapping_inst/interp_d2_reg/Q
                         net (fo=33, routed)          0.297     2.451    mapping_inst/interp_d2
    SLICE_X39Y47         LUT3 (Prop_lut3_I1_O)        0.030     2.481 r  mapping_inst/interp_top[4]_i_1/O
                         net (fo=1, routed)           0.000     2.481    mapping_inst/interp_top[4]_i_1_n_0
    SLICE_X39Y47         FDCE                                         r  mapping_inst/interp_top_reg[4]/D
  -------------------------------------------------------------------    -------------------

                         (clock pclk rise edge)       0.000     0.000 r  
    AU28                                              0.000     0.000 r  pclk (IN)
                         net (fo=0)                   0.000     0.000    pclk
    AU28                 IBUF (Prop_ibuf_I_O)         0.301     0.301 r  pclk_IBUF_inst/O
                         net (fo=1, routed)           1.139     1.440    pclk_IBUF
    BUFGCTRL_X0Y0        BUFG (Prop_bufg_I_O)         0.030     1.470 r  pclk_IBUF_BUFG_inst/O
                         net (fo=916, routed)         1.144     2.614    mapping_inst/pclk_IBUF_BUFG
    SLICE_X39Y47         FDCE                                         r  mapping_inst/interp_top_reg[4]/C
                         clock pessimism             -0.310     2.303    
    SLICE_X39Y47         FDCE (Hold_fdce_C_D)         0.075     2.378    mapping_inst/interp_top_reg[4]
  -------------------------------------------------------------------
                         required time                         -2.378    
                         arrival time                           2.481    
  -------------------------------------------------------------------
                         slack                                  0.103    

Slack (MET) :             0.110ns  (arrival time - required time)
  Source:                 coord_counter_inst/x_cnt_reg[1]/C
                            (rising edge-triggered cell FDCE clocked by pclk  {rise@0.000ns fall@6.750ns period=13.500ns})
  Destination:            mapping_inst/wx_d1_reg/ADDRARDADDR[5]
                            (rising edge-triggered cell RAMB18E1 clocked by pclk  {rise@0.000ns fall@6.750ns period=13.500ns})
  Path Group:             pclk
  Path Type:              Hold (Min at Fast Process Corner)
  Requirement:            0.000ns  (pclk rise@0.000ns - pclk rise@0.000ns)
  Data Path Delay:        0.298ns  (logic 0.091ns (30.510%)  route 0.207ns (69.490%))
  Logic Levels:           0  
  Clock Path Skew:        0.044ns (DCD - SCD - CPR)
    Destination Clock Delay (DCD):    2.568ns
    Source Clock Delay      (SCD):    2.033ns
    Clock Pessimism Removal (CPR):    0.491ns

    Location             Delay type                Incr(ns)  Path(ns)    Netlist Resource(s)
  -------------------------------------------------------------------    -------------------
                         (clock pclk rise edge)       0.000     0.000 r  
    AU28                                              0.000     0.000 r  pclk (IN)
                         net (fo=0)                   0.000     0.000    pclk
    AU28                 IBUF (Prop_ibuf_I_O)         0.134     0.134 r  pclk_IBUF_inst/O
                         net (fo=1, routed)           1.067     1.201    pclk_IBUF
    BUFGCTRL_X0Y0        BUFG (Prop_bufg_I_O)         0.026     1.227 r  pclk_IBUF_BUFG_inst/O
                         net (fo=916, routed)         0.806     2.033    coord_counter_inst/pclk_IBUF_BUFG
    SLICE_X47Y53         FDCE                                         r  coord_counter_inst/x_cnt_reg[1]/C
  -------------------------------------------------------------------    -------------------
    SLICE_X47Y53         FDCE (Prop_fdce_C_Q)         0.091     2.124 r  coord_counter_inst/x_cnt_reg[1]/Q
                         net (fo=8, routed)           0.207     2.332    mapping_inst/sel[1]
    RAMB18_X3Y20         RAMB18E1                                     r  mapping_inst/wx_d1_reg/ADDRARDADDR[5]
  -------------------------------------------------------------------    -------------------

                         (clock pclk rise edge)       0.000     0.000 r  
    AU28                                              0.000     0.000 r  pclk (IN)
                         net (fo=0)                   0.000     0.000    pclk
    AU28                 IBUF (Prop_ibuf_I_O)         0.301     0.301 r  pclk_IBUF_inst/O
                         net (fo=1, routed)           1.139     1.440    pclk_IBUF
    BUFGCTRL_X0Y0        BUFG (Prop_bufg_I_O)         0.030     1.470 r  pclk_IBUF_BUFG_inst/O
                         net (fo=916, routed)         1.099     2.568    mapping_inst/pclk_IBUF_BUFG
    RAMB18_X3Y20         RAMB18E1                                     r  mapping_inst/wx_d1_reg/CLKARDCLK
                         clock pessimism             -0.491     2.077    
    RAMB18_X3Y20         RAMB18E1 (Hold_ramb18e1_CLKARDCLK_ADDRARDADDR[5])
                                                      0.145     2.222    mapping_inst/wx_d1_reg
  -------------------------------------------------------------------
                         required time                         -2.222    
                         arrival time                           2.332    
  -------------------------------------------------------------------
                         slack                                  0.110    

Slack (MET) :             0.111ns  (arrival time - required time)
  Source:                 clipper_cdf_inst/hist_buf_dina_r_reg[13]/C
                            (rising edge-triggered cell FDCE clocked by pclk  {rise@0.000ns fall@6.750ns period=13.500ns})
  Destination:            clipper_cdf_inst/hist_buf_ram_inst/ram_reg/DIADI[13]
                            (rising edge-triggered cell RAMB18E1 clocked by pclk  {rise@0.000ns fall@6.750ns period=13.500ns})
  Path Group:             pclk
  Path Type:              Hold (Min at Fast Process Corner)
  Requirement:            0.000ns  (pclk rise@0.000ns - pclk rise@0.000ns)
  Data Path Delay:        0.365ns  (logic 0.100ns (27.417%)  route 0.265ns (72.583%))
  Logic Levels:           0  
  Clock Path Skew:        0.099ns (DCD - SCD - CPR)
    Destination Clock Delay (DCD):    2.673ns
    Source Clock Delay      (SCD):    2.084ns
    Clock Pessimism Removal (CPR):    0.490ns

    Location             Delay type                Incr(ns)  Path(ns)    Netlist Resource(s)
  -------------------------------------------------------------------    -------------------
                         (clock pclk rise edge)       0.000     0.000 r  
    AU28                                              0.000     0.000 r  pclk (IN)
                         net (fo=0)                   0.000     0.000    pclk
    AU28                 IBUF (Prop_ibuf_I_O)         0.134     0.134 r  pclk_IBUF_inst/O
                         net (fo=1, routed)           1.067     1.201    pclk_IBUF
    BUFGCTRL_X0Y0        BUFG (Prop_bufg_I_O)         0.026     1.227 r  pclk_IBUF_BUFG_inst/O
                         net (fo=916, routed)         0.857     2.084    clipper_cdf_inst/pclk_IBUF_BUFG
    SLICE_X33Y34         FDCE                                         r  clipper_cdf_inst/hist_buf_dina_r_reg[13]/C
  -------------------------------------------------------------------    -------------------
    SLICE_X33Y34         FDCE (Prop_fdce_C_Q)         0.100     2.184 r  clipper_cdf_inst/hist_buf_dina_r_reg[13]/Q
                         net (fo=1, routed)           0.265     2.449    clipper_cdf_inst/hist_buf_ram_inst/ram_reg_3[13]
    RAMB18_X2Y15         RAMB18E1                                     r  clipper_cdf_inst/hist_buf_ram_inst/ram_reg/DIADI[13]
  -------------------------------------------------------------------    -------------------

                         (clock pclk rise edge)       0.000     0.000 r  
    AU28                                              0.000     0.000 r  pclk (IN)
                         net (fo=0)                   0.000     0.000    pclk
    AU28                 IBUF (Prop_ibuf_I_O)         0.301     0.301 r  pclk_IBUF_inst/O
                         net (fo=1, routed)           1.139     1.440    pclk_IBUF
    BUFGCTRL_X0Y0        BUFG (Prop_bufg_I_O)         0.030     1.470 r  pclk_IBUF_BUFG_inst/O
                         net (fo=916, routed)         1.204     2.673    clipper_cdf_inst/hist_buf_ram_inst/pclk_IBUF_BUFG
    RAMB18_X2Y15         RAMB18E1                                     r  clipper_cdf_inst/hist_buf_ram_inst/ram_reg/CLKARDCLK
                         clock pessimism             -0.490     2.183    
    RAMB18_X2Y15         RAMB18E1 (Hold_ramb18e1_CLKARDCLK_DIADI[13])
                                                      0.155     2.338    clipper_cdf_inst/hist_buf_ram_inst/ram_reg
  -------------------------------------------------------------------
                         required time                         -2.338    
                         arrival time                           2.449    
  -------------------------------------------------------------------
                         slack                                  0.111    

Slack (MET) :             0.112ns  (arrival time - required time)
  Source:                 clipper_cdf_inst/hist_buf_dina_r_reg[15]/C
                            (rising edge-triggered cell FDCE clocked by pclk  {rise@0.000ns fall@6.750ns period=13.500ns})
  Destination:            clipper_cdf_inst/hist_buf_ram_inst/ram_reg/DIADI[15]
                            (rising edge-triggered cell RAMB18E1 clocked by pclk  {rise@0.000ns fall@6.750ns period=13.500ns})
  Path Group:             pclk
  Path Type:              Hold (Min at Fast Process Corner)
  Requirement:            0.000ns  (pclk rise@0.000ns - pclk rise@0.000ns)
  Data Path Delay:        0.366ns  (logic 0.100ns (27.359%)  route 0.266ns (72.641%))
  Logic Levels:           0  
  Clock Path Skew:        0.099ns (DCD - SCD - CPR)
    Destination Clock Delay (DCD):    2.673ns
    Source Clock Delay      (SCD):    2.084ns
    Clock Pessimism Removal (CPR):    0.490ns

    Location             Delay type                Incr(ns)  Path(ns)    Netlist Resource(s)
  -------------------------------------------------------------------    -------------------
                         (clock pclk rise edge)       0.000     0.000 r  
    AU28                                              0.000     0.000 r  pclk (IN)
                         net (fo=0)                   0.000     0.000    pclk
    AU28                 IBUF (Prop_ibuf_I_O)         0.134     0.134 r  pclk_IBUF_inst/O
                         net (fo=1, routed)           1.067     1.201    pclk_IBUF
    BUFGCTRL_X0Y0        BUFG (Prop_bufg_I_O)         0.026     1.227 r  pclk_IBUF_BUFG_inst/O
                         net (fo=916, routed)         0.857     2.084    clipper_cdf_inst/pclk_IBUF_BUFG
    SLICE_X33Y34         FDCE                                         r  clipper_cdf_inst/hist_buf_dina_r_reg[15]/C
  -------------------------------------------------------------------    -------------------
    SLICE_X33Y34         FDCE (Prop_fdce_C_Q)         0.100     2.184 r  clipper_cdf_inst/hist_buf_dina_r_reg[15]/Q
                         net (fo=1, routed)           0.266     2.450    clipper_cdf_inst/hist_buf_ram_inst/ram_reg_3[15]
    RAMB18_X2Y15         RAMB18E1                                     r  clipper_cdf_inst/hist_buf_ram_inst/ram_reg/DIADI[15]
  -------------------------------------------------------------------    -------------------

                         (clock pclk rise edge)       0.000     0.000 r  
    AU28                                              0.000     0.000 r  pclk (IN)
                         net (fo=0)                   0.000     0.000    pclk
    AU28                 IBUF (Prop_ibuf_I_O)         0.301     0.301 r  pclk_IBUF_inst/O
                         net (fo=1, routed)           1.139     1.440    pclk_IBUF
    BUFGCTRL_X0Y0        BUFG (Prop_bufg_I_O)         0.030     1.470 r  pclk_IBUF_BUFG_inst/O
                         net (fo=916, routed)         1.204     2.673    clipper_cdf_inst/hist_buf_ram_inst/pclk_IBUF_BUFG
    RAMB18_X2Y15         RAMB18E1                                     r  clipper_cdf_inst/hist_buf_ram_inst/ram_reg/CLKARDCLK
                         clock pessimism             -0.490     2.183    
    RAMB18_X2Y15         RAMB18E1 (Hold_ramb18e1_CLKARDCLK_DIADI[15])
                                                      0.155     2.338    clipper_cdf_inst/hist_buf_ram_inst/ram_reg
  -------------------------------------------------------------------
                         required time                         -2.338    
                         arrival time                           2.450    
  -------------------------------------------------------------------
                         slack                                  0.112    

Slack (MET) :             0.114ns  (arrival time - required time)
  Source:                 clipper_cdf_inst/hist_buf_addrb_r_reg[3]/C
                            (rising edge-triggered cell FDCE clocked by pclk  {rise@0.000ns fall@6.750ns period=13.500ns})
  Destination:            clipper_cdf_inst/hist_buf_ram_inst/ram_reg/ADDRBWRADDR[7]
                            (rising edge-triggered cell RAMB18E1 clocked by pclk  {rise@0.000ns fall@6.750ns period=13.500ns})
  Path Group:             pclk
  Path Type:              Hold (Min at Fast Process Corner)
  Requirement:            0.000ns  (pclk rise@0.000ns - pclk rise@0.000ns)
  Data Path Delay:        0.355ns  (logic 0.107ns (30.177%)  route 0.248ns (69.823%))
  Logic Levels:           0  
  Clock Path Skew:        0.096ns (DCD - SCD - CPR)
    Destination Clock Delay (DCD):    2.670ns
    Source Clock Delay      (SCD):    2.084ns
    Clock Pessimism Removal (CPR):    0.490ns

    Location             Delay type                Incr(ns)  Path(ns)    Netlist Resource(s)
  -------------------------------------------------------------------    -------------------
                         (clock pclk rise edge)       0.000     0.000 r  
    AU28                                              0.000     0.000 r  pclk (IN)
                         net (fo=0)                   0.000     0.000    pclk
    AU28                 IBUF (Prop_ibuf_I_O)         0.134     0.134 r  pclk_IBUF_inst/O
                         net (fo=1, routed)           1.067     1.201    pclk_IBUF
    BUFGCTRL_X0Y0        BUFG (Prop_bufg_I_O)         0.026     1.227 r  pclk_IBUF_BUFG_inst/O
                         net (fo=916, routed)         0.857     2.084    clipper_cdf_inst/pclk_IBUF_BUFG
    SLICE_X32Y35         FDCE                                         r  clipper_cdf_inst/hist_buf_addrb_r_reg[3]/C
  -------------------------------------------------------------------    -------------------
    SLICE_X32Y35         FDCE (Prop_fdce_C_Q)         0.107     2.191 r  clipper_cdf_inst/hist_buf_addrb_r_reg[3]/Q
                         net (fo=1, routed)           0.248     2.439    clipper_cdf_inst/hist_buf_ram_inst/ram_reg_2[3]
    RAMB18_X2Y15         RAMB18E1                                     r  clipper_cdf_inst/hist_buf_ram_inst/ram_reg/ADDRBWRADDR[7]
  -------------------------------------------------------------------    -------------------

                         (clock pclk rise edge)       0.000     0.000 r  
    AU28                                              0.000     0.000 r  pclk (IN)
                         net (fo=0)                   0.000     0.000    pclk
    AU28                 IBUF (Prop_ibuf_I_O)         0.301     0.301 r  pclk_IBUF_inst/O
                         net (fo=1, routed)           1.139     1.440    pclk_IBUF
    BUFGCTRL_X0Y0        BUFG (Prop_bufg_I_O)         0.030     1.470 r  pclk_IBUF_BUFG_inst/O
                         net (fo=916, routed)         1.201     2.670    clipper_cdf_inst/hist_buf_ram_inst/pclk_IBUF_BUFG
    RAMB18_X2Y15         RAMB18E1                                     r  clipper_cdf_inst/hist_buf_ram_inst/ram_reg/CLKBWRCLK
                         clock pessimism             -0.490     2.180    
    RAMB18_X2Y15         RAMB18E1 (Hold_ramb18e1_CLKBWRCLK_ADDRBWRADDR[7])
                                                      0.145     2.325    clipper_cdf_inst/hist_buf_ram_inst/ram_reg
  -------------------------------------------------------------------
                         required time                         -2.325    
                         arrival time                           2.439    
  -------------------------------------------------------------------
                         slack                                  0.114    

Slack (MET) :             0.115ns  (arrival time - required time)
  Source:                 mapping_inst/interp_d2_reg/C
                            (rising edge-triggered cell FDCE clocked by pclk  {rise@0.000ns fall@6.750ns period=13.500ns})
  Destination:            mapping_inst/interp_bottom_reg[4]/D
                            (rising edge-triggered cell FDCE clocked by pclk  {rise@0.000ns fall@6.750ns period=13.500ns})
  Path Group:             pclk
  Path Type:              Hold (Min at Fast Process Corner)
  Requirement:            0.000ns  (pclk rise@0.000ns - pclk rise@0.000ns)
  Data Path Delay:        0.443ns  (logic 0.146ns (32.942%)  route 0.297ns (67.058%))
  Logic Levels:           1  (LUT3=1)
  Clock Path Skew:        0.267ns (DCD - SCD - CPR)
    Destination Clock Delay (DCD):    2.614ns
    Source Clock Delay      (SCD):    2.036ns
    Clock Pessimism Removal (CPR):    0.310ns

    Location             Delay type                Incr(ns)  Path(ns)    Netlist Resource(s)
  -------------------------------------------------------------------    -------------------
                         (clock pclk rise edge)       0.000     0.000 r  
    AU28                                              0.000     0.000 r  pclk (IN)
                         net (fo=0)                   0.000     0.000    pclk
    AU28                 IBUF (Prop_ibuf_I_O)         0.134     0.134 r  pclk_IBUF_inst/O
                         net (fo=1, routed)           1.067     1.201    pclk_IBUF
    BUFGCTRL_X0Y0        BUFG (Prop_bufg_I_O)         0.026     1.227 r  pclk_IBUF_BUFG_inst/O
                         net (fo=916, routed)         0.809     2.036    mapping_inst/pclk_IBUF_BUFG
    SLICE_X42Y50         FDCE                                         r  mapping_inst/interp_d2_reg/C
  -------------------------------------------------------------------    -------------------
    SLICE_X42Y50         FDCE (Prop_fdce_C_Q)         0.118     2.154 r  mapping_inst/interp_d2_reg/Q
                         net (fo=33, routed)          0.297     2.451    mapping_inst/interp_d2
    SLICE_X39Y47         LUT3 (Prop_lut3_I1_O)        0.028     2.479 r  mapping_inst/interp_bottom[4]_i_1/O
                         net (fo=1, routed)           0.000     2.479    mapping_inst/interp_bottom[4]_i_1_n_0
    SLICE_X39Y47         FDCE                                         r  mapping_inst/interp_bottom_reg[4]/D
  -------------------------------------------------------------------    -------------------

                         (clock pclk rise edge)       0.000     0.000 r  
    AU28                                              0.000     0.000 r  pclk (IN)
                         net (fo=0)                   0.000     0.000    pclk
    AU28                 IBUF (Prop_ibuf_I_O)         0.301     0.301 r  pclk_IBUF_inst/O
                         net (fo=1, routed)           1.139     1.440    pclk_IBUF
    BUFGCTRL_X0Y0        BUFG (Prop_bufg_I_O)         0.030     1.470 r  pclk_IBUF_BUFG_inst/O
                         net (fo=916, routed)         1.144     2.614    mapping_inst/pclk_IBUF_BUFG
    SLICE_X39Y47         FDCE                                         r  mapping_inst/interp_bottom_reg[4]/C
                         clock pessimism             -0.310     2.303    
    SLICE_X39Y47         FDCE (Hold_fdce_C_D)         0.061     2.364    mapping_inst/interp_bottom_reg[4]
  -------------------------------------------------------------------
                         required time                         -2.364    
                         arrival time                           2.479    
  -------------------------------------------------------------------
                         slack                                  0.115    

Slack (MET) :             0.120ns  (arrival time - required time)
  Source:                 clipper_cdf_inst/hist_buf_addrb_r_reg[2]/C
                            (rising edge-triggered cell FDCE clocked by pclk  {rise@0.000ns fall@6.750ns period=13.500ns})
  Destination:            clipper_cdf_inst/hist_buf_ram_inst/ram_reg/ADDRBWRADDR[6]
                            (rising edge-triggered cell RAMB18E1 clocked by pclk  {rise@0.000ns fall@6.750ns period=13.500ns})
  Path Group:             pclk
  Path Type:              Hold (Min at Fast Process Corner)
  Requirement:            0.000ns  (pclk rise@0.000ns - pclk rise@0.000ns)
  Data Path Delay:        0.399ns  (logic 0.118ns (29.571%)  route 0.281ns (70.429%))
  Logic Levels:           0  
  Clock Path Skew:        0.096ns (DCD - SCD - CPR)
    Destination Clock Delay (DCD):    2.670ns
    Source Clock Delay      (SCD):    2.084ns
    Clock Pessimism Removal (CPR):    0.490ns

    Location             Delay type                Incr(ns)  Path(ns)    Netlist Resource(s)
  -------------------------------------------------------------------    -------------------
                         (clock pclk rise edge)       0.000     0.000 r  
    AU28                                              0.000     0.000 r  pclk (IN)
                         net (fo=0)                   0.000     0.000    pclk
    AU28                 IBUF (Prop_ibuf_I_O)         0.134     0.134 r  pclk_IBUF_inst/O
                         net (fo=1, routed)           1.067     1.201    pclk_IBUF
    BUFGCTRL_X0Y0        BUFG (Prop_bufg_I_O)         0.026     1.227 r  pclk_IBUF_BUFG_inst/O
                         net (fo=916, routed)         0.857     2.084    clipper_cdf_inst/pclk_IBUF_BUFG
    SLICE_X32Y35         FDCE                                         r  clipper_cdf_inst/hist_buf_addrb_r_reg[2]/C
  -------------------------------------------------------------------    -------------------
    SLICE_X32Y35         FDCE (Prop_fdce_C_Q)         0.118     2.202 r  clipper_cdf_inst/hist_buf_addrb_r_reg[2]/Q
                         net (fo=1, routed)           0.281     2.483    clipper_cdf_inst/hist_buf_ram_inst/ram_reg_2[2]
    RAMB18_X2Y15         RAMB18E1                                     r  clipper_cdf_inst/hist_buf_ram_inst/ram_reg/ADDRBWRADDR[6]
  -------------------------------------------------------------------    -------------------

                         (clock pclk rise edge)       0.000     0.000 r  
    AU28                                              0.000     0.000 r  pclk (IN)
                         net (fo=0)                   0.000     0.000    pclk
    AU28                 IBUF (Prop_ibuf_I_O)         0.301     0.301 r  pclk_IBUF_inst/O
                         net (fo=1, routed)           1.139     1.440    pclk_IBUF
    BUFGCTRL_X0Y0        BUFG (Prop_bufg_I_O)         0.030     1.470 r  pclk_IBUF_BUFG_inst/O
                         net (fo=916, routed)         1.201     2.670    clipper_cdf_inst/hist_buf_ram_inst/pclk_IBUF_BUFG
    RAMB18_X2Y15         RAMB18E1                                     r  clipper_cdf_inst/hist_buf_ram_inst/ram_reg/CLKBWRCLK
                         clock pessimism             -0.490     2.180    
    RAMB18_X2Y15         RAMB18E1 (Hold_ramb18e1_CLKBWRCLK_ADDRBWRADDR[6])
                                                      0.183     2.363    clipper_cdf_inst/hist_buf_ram_inst/ram_reg
  -------------------------------------------------------------------
                         required time                         -2.363    
                         arrival time                           2.483    
  -------------------------------------------------------------------
                         slack                                  0.120    

Slack (MET) :             0.122ns  (arrival time - required time)
  Source:                 clipper_cdf_inst/hist_buf_dina_r_reg[2]/C
                            (rising edge-triggered cell FDCE clocked by pclk  {rise@0.000ns fall@6.750ns period=13.500ns})
  Destination:            clipper_cdf_inst/hist_buf_ram_inst/ram_reg/DIADI[2]
                            (rising edge-triggered cell RAMB18E1 clocked by pclk  {rise@0.000ns fall@6.750ns period=13.500ns})
  Path Group:             pclk
  Path Type:              Hold (Min at Fast Process Corner)
  Requirement:            0.000ns  (pclk rise@0.000ns - pclk rise@0.000ns)
  Data Path Delay:        0.379ns  (logic 0.100ns (26.388%)  route 0.279ns (73.612%))
  Logic Levels:           0  
  Clock Path Skew:        0.102ns (DCD - SCD - CPR)
    Destination Clock Delay (DCD):    2.673ns
    Source Clock Delay      (SCD):    2.081ns
    Clock Pessimism Removal (CPR):    0.490ns

    Location             Delay type                Incr(ns)  Path(ns)    Netlist Resource(s)
  -------------------------------------------------------------------    -------------------
                         (clock pclk rise edge)       0.000     0.000 r  
    AU28                                              0.000     0.000 r  pclk (IN)
                         net (fo=0)                   0.000     0.000    pclk
    AU28                 IBUF (Prop_ibuf_I_O)         0.134     0.134 r  pclk_IBUF_inst/O
                         net (fo=1, routed)           1.067     1.201    pclk_IBUF
    BUFGCTRL_X0Y0        BUFG (Prop_bufg_I_O)         0.026     1.227 r  pclk_IBUF_BUFG_inst/O
                         net (fo=916, routed)         0.854     2.081    clipper_cdf_inst/pclk_IBUF_BUFG
    SLICE_X35Y32         FDCE                                         r  clipper_cdf_inst/hist_buf_dina_r_reg[2]/C
  -------------------------------------------------------------------    -------------------
    SLICE_X35Y32         FDCE (Prop_fdce_C_Q)         0.100     2.181 r  clipper_cdf_inst/hist_buf_dina_r_reg[2]/Q
                         net (fo=1, routed)           0.279     2.460    clipper_cdf_inst/hist_buf_ram_inst/ram_reg_3[2]
    RAMB18_X2Y15         RAMB18E1                                     r  clipper_cdf_inst/hist_buf_ram_inst/ram_reg/DIADI[2]
  -------------------------------------------------------------------    -------------------

                         (clock pclk rise edge)       0.000     0.000 r  
    AU28                                              0.000     0.000 r  pclk (IN)
                         net (fo=0)                   0.000     0.000    pclk
    AU28                 IBUF (Prop_ibuf_I_O)         0.301     0.301 r  pclk_IBUF_inst/O
                         net (fo=1, routed)           1.139     1.440    pclk_IBUF
    BUFGCTRL_X0Y0        BUFG (Prop_bufg_I_O)         0.030     1.470 r  pclk_IBUF_BUFG_inst/O
                         net (fo=916, routed)         1.204     2.673    clipper_cdf_inst/hist_buf_ram_inst/pclk_IBUF_BUFG
    RAMB18_X2Y15         RAMB18E1                                     r  clipper_cdf_inst/hist_buf_ram_inst/ram_reg/CLKARDCLK
                         clock pessimism             -0.490     2.183    
    RAMB18_X2Y15         RAMB18E1 (Hold_ramb18e1_CLKARDCLK_DIADI[2])
                                                      0.155     2.338    clipper_cdf_inst/hist_buf_ram_inst/ram_reg
  -------------------------------------------------------------------
                         required time                         -2.338    
                         arrival time                           2.460    
  -------------------------------------------------------------------
                         slack                                  0.122    





Pulse Width Checks
--------------------------------------------------------------------------------------
Clock Name:         pclk
Waveform(ns):       { 0.000 6.750 }
Period(ns):         13.500
Sources:            { pclk }

Check Type        Corner  Lib Pin             Reference Pin  Required(ns)  Actual(ns)  Slack(ns)  Location      Pin
Min Period        n/a     RAMB18E1/CLKARDCLK  n/a            2.095         13.500      11.405     RAMB18_X2Y16  clipper_cdf_inst/cdf_ram_inst/ram_reg/CLKARDCLK
Min Period        n/a     RAMB18E1/CLKBWRCLK  n/a            2.095         13.500      11.405     RAMB18_X2Y16  clipper_cdf_inst/cdf_ram_inst/ram_reg/CLKBWRCLK
Min Period        n/a     RAMB18E1/CLKARDCLK  n/a            2.095         13.500      11.405     RAMB18_X2Y15  clipper_cdf_inst/hist_buf_ram_inst/ram_reg/CLKARDCLK
Min Period        n/a     RAMB18E1/CLKBWRCLK  n/a            2.095         13.500      11.405     RAMB18_X2Y15  clipper_cdf_inst/hist_buf_ram_inst/ram_reg/CLKBWRCLK
Min Period        n/a     RAMB18E1/CLKARDCLK  n/a            1.839         13.500      11.661     RAMB18_X1Y14  ram_64tiles_inst/gen_ram_a[30].ram_a_inst/ram_reg/CLKARDCLK
Min Period        n/a     RAMB18E1/CLKBWRCLK  n/a            1.839         13.500      11.661     RAMB18_X1Y14  ram_64tiles_inst/gen_ram_a[30].ram_a_inst/ram_reg/CLKBWRCLK
Min Period        n/a     RAMB18E1/CLKARDCLK  n/a            1.839         13.500      11.661     RAMB18_X4Y3   ram_64tiles_inst/gen_ram_b[29].ram_b_inst/ram_reg/CLKARDCLK
Min Period        n/a     RAMB18E1/CLKBWRCLK  n/a            1.839         13.500      11.661     RAMB18_X4Y3   ram_64tiles_inst/gen_ram_b[29].ram_b_inst/ram_reg/CLKBWRCLK
Min Period        n/a     RAMB18E1/CLKARDCLK  n/a            1.839         13.500      11.661     RAMB18_X3Y13  ram_64tiles_inst/gen_ram_b[56].ram_b_inst/ram_reg/CLKARDCLK
Min Period        n/a     RAMB18E1/CLKBWRCLK  n/a            1.839         13.500      11.661     RAMB18_X3Y13  ram_64tiles_inst/gen_ram_b[56].ram_b_inst/ram_reg/CLKBWRCLK
Low Pulse Width   Slow    SRL16E/CLK          n/a            0.642         6.750       6.108      SLICE_X50Y71  mapping_inst/v_d3_reg[0]_srl3_mapping_inst_href_d3_reg_c/CLK
Low Pulse Width   Slow    SRL16E/CLK          n/a            0.642         6.750       6.108      SLICE_X50Y71  mapping_inst/v_d3_reg[1]_srl3_mapping_inst_href_d3_reg_c/CLK
Low Pulse Width   Slow    SRL16E/CLK          n/a            0.642         6.750       6.108      SLICE_X50Y71  mapping_inst/v_d3_reg[2]_srl3_mapping_inst_href_d3_reg_c/CLK
Low Pulse Width   Slow    SRL16E/CLK          n/a            0.642         6.750       6.108      SLICE_X50Y71  mapping_inst/v_d3_reg[3]_srl3_mapping_inst_href_d3_reg_c/CLK
Low Pulse Width   Slow    SRL16E/CLK          n/a            0.642         6.750       6.108      SLICE_X50Y71  mapping_inst/v_d3_reg[4]_srl3_mapping_inst_href_d3_reg_c/CLK
Low Pulse Width   Slow    SRL16E/CLK          n/a            0.642         6.750       6.108      SLICE_X50Y71  mapping_inst/v_d3_reg[5]_srl3_mapping_inst_href_d3_reg_c/CLK
Low Pulse Width   Slow    SRL16E/CLK          n/a            0.642         6.750       6.108      SLICE_X50Y71  mapping_inst/v_d3_reg[6]_srl3_mapping_inst_href_d3_reg_c/CLK
Low Pulse Width   Slow    SRL16E/CLK          n/a            0.642         6.750       6.108      SLICE_X50Y71  mapping_inst/v_d3_reg[7]_srl3_mapping_inst_href_d3_reg_c/CLK
Low Pulse Width   Slow    SRL16E/CLK          n/a            0.642         6.750       6.108      SLICE_X50Y72  mapping_inst/href_d3_reg_srl3_mapping_inst_href_d3_reg_c/CLK
Low Pulse Width   Fast    SRL16E/CLK          n/a            0.642         6.750       6.108      SLICE_X50Y72  mapping_inst/href_d3_reg_srl3_mapping_inst_href_d3_reg_c/CLK
High Pulse Width  Fast    SRL16E/CLK          n/a            0.642         6.750       6.108      SLICE_X50Y72  mapping_inst/href_d3_reg_srl3_mapping_inst_href_d3_reg_c/CLK
High Pulse Width  Fast    SRL16E/CLK          n/a            0.642         6.750       6.108      SLICE_X50Y73  mapping_inst/u_d3_reg[0]_srl3_mapping_inst_href_d3_reg_c/CLK
High Pulse Width  Fast    SRL16E/CLK          n/a            0.642         6.750       6.108      SLICE_X50Y73  mapping_inst/u_d3_reg[1]_srl3_mapping_inst_href_d3_reg_c/CLK
High Pulse Width  Fast    SRL16E/CLK          n/a            0.642         6.750       6.108      SLICE_X50Y73  mapping_inst/u_d3_reg[2]_srl3_mapping_inst_href_d3_reg_c/CLK
High Pulse Width  Fast    SRL16E/CLK          n/a            0.642         6.750       6.108      SLICE_X50Y73  mapping_inst/u_d3_reg[3]_srl3_mapping_inst_href_d3_reg_c/CLK
High Pulse Width  Fast    SRL16E/CLK          n/a            0.642         6.750       6.108      SLICE_X50Y73  mapping_inst/u_d3_reg[4]_srl3_mapping_inst_href_d3_reg_c/CLK
High Pulse Width  Fast    SRL16E/CLK          n/a            0.642         6.750       6.108      SLICE_X50Y73  mapping_inst/u_d3_reg[5]_srl3_mapping_inst_href_d3_reg_c/CLK
High Pulse Width  Fast    SRL16E/CLK          n/a            0.642         6.750       6.108      SLICE_X50Y73  mapping_inst/u_d3_reg[6]_srl3_mapping_inst_href_d3_reg_c/CLK
High Pulse Width  Fast    SRL16E/CLK          n/a            0.642         6.750       6.108      SLICE_X50Y73  mapping_inst/u_d3_reg[7]_srl3_mapping_inst_href_d3_reg_c/CLK
High Pulse Width  Fast    SRL16E/CLK          n/a            0.642         6.750       6.108      SLICE_X50Y71  mapping_inst/v_d3_reg[0]_srl3_mapping_inst_href_d3_reg_c/CLK



