Copyright 1986-2018 Xilinx, Inc. All Rights Reserved.
--------------------------------------------------------------------------------------------------------------------------------------------------------------------------------------------------
| Tool Version : Vivado v.2018.3 (win64) Build 2405991 Thu Dec  6 23:38:27 MST 2018
| Date         : Sun Dec  7 02:00:38 2025
| Host         : zph running 64-bit major release  (build 9200)
| Command      : report_timing_summary -max_paths 10 -file clahe_top_timing_summary_routed.rpt -pb clahe_top_timing_summary_routed.pb -rpx clahe_top_timing_summary_routed.rpx -warn_on_violation
| Design       : clahe_top
| Device       : 7z020-clg400
| Speed File   : -3  PRODUCTION 1.11 2014-09-11
--------------------------------------------------------------------------------------------------------------------------------------------------------------------------------------------------

Timing Summary Report

------------------------------------------------------------------------------------------------
| Timer Settings
| --------------
------------------------------------------------------------------------------------------------

  Enable Multi Corner Analysis               :  Yes
  Enable Pessimism Removal                   :  Yes
  Pessimism Removal Resolution               :  Nearest Common Node
  Enable Input Delay Default Clock           :  No
  Enable Preset / Clear Arcs                 :  No
  Disable Flight Delays                      :  No
  Ignore I/O Paths                           :  No
  Timing Early Launch at Borrowing Latches   :  false

  Corner  Analyze    Analyze    
  Name    Max Paths  Min Paths  
  ------  ---------  ---------  
  Slow    Yes        Yes        
  Fast    Yes        Yes        



check_timing report

Table of Contents
-----------------
1. checking no_clock
2. checking constant_clock
3. checking pulse_width_clock
4. checking unconstrained_internal_endpoints
5. checking no_input_delay
6. checking no_output_delay
7. checking multiple_clock
8. checking generated_clocks
9. checking loops
10. checking partial_input_delay
11. checking partial_output_delay
12. checking latch_loops

1. checking no_clock
--------------------
 There are 0 register/latch pins with no clock.


2. checking constant_clock
--------------------------
 There are 0 register/latch pins with constant_clock.


3. checking pulse_width_clock
-----------------------------
 There are 0 register/latch pins which need pulse_width check


4. checking unconstrained_internal_endpoints
--------------------------------------------
 There are 0 pins that are not constrained for maximum delay.

 There are 0 pins that are not constrained for maximum delay due to constant clock.


5. checking no_input_delay
--------------------------
 There are 45 input ports with no input delay specified. (HIGH)

 There are 0 input ports with no input delay but user has a false path constraint.


6. checking no_output_delay
---------------------------
 There are 29 ports with no output delay specified. (HIGH)

 There are 0 ports with no output delay but user has a false path constraint

 There are 0 ports with no output delay but with a timing clock defined on it or propagating through it


7. checking multiple_clock
--------------------------
 There are 0 register/latch pins with multiple clocks.


8. checking generated_clocks
----------------------------
 There are 0 generated clocks that are not connected to a clock source.


9. checking loops
-----------------
 There are 0 combinational loops in the design.


10. checking partial_input_delay
--------------------------------
 There are 0 input ports with partial input delay specified.


11. checking partial_output_delay
---------------------------------
 There are 0 ports with partial output delay specified.


12. checking latch_loops
------------------------
 There are 0 combinational latch loops in the design through latch input



------------------------------------------------------------------------------------------------
| Design Timing Summary
| ---------------------
------------------------------------------------------------------------------------------------

    WNS(ns)      TNS(ns)  TNS Failing Endpoints  TNS Total Endpoints      WHS(ns)      THS(ns)  THS Failing Endpoints  THS Total Endpoints     WPWS(ns)     TPWS(ns)  TPWS Failing Endpoints  TPWS Total Endpoints  
    -------      -------  ---------------------  -------------------      -------      -------  ---------------------  -------------------     --------     --------  ----------------------  --------------------  
    -35.504     -242.049                      8                 2006        0.075        0.000                      0                 2006        5.980        0.000                       0                   648  


Timing constraints are not met.


------------------------------------------------------------------------------------------------
| Clock Summary
| -------------
------------------------------------------------------------------------------------------------

Clock  Waveform(ns)       Period(ns)      Frequency(MHz)
-----  ------------       ----------      --------------
pclk   {0.000 6.750}      13.500          74.074          


------------------------------------------------------------------------------------------------
| Intra Clock Table
| -----------------
------------------------------------------------------------------------------------------------

Clock             WNS(ns)      TNS(ns)  TNS Failing Endpoints  TNS Total Endpoints      WHS(ns)      THS(ns)  THS Failing Endpoints  THS Total Endpoints     WPWS(ns)     TPWS(ns)  TPWS Failing Endpoints  TPWS Total Endpoints  
-----             -------      -------  ---------------------  -------------------      -------      -------  ---------------------  -------------------     --------     --------  ----------------------  --------------------  
pclk              -35.504     -242.049                      8                 2006        0.075        0.000                      0                 2006        5.980        0.000                       0                   648  


------------------------------------------------------------------------------------------------
| Inter Clock Table
| -----------------
------------------------------------------------------------------------------------------------

From Clock    To Clock          WNS(ns)      TNS(ns)  TNS Failing Endpoints  TNS Total Endpoints      WHS(ns)      THS(ns)  THS Failing Endpoints  THS Total Endpoints  
----------    --------          -------      -------  ---------------------  -------------------      -------      -------  ---------------------  -------------------  


------------------------------------------------------------------------------------------------
| Other Path Groups Table
| -----------------------
------------------------------------------------------------------------------------------------

Path Group    From Clock    To Clock          WNS(ns)      TNS(ns)  TNS Failing Endpoints  TNS Total Endpoints      WHS(ns)      THS(ns)  THS Failing Endpoints  THS Total Endpoints  
----------    ----------    --------          -------      -------  ---------------------  -------------------      -------      -------  ---------------------  -------------------  


------------------------------------------------------------------------------------------------
| Timing Details
| --------------
------------------------------------------------------------------------------------------------


---------------------------------------------------------------------------------------------------
From Clock:  pclk
  To Clock:  pclk

Setup :            8  Failing Endpoints,  Worst Slack      -35.504ns,  Total Violation     -242.049ns
Hold  :            0  Failing Endpoints,  Worst Slack        0.075ns,  Total Violation        0.000ns
PW    :            0  Failing Endpoints,  Worst Slack        5.980ns,  Total Violation        0.000ns
---------------------------------------------------------------------------------------------------


Max Delay Paths
--------------------------------------------------------------------------------------
Slack (VIOLATED) :        -35.504ns  (required time - arrival time)
  Source:                 clipper_cdf_inst/cdf_range_reg[1]/C
                            (rising edge-triggered cell FDCE clocked by pclk  {rise@0.000ns fall@6.750ns period=13.500ns})
  Destination:            clipper_cdf_inst/cdf_wr_data_reg[0]/D
                            (rising edge-triggered cell FDCE clocked by pclk  {rise@0.000ns fall@6.750ns period=13.500ns})
  Path Group:             pclk
  Path Type:              Setup (Max at Slow Process Corner)
  Requirement:            13.500ns  (pclk rise@13.500ns - pclk rise@0.000ns)
  Data Path Delay:        48.980ns  (logic 33.527ns (68.451%)  route 15.453ns (31.549%))
  Logic Levels:           187  (CARRY4=157 LUT1=1 LUT2=6 LUT3=23)
  Clock Path Skew:        -0.061ns (DCD - SCD + CPR)
    Destination Clock Delay (DCD):    3.681ns = ( 17.181 - 13.500 ) 
    Source Clock Delay      (SCD):    4.044ns
    Clock Pessimism Removal (CPR):    0.302ns
  Clock Uncertainty:      0.035ns  ((TSJ^2 + TIJ^2)^1/2 + DJ) / 2 + PE
    Total System Jitter     (TSJ):    0.071ns
    Total Input Jitter      (TIJ):    0.000ns
    Discrete Jitter          (DJ):    0.000ns
    Phase Error              (PE):    0.000ns

    Location             Delay type                Incr(ns)  Path(ns)    Netlist Resource(s)
  -------------------------------------------------------------------    -------------------
                         (clock pclk rise edge)       0.000     0.000 r  
    U7                                                0.000     0.000 r  pclk (IN)
                         net (fo=0)                   0.000     0.000    pclk
    U7                   IBUF (Prop_ibuf_I_O)         0.908     0.908 r  pclk_IBUF_inst/O
                         net (fo=1, routed)           1.636     2.544    pclk_IBUF
    BUFGCTRL_X0Y0        BUFG (Prop_bufg_I_O)         0.079     2.623 r  pclk_IBUF_BUFG_inst/O
                         net (fo=647, routed)         1.421     4.044    clipper_cdf_inst/pclk_IBUF_BUFG
    SLICE_X109Y51        FDCE                                         r  clipper_cdf_inst/cdf_range_reg[1]/C
  -------------------------------------------------------------------    -------------------
    SLICE_X109Y51        FDCE (Prop_fdce_C_Q)         0.341     4.385 f  clipper_cdf_inst/cdf_range_reg[1]/Q
                         net (fo=34, routed)          0.322     4.707    clipper_cdf_inst/cdf_range[1]
    SLICE_X108Y52        LUT1 (Prop_lut1_I0_O)        0.097     4.804 r  clipper_cdf_inst/cdf_wr_data[7]_i_554/O
                         net (fo=1, routed)           0.000     4.804    clipper_cdf_inst/cdf_wr_data[7]_i_554_n_0
    SLICE_X108Y52        CARRY4 (Prop_carry4_S[1]_CO[3])
                                                      0.402     5.206 r  clipper_cdf_inst/cdf_wr_data_reg[7]_i_450/CO[3]
                         net (fo=1, routed)           0.000     5.206    clipper_cdf_inst/cdf_wr_data_reg[7]_i_450_n_0
    SLICE_X108Y53        CARRY4 (Prop_carry4_CI_CO[3])
                                                      0.092     5.298 r  clipper_cdf_inst/cdf_wr_data_reg[7]_i_339/CO[3]
                         net (fo=1, routed)           0.000     5.298    clipper_cdf_inst/cdf_wr_data_reg[7]_i_339_n_0
    SLICE_X108Y54        CARRY4 (Prop_carry4_CI_CO[3])
                                                      0.092     5.390 r  clipper_cdf_inst/cdf_wr_data_reg[7]_i_206/CO[3]
                         net (fo=1, routed)           0.000     5.390    clipper_cdf_inst/cdf_wr_data_reg[7]_i_206_n_0
    SLICE_X108Y55        CARRY4 (Prop_carry4_CI_CO[3])
                                                      0.092     5.482 r  clipper_cdf_inst/cdf_wr_data_reg[7]_i_100/CO[3]
                         net (fo=1, routed)           0.000     5.482    clipper_cdf_inst/cdf_wr_data_reg[7]_i_100_n_0
    SLICE_X108Y56        CARRY4 (Prop_carry4_CI_CO[0])
                                                      0.184     5.666 r  clipper_cdf_inst/cdf_wr_data_reg[7]_i_41/CO[0]
                         net (fo=21, routed)          0.731     6.396    clipper_cdf_inst/cdf_wr_data_reg[7]_i_100_0[30]
    SLICE_X107Y52        LUT3 (Prop_lut3_I0_O)        0.262     6.658 r  clipper_cdf_inst/cdf_wr_data[7]_i_453/O
                         net (fo=1, routed)           0.000     6.658    clipper_cdf_inst/cdf_wr_data[7]_i_453_n_0
    SLICE_X107Y52        CARRY4 (Prop_carry4_S[1]_CO[3])
                                                      0.412     7.070 r  clipper_cdf_inst/cdf_wr_data_reg[7]_i_334/CO[3]
                         net (fo=1, routed)           0.000     7.070    clipper_cdf_inst/cdf_wr_data_reg[7]_i_334_n_0
    SLICE_X107Y53        CARRY4 (Prop_carry4_CI_CO[3])
                                                      0.089     7.159 r  clipper_cdf_inst/cdf_wr_data_reg[7]_i_201/CO[3]
                         net (fo=1, routed)           0.000     7.159    clipper_cdf_inst/cdf_wr_data_reg[7]_i_201_n_0
    SLICE_X107Y54        CARRY4 (Prop_carry4_CI_CO[3])
                                                      0.089     7.248 r  clipper_cdf_inst/cdf_wr_data_reg[7]_i_95/CO[3]
                         net (fo=1, routed)           0.000     7.248    clipper_cdf_inst/cdf_wr_data_reg[7]_i_95_n_0
    SLICE_X107Y55        CARRY4 (Prop_carry4_CI_CO[1])
                                                      0.120     7.368 r  clipper_cdf_inst/cdf_wr_data_reg[7]_i_42/CO[1]
                         net (fo=21, routed)          0.585     7.953    clipper_cdf_inst/cdf_wr_data_reg[7]_i_100_0[29]
    SLICE_X106Y51        LUT2 (Prop_lut2_I1_O)        0.249     8.202 r  clipper_cdf_inst/cdf_wr_data[7]_i_539/O
                         net (fo=1, routed)           0.000     8.202    clipper_cdf_inst/cdf_wr_data[7]_i_539_n_0
    SLICE_X106Y51        CARRY4 (Prop_carry4_S[1]_CO[3])
                                                      0.412     8.614 r  clipper_cdf_inst/cdf_wr_data_reg[7]_i_435/CO[3]
                         net (fo=1, routed)           0.000     8.614    clipper_cdf_inst/cdf_wr_data_reg[7]_i_435_n_0
    SLICE_X106Y52        CARRY4 (Prop_carry4_CI_CO[3])
                                                      0.089     8.703 r  clipper_cdf_inst/cdf_wr_data_reg[7]_i_329/CO[3]
                         net (fo=1, routed)           0.000     8.703    clipper_cdf_inst/cdf_wr_data_reg[7]_i_329_n_0
    SLICE_X106Y53        CARRY4 (Prop_carry4_CI_CO[3])
                                                      0.089     8.792 r  clipper_cdf_inst/cdf_wr_data_reg[7]_i_196/CO[3]
                         net (fo=1, routed)           0.000     8.792    clipper_cdf_inst/cdf_wr_data_reg[7]_i_196_n_0
    SLICE_X106Y54        CARRY4 (Prop_carry4_CI_CO[3])
                                                      0.089     8.881 r  clipper_cdf_inst/cdf_wr_data_reg[7]_i_94/CO[3]
                         net (fo=1, routed)           0.000     8.881    clipper_cdf_inst/cdf_wr_data_reg[7]_i_94_n_0
    SLICE_X106Y55        CARRY4 (Prop_carry4_CI_CO[1])
                                                      0.120     9.001 r  clipper_cdf_inst/cdf_wr_data_reg[7]_i_39/CO[1]
                         net (fo=21, routed)          0.635     9.636    clipper_cdf_inst/cdf_wr_data_reg[7]_i_100_0[28]
    SLICE_X105Y53        LUT2 (Prop_lut2_I1_O)        0.249     9.885 r  clipper_cdf_inst/cdf_wr_data[7]_i_535/O
                         net (fo=1, routed)           0.000     9.885    clipper_cdf_inst/cdf_wr_data[7]_i_535_n_0
    SLICE_X105Y53        CARRY4 (Prop_carry4_S[1]_CO[3])
                                                      0.412    10.297 r  clipper_cdf_inst/cdf_wr_data_reg[7]_i_430/CO[3]
                         net (fo=1, routed)           0.000    10.297    clipper_cdf_inst/cdf_wr_data_reg[7]_i_430_n_0
    SLICE_X105Y54        CARRY4 (Prop_carry4_CI_CO[3])
                                                      0.089    10.386 r  clipper_cdf_inst/cdf_wr_data_reg[7]_i_319/CO[3]
                         net (fo=1, routed)           0.000    10.386    clipper_cdf_inst/cdf_wr_data_reg[7]_i_319_n_0
    SLICE_X105Y55        CARRY4 (Prop_carry4_CI_CO[3])
                                                      0.089    10.475 r  clipper_cdf_inst/cdf_wr_data_reg[7]_i_191/CO[3]
                         net (fo=1, routed)           0.000    10.475    clipper_cdf_inst/cdf_wr_data_reg[7]_i_191_n_0
    SLICE_X105Y56        CARRY4 (Prop_carry4_CI_CO[3])
                                                      0.089    10.564 r  clipper_cdf_inst/cdf_wr_data_reg[7]_i_89/CO[3]
                         net (fo=1, routed)           0.000    10.564    clipper_cdf_inst/cdf_wr_data_reg[7]_i_89_n_0
    SLICE_X105Y57        CARRY4 (Prop_carry4_CI_CO[1])
                                                      0.120    10.684 r  clipper_cdf_inst/cdf_wr_data_reg[7]_i_40/CO[1]
                         net (fo=21, routed)          0.506    11.190    clipper_cdf_inst/cdf_wr_data_reg[7]_i_100_0[27]
    SLICE_X104Y55        LUT2 (Prop_lut2_I1_O)        0.249    11.439 r  clipper_cdf_inst/cdf_wr_data[7]_i_531/O
                         net (fo=1, routed)           0.000    11.439    clipper_cdf_inst/cdf_wr_data[7]_i_531_n_0
    SLICE_X104Y55        CARRY4 (Prop_carry4_S[1]_CO[3])
                                                      0.402    11.841 r  clipper_cdf_inst/cdf_wr_data_reg[7]_i_425/CO[3]
                         net (fo=1, routed)           0.000    11.841    clipper_cdf_inst/cdf_wr_data_reg[7]_i_425_n_0
    SLICE_X104Y56        CARRY4 (Prop_carry4_CI_CO[3])
                                                      0.092    11.933 r  clipper_cdf_inst/cdf_wr_data_reg[7]_i_314/CO[3]
                         net (fo=1, routed)           0.000    11.933    clipper_cdf_inst/cdf_wr_data_reg[7]_i_314_n_0
    SLICE_X104Y57        CARRY4 (Prop_carry4_CI_CO[3])
                                                      0.092    12.025 r  clipper_cdf_inst/cdf_wr_data_reg[7]_i_181/CO[3]
                         net (fo=1, routed)           0.000    12.025    clipper_cdf_inst/cdf_wr_data_reg[7]_i_181_n_0
    SLICE_X104Y58        CARRY4 (Prop_carry4_CI_CO[3])
                                                      0.092    12.117 r  clipper_cdf_inst/cdf_wr_data_reg[7]_i_88/CO[3]
                         net (fo=1, routed)           0.000    12.117    clipper_cdf_inst/cdf_wr_data_reg[7]_i_88_n_0
    SLICE_X104Y59        CARRY4 (Prop_carry4_CI_CO[1])
                                                      0.119    12.236 r  clipper_cdf_inst/cdf_wr_data_reg[7]_i_37/CO[1]
                         net (fo=21, routed)          0.604    12.841    clipper_cdf_inst/cdf_wr_data_reg[7]_i_100_0[26]
    SLICE_X103Y57        LUT2 (Prop_lut2_I1_O)        0.251    13.092 r  clipper_cdf_inst/cdf_wr_data[7]_i_527/O
                         net (fo=1, routed)           0.000    13.092    clipper_cdf_inst/cdf_wr_data[7]_i_527_n_0
    SLICE_X103Y57        CARRY4 (Prop_carry4_S[1]_CO[3])
                                                      0.412    13.504 r  clipper_cdf_inst/cdf_wr_data_reg[7]_i_420/CO[3]
                         net (fo=1, routed)           0.000    13.504    clipper_cdf_inst/cdf_wr_data_reg[7]_i_420_n_0
    SLICE_X103Y58        CARRY4 (Prop_carry4_CI_CO[3])
                                                      0.089    13.593 r  clipper_cdf_inst/cdf_wr_data_reg[7]_i_309/CO[3]
                         net (fo=1, routed)           0.000    13.593    clipper_cdf_inst/cdf_wr_data_reg[7]_i_309_n_0
    SLICE_X103Y59        CARRY4 (Prop_carry4_CI_CO[3])
                                                      0.089    13.682 r  clipper_cdf_inst/cdf_wr_data_reg[7]_i_176/CO[3]
                         net (fo=1, routed)           0.000    13.682    clipper_cdf_inst/cdf_wr_data_reg[7]_i_176_n_0
    SLICE_X103Y60        CARRY4 (Prop_carry4_CI_CO[3])
                                                      0.089    13.771 r  clipper_cdf_inst/cdf_wr_data_reg[7]_i_82/CO[3]
                         net (fo=1, routed)           0.000    13.771    clipper_cdf_inst/cdf_wr_data_reg[7]_i_82_n_0
    SLICE_X103Y61        CARRY4 (Prop_carry4_CI_CO[1])
                                                      0.120    13.891 r  clipper_cdf_inst/cdf_wr_data_reg[7]_i_38/CO[1]
                         net (fo=21, routed)          0.477    14.368    clipper_cdf_inst/cdf_wr_data_reg[7]_i_100_0[25]
    SLICE_X102Y60        LUT2 (Prop_lut2_I1_O)        0.249    14.617 r  clipper_cdf_inst/cdf_wr_data[7]_i_523/O
                         net (fo=1, routed)           0.000    14.617    clipper_cdf_inst/cdf_wr_data[7]_i_523_n_0
    SLICE_X102Y60        CARRY4 (Prop_carry4_S[1]_CO[3])
                                                      0.402    15.019 r  clipper_cdf_inst/cdf_wr_data_reg[7]_i_419/CO[3]
                         net (fo=1, routed)           0.000    15.019    clipper_cdf_inst/cdf_wr_data_reg[7]_i_419_n_0
    SLICE_X102Y61        CARRY4 (Prop_carry4_CI_CO[3])
                                                      0.092    15.111 r  clipper_cdf_inst/cdf_wr_data_reg[7]_i_308/CO[3]
                         net (fo=1, routed)           0.000    15.111    clipper_cdf_inst/cdf_wr_data_reg[7]_i_308_n_0
    SLICE_X102Y62        CARRY4 (Prop_carry4_CI_CO[3])
                                                      0.092    15.203 r  clipper_cdf_inst/cdf_wr_data_reg[7]_i_175/CO[3]
                         net (fo=1, routed)           0.000    15.203    clipper_cdf_inst/cdf_wr_data_reg[7]_i_175_n_0
    SLICE_X102Y63        CARRY4 (Prop_carry4_CI_CO[3])
                                                      0.092    15.295 r  clipper_cdf_inst/cdf_wr_data_reg[7]_i_81/CO[3]
                         net (fo=1, routed)           0.000    15.295    clipper_cdf_inst/cdf_wr_data_reg[7]_i_81_n_0
    SLICE_X102Y64        CARRY4 (Prop_carry4_CI_CO[1])
                                                      0.119    15.414 r  clipper_cdf_inst/cdf_wr_data_reg[7]_i_35/CO[1]
                         net (fo=21, routed)          0.479    15.893    clipper_cdf_inst/cdf_wr_data_reg[7]_i_100_0[24]
    SLICE_X103Y63        LUT2 (Prop_lut2_I1_O)        0.251    16.144 r  clipper_cdf_inst/cdf_wr_data[7]_i_543/O
                         net (fo=1, routed)           0.000    16.144    clipper_cdf_inst/cdf_wr_data[7]_i_543_n_0
    SLICE_X103Y63        CARRY4 (Prop_carry4_S[1]_CO[3])
                                                      0.412    16.556 r  clipper_cdf_inst/cdf_wr_data_reg[7]_i_440/CO[3]
                         net (fo=1, routed)           0.000    16.556    clipper_cdf_inst/cdf_wr_data_reg[7]_i_440_n_0
    SLICE_X103Y64        CARRY4 (Prop_carry4_CI_CO[3])
                                                      0.089    16.645 r  clipper_cdf_inst/cdf_wr_data_reg[7]_i_324/CO[3]
                         net (fo=1, routed)           0.000    16.645    clipper_cdf_inst/cdf_wr_data_reg[7]_i_324_n_0
    SLICE_X103Y65        CARRY4 (Prop_carry4_CI_CO[3])
                                                      0.089    16.734 r  clipper_cdf_inst/cdf_wr_data_reg[7]_i_186/CO[3]
                         net (fo=1, routed)           0.000    16.734    clipper_cdf_inst/cdf_wr_data_reg[7]_i_186_n_0
    SLICE_X103Y66        CARRY4 (Prop_carry4_CI_CO[3])
                                                      0.089    16.823 r  clipper_cdf_inst/cdf_wr_data_reg[7]_i_85/CO[3]
                         net (fo=1, routed)           0.000    16.823    clipper_cdf_inst/cdf_wr_data_reg[7]_i_85_n_0
    SLICE_X103Y67        CARRY4 (Prop_carry4_CI_CO[1])
                                                      0.120    16.943 r  clipper_cdf_inst/cdf_wr_data_reg[7]_i_36/CO[1]
                         net (fo=20, routed)          0.424    17.367    clipper_cdf_inst/cdf_wr_data_reg[7]_i_100_0[23]
    SLICE_X102Y65        LUT3 (Prop_lut3_I0_O)        0.249    17.616 r  clipper_cdf_inst/cdf_wr_data[7]_i_579/O
                         net (fo=1, routed)           0.000    17.616    clipper_cdf_inst/cdf_wr_data[7]_i_579_n_0
    SLICE_X102Y65        CARRY4 (Prop_carry4_S[1]_CO[3])
                                                      0.402    18.018 r  clipper_cdf_inst/cdf_wr_data_reg[7]_i_494/CO[3]
                         net (fo=1, routed)           0.000    18.018    clipper_cdf_inst/cdf_wr_data_reg[7]_i_494_n_0
    SLICE_X102Y66        CARRY4 (Prop_carry4_CI_CO[3])
                                                      0.092    18.110 r  clipper_cdf_inst/cdf_wr_data_reg[7]_i_383/CO[3]
                         net (fo=1, routed)           0.000    18.110    clipper_cdf_inst/cdf_wr_data_reg[7]_i_383_n_0
    SLICE_X102Y67        CARRY4 (Prop_carry4_CI_CO[3])
                                                      0.092    18.202 r  clipper_cdf_inst/cdf_wr_data_reg[7]_i_250/CO[3]
                         net (fo=1, routed)           0.000    18.202    clipper_cdf_inst/cdf_wr_data_reg[7]_i_250_n_0
    SLICE_X102Y68        CARRY4 (Prop_carry4_CI_CO[3])
                                                      0.092    18.294 r  clipper_cdf_inst/cdf_wr_data_reg[7]_i_122/CO[3]
                         net (fo=1, routed)           0.000    18.294    clipper_cdf_inst/cdf_wr_data_reg[7]_i_122_n_0
    SLICE_X102Y69        CARRY4 (Prop_carry4_CI_CO[1])
                                                      0.119    18.413 r  clipper_cdf_inst/cdf_wr_data_reg[7]_i_49/CO[1]
                         net (fo=20, routed)          0.374    18.788    clipper_cdf_inst/cdf_wr_data_reg[7]_i_100_0[22]
    SLICE_X103Y68        LUT3 (Prop_lut3_I0_O)        0.251    19.039 r  clipper_cdf_inst/cdf_wr_data[7]_i_576/O
                         net (fo=1, routed)           0.000    19.039    clipper_cdf_inst/cdf_wr_data[7]_i_576_n_0
    SLICE_X103Y68        CARRY4 (Prop_carry4_S[1]_CO[3])
                                                      0.412    19.451 r  clipper_cdf_inst/cdf_wr_data_reg[7]_i_489/CO[3]
                         net (fo=1, routed)           0.000    19.451    clipper_cdf_inst/cdf_wr_data_reg[7]_i_489_n_0
    SLICE_X103Y69        CARRY4 (Prop_carry4_CI_CO[3])
                                                      0.089    19.540 r  clipper_cdf_inst/cdf_wr_data_reg[7]_i_378/CO[3]
                         net (fo=1, routed)           0.000    19.540    clipper_cdf_inst/cdf_wr_data_reg[7]_i_378_n_0
    SLICE_X103Y70        CARRY4 (Prop_carry4_CI_CO[3])
                                                      0.089    19.629 r  clipper_cdf_inst/cdf_wr_data_reg[7]_i_245/CO[3]
                         net (fo=1, routed)           0.000    19.629    clipper_cdf_inst/cdf_wr_data_reg[7]_i_245_n_0
    SLICE_X103Y71        CARRY4 (Prop_carry4_CI_CO[3])
                                                      0.089    19.718 r  clipper_cdf_inst/cdf_wr_data_reg[7]_i_117/CO[3]
                         net (fo=1, routed)           0.000    19.718    clipper_cdf_inst/cdf_wr_data_reg[7]_i_117_n_0
    SLICE_X103Y72        CARRY4 (Prop_carry4_CI_CO[1])
                                                      0.120    19.838 r  clipper_cdf_inst/cdf_wr_data_reg[7]_i_50/CO[1]
                         net (fo=20, routed)          0.413    20.250    clipper_cdf_inst/cdf_wr_data_reg[7]_i_100_0[21]
    SLICE_X102Y71        LUT3 (Prop_lut3_I0_O)        0.249    20.499 r  clipper_cdf_inst/cdf_wr_data[7]_i_570/O
                         net (fo=1, routed)           0.000    20.499    clipper_cdf_inst/cdf_wr_data[7]_i_570_n_0
    SLICE_X102Y71        CARRY4 (Prop_carry4_S[1]_CO[3])
                                                      0.402    20.901 r  clipper_cdf_inst/cdf_wr_data_reg[7]_i_479/CO[3]
                         net (fo=1, routed)           0.000    20.901    clipper_cdf_inst/cdf_wr_data_reg[7]_i_479_n_0
    SLICE_X102Y72        CARRY4 (Prop_carry4_CI_CO[3])
                                                      0.092    20.993 r  clipper_cdf_inst/cdf_wr_data_reg[7]_i_373/CO[3]
                         net (fo=1, routed)           0.000    20.993    clipper_cdf_inst/cdf_wr_data_reg[7]_i_373_n_0
    SLICE_X102Y73        CARRY4 (Prop_carry4_CI_CO[3])
                                                      0.092    21.085 r  clipper_cdf_inst/cdf_wr_data_reg[7]_i_240/CO[3]
                         net (fo=1, routed)           0.000    21.085    clipper_cdf_inst/cdf_wr_data_reg[7]_i_240_n_0
    SLICE_X102Y74        CARRY4 (Prop_carry4_CI_CO[3])
                                                      0.092    21.177 r  clipper_cdf_inst/cdf_wr_data_reg[7]_i_116/CO[3]
                         net (fo=1, routed)           0.007    21.185    clipper_cdf_inst/cdf_wr_data_reg[7]_i_116_n_0
    SLICE_X102Y75        CARRY4 (Prop_carry4_CI_CO[1])
                                                      0.119    21.304 r  clipper_cdf_inst/cdf_wr_data_reg[7]_i_47/CO[1]
                         net (fo=20, routed)          0.413    21.717    clipper_cdf_inst/cdf_wr_data_reg[7]_i_100_0[20]
    SLICE_X103Y74        LUT3 (Prop_lut3_I0_O)        0.251    21.968 r  clipper_cdf_inst/cdf_wr_data[7]_i_567/O
                         net (fo=1, routed)           0.000    21.968    clipper_cdf_inst/cdf_wr_data[7]_i_567_n_0
    SLICE_X103Y74        CARRY4 (Prop_carry4_S[1]_CO[3])
                                                      0.412    22.380 r  clipper_cdf_inst/cdf_wr_data_reg[7]_i_474/CO[3]
                         net (fo=1, routed)           0.007    22.387    clipper_cdf_inst/cdf_wr_data_reg[7]_i_474_n_0
    SLICE_X103Y75        CARRY4 (Prop_carry4_CI_CO[3])
                                                      0.089    22.476 r  clipper_cdf_inst/cdf_wr_data_reg[7]_i_363/CO[3]
                         net (fo=1, routed)           0.000    22.476    clipper_cdf_inst/cdf_wr_data_reg[7]_i_363_n_0
    SLICE_X103Y76        CARRY4 (Prop_carry4_CI_CO[3])
                                                      0.089    22.565 r  clipper_cdf_inst/cdf_wr_data_reg[7]_i_235/CO[3]
                         net (fo=1, routed)           0.000    22.565    clipper_cdf_inst/cdf_wr_data_reg[7]_i_235_n_0
    SLICE_X103Y77        CARRY4 (Prop_carry4_CI_CO[3])
                                                      0.089    22.654 r  clipper_cdf_inst/cdf_wr_data_reg[7]_i_111/CO[3]
                         net (fo=1, routed)           0.000    22.654    clipper_cdf_inst/cdf_wr_data_reg[7]_i_111_n_0
    SLICE_X103Y78        CARRY4 (Prop_carry4_CI_CO[1])
                                                      0.120    22.774 r  clipper_cdf_inst/cdf_wr_data_reg[7]_i_48/CO[1]
                         net (fo=20, routed)          0.544    23.319    clipper_cdf_inst/cdf_wr_data_reg[7]_i_100_0[19]
    SLICE_X102Y78        LUT3 (Prop_lut3_I0_O)        0.249    23.568 r  clipper_cdf_inst/cdf_wr_data[7]_i_477/O
                         net (fo=1, routed)           0.000    23.568    clipper_cdf_inst/cdf_wr_data[7]_i_477_n_0
    SLICE_X102Y78        CARRY4 (Prop_carry4_S[1]_CO[3])
                                                      0.402    23.970 r  clipper_cdf_inst/cdf_wr_data_reg[7]_i_358/CO[3]
                         net (fo=1, routed)           0.000    23.970    clipper_cdf_inst/cdf_wr_data_reg[7]_i_358_n_0
    SLICE_X102Y79        CARRY4 (Prop_carry4_CI_CO[3])
                                                      0.092    24.062 r  clipper_cdf_inst/cdf_wr_data_reg[7]_i_225/CO[3]
                         net (fo=1, routed)           0.000    24.062    clipper_cdf_inst/cdf_wr_data_reg[7]_i_225_n_0
    SLICE_X102Y80        CARRY4 (Prop_carry4_CI_CO[3])
                                                      0.092    24.154 r  clipper_cdf_inst/cdf_wr_data_reg[7]_i_110/CO[3]
                         net (fo=1, routed)           0.000    24.154    clipper_cdf_inst/cdf_wr_data_reg[7]_i_110_n_0
    SLICE_X102Y81        CARRY4 (Prop_carry4_CI_CO[1])
                                                      0.119    24.273 r  clipper_cdf_inst/cdf_wr_data_reg[7]_i_45/CO[1]
                         net (fo=20, routed)          0.403    24.675    clipper_cdf_inst/cdf_wr_data_reg[7]_i_100_0[18]
    SLICE_X104Y80        LUT3 (Prop_lut3_I0_O)        0.251    24.926 r  clipper_cdf_inst/cdf_wr_data[7]_i_561/O
                         net (fo=1, routed)           0.000    24.926    clipper_cdf_inst/cdf_wr_data[7]_i_561_n_0
    SLICE_X104Y80        CARRY4 (Prop_carry4_S[1]_CO[3])
                                                      0.402    25.328 r  clipper_cdf_inst/cdf_wr_data_reg[7]_i_464/CO[3]
                         net (fo=1, routed)           0.000    25.328    clipper_cdf_inst/cdf_wr_data_reg[7]_i_464_n_0
    SLICE_X104Y81        CARRY4 (Prop_carry4_CI_CO[3])
                                                      0.092    25.420 r  clipper_cdf_inst/cdf_wr_data_reg[7]_i_353/CO[3]
                         net (fo=1, routed)           0.000    25.420    clipper_cdf_inst/cdf_wr_data_reg[7]_i_353_n_0
    SLICE_X104Y82        CARRY4 (Prop_carry4_CI_CO[3])
                                                      0.092    25.512 r  clipper_cdf_inst/cdf_wr_data_reg[7]_i_220/CO[3]
                         net (fo=1, routed)           0.000    25.512    clipper_cdf_inst/cdf_wr_data_reg[7]_i_220_n_0
    SLICE_X104Y83        CARRY4 (Prop_carry4_CI_CO[3])
                                                      0.092    25.604 r  clipper_cdf_inst/cdf_wr_data_reg[7]_i_104/CO[3]
                         net (fo=1, routed)           0.000    25.604    clipper_cdf_inst/cdf_wr_data_reg[7]_i_104_n_0
    SLICE_X104Y84        CARRY4 (Prop_carry4_CI_CO[1])
                                                      0.119    25.723 r  clipper_cdf_inst/cdf_wr_data_reg[7]_i_46/CO[1]
                         net (fo=20, routed)          0.441    26.165    clipper_cdf_inst/cdf_wr_data_reg[7]_i_100_0[17]
    SLICE_X103Y83        LUT3 (Prop_lut3_I0_O)        0.251    26.416 r  clipper_cdf_inst/cdf_wr_data[7]_i_558/O
                         net (fo=1, routed)           0.000    26.416    clipper_cdf_inst/cdf_wr_data[7]_i_558_n_0
    SLICE_X103Y83        CARRY4 (Prop_carry4_S[1]_CO[3])
                                                      0.412    26.828 r  clipper_cdf_inst/cdf_wr_data_reg[7]_i_463/CO[3]
                         net (fo=1, routed)           0.000    26.828    clipper_cdf_inst/cdf_wr_data_reg[7]_i_463_n_0
    SLICE_X103Y84        CARRY4 (Prop_carry4_CI_CO[3])
                                                      0.089    26.917 r  clipper_cdf_inst/cdf_wr_data_reg[7]_i_352/CO[3]
                         net (fo=1, routed)           0.000    26.917    clipper_cdf_inst/cdf_wr_data_reg[7]_i_352_n_0
    SLICE_X103Y85        CARRY4 (Prop_carry4_CI_CO[3])
                                                      0.089    27.006 r  clipper_cdf_inst/cdf_wr_data_reg[7]_i_219/CO[3]
                         net (fo=1, routed)           0.000    27.006    clipper_cdf_inst/cdf_wr_data_reg[7]_i_219_n_0
    SLICE_X103Y86        CARRY4 (Prop_carry4_CI_CO[3])
                                                      0.089    27.095 r  clipper_cdf_inst/cdf_wr_data_reg[7]_i_103/CO[3]
                         net (fo=1, routed)           0.000    27.095    clipper_cdf_inst/cdf_wr_data_reg[7]_i_103_n_0
    SLICE_X103Y87        CARRY4 (Prop_carry4_CI_CO[1])
                                                      0.120    27.215 r  clipper_cdf_inst/cdf_wr_data_reg[7]_i_43/CO[1]
                         net (fo=20, routed)          0.444    27.658    clipper_cdf_inst/cdf_wr_data_reg[7]_i_100_0[16]
    SLICE_X102Y85        LUT3 (Prop_lut3_I0_O)        0.249    27.907 r  clipper_cdf_inst/cdf_wr_data[7]_i_573/O
                         net (fo=1, routed)           0.000    27.907    clipper_cdf_inst/cdf_wr_data[7]_i_573_n_0
    SLICE_X102Y85        CARRY4 (Prop_carry4_S[1]_CO[3])
                                                      0.402    28.309 r  clipper_cdf_inst/cdf_wr_data_reg[7]_i_484/CO[3]
                         net (fo=1, routed)           0.000    28.309    clipper_cdf_inst/cdf_wr_data_reg[7]_i_484_n_0
    SLICE_X102Y86        CARRY4 (Prop_carry4_CI_CO[3])
                                                      0.092    28.401 r  clipper_cdf_inst/cdf_wr_data_reg[7]_i_368/CO[3]
                         net (fo=1, routed)           0.000    28.401    clipper_cdf_inst/cdf_wr_data_reg[7]_i_368_n_0
    SLICE_X102Y87        CARRY4 (Prop_carry4_CI_CO[3])
                                                      0.092    28.493 r  clipper_cdf_inst/cdf_wr_data_reg[7]_i_230/CO[3]
                         net (fo=1, routed)           0.000    28.493    clipper_cdf_inst/cdf_wr_data_reg[7]_i_230_n_0
    SLICE_X102Y88        CARRY4 (Prop_carry4_CI_CO[3])
                                                      0.092    28.585 r  clipper_cdf_inst/cdf_wr_data_reg[7]_i_107/CO[3]
                         net (fo=1, routed)           0.000    28.585    clipper_cdf_inst/cdf_wr_data_reg[7]_i_107_n_0
    SLICE_X102Y89        CARRY4 (Prop_carry4_CI_CO[1])
                                                      0.119    28.704 r  clipper_cdf_inst/cdf_wr_data_reg[7]_i_44/CO[1]
                         net (fo=20, routed)          0.399    29.104    clipper_cdf_inst/cdf_wr_data_reg[7]_i_100_0[15]
    SLICE_X103Y88        LUT3 (Prop_lut3_I0_O)        0.251    29.355 r  clipper_cdf_inst/cdf_wr_data[7]_i_585/O
                         net (fo=1, routed)           0.000    29.355    clipper_cdf_inst/cdf_wr_data[7]_i_585_n_0
    SLICE_X103Y88        CARRY4 (Prop_carry4_S[1]_CO[3])
                                                      0.412    29.767 r  clipper_cdf_inst/cdf_wr_data_reg[7]_i_508/CO[3]
                         net (fo=1, routed)           0.000    29.767    clipper_cdf_inst/cdf_wr_data_reg[7]_i_508_n_0
    SLICE_X103Y89        CARRY4 (Prop_carry4_CI_CO[3])
                                                      0.089    29.856 r  clipper_cdf_inst/cdf_wr_data_reg[7]_i_398/CO[3]
                         net (fo=1, routed)           0.000    29.856    clipper_cdf_inst/cdf_wr_data_reg[7]_i_398_n_0
    SLICE_X103Y90        CARRY4 (Prop_carry4_CI_CO[3])
                                                      0.089    29.945 r  clipper_cdf_inst/cdf_wr_data_reg[7]_i_265/CO[3]
                         net (fo=1, routed)           0.000    29.945    clipper_cdf_inst/cdf_wr_data_reg[7]_i_265_n_0
    SLICE_X103Y91        CARRY4 (Prop_carry4_CI_CO[3])
                                                      0.089    30.034 r  clipper_cdf_inst/cdf_wr_data_reg[7]_i_134/CO[3]
                         net (fo=1, routed)           0.000    30.034    clipper_cdf_inst/cdf_wr_data_reg[7]_i_134_n_0
    SLICE_X103Y92        CARRY4 (Prop_carry4_CI_CO[1])
                                                      0.120    30.154 r  clipper_cdf_inst/cdf_wr_data_reg[7]_i_53/CO[1]
                         net (fo=20, routed)          0.425    30.579    clipper_cdf_inst/cdf_wr_data_reg[7]_i_100_0[14]
    SLICE_X102Y91        LUT3 (Prop_lut3_I0_O)        0.249    30.828 r  clipper_cdf_inst/cdf_wr_data[7]_i_582/O
                         net (fo=1, routed)           0.000    30.828    clipper_cdf_inst/cdf_wr_data[7]_i_582_n_0
    SLICE_X102Y91        CARRY4 (Prop_carry4_S[1]_CO[3])
                                                      0.402    31.230 r  clipper_cdf_inst/cdf_wr_data_reg[7]_i_503/CO[3]
                         net (fo=1, routed)           0.000    31.230    clipper_cdf_inst/cdf_wr_data_reg[7]_i_503_n_0
    SLICE_X102Y92        CARRY4 (Prop_carry4_CI_CO[3])
                                                      0.092    31.322 r  clipper_cdf_inst/cdf_wr_data_reg[7]_i_393/CO[3]
                         net (fo=1, routed)           0.000    31.322    clipper_cdf_inst/cdf_wr_data_reg[7]_i_393_n_0
    SLICE_X102Y93        CARRY4 (Prop_carry4_CI_CO[3])
                                                      0.092    31.414 r  clipper_cdf_inst/cdf_wr_data_reg[7]_i_260/CO[3]
                         net (fo=1, routed)           0.000    31.414    clipper_cdf_inst/cdf_wr_data_reg[7]_i_260_n_0
    SLICE_X102Y94        CARRY4 (Prop_carry4_CI_CO[3])
                                                      0.092    31.506 r  clipper_cdf_inst/cdf_wr_data_reg[7]_i_128/CO[3]
                         net (fo=1, routed)           0.000    31.506    clipper_cdf_inst/cdf_wr_data_reg[7]_i_128_n_0
    SLICE_X102Y95        CARRY4 (Prop_carry4_CI_CO[1])
                                                      0.119    31.625 r  clipper_cdf_inst/cdf_wr_data_reg[7]_i_54/CO[1]
                         net (fo=20, routed)          0.374    31.999    clipper_cdf_inst/cdf_wr_data_reg[7]_i_100_0[13]
    SLICE_X103Y94        LUT3 (Prop_lut3_I0_O)        0.251    32.250 r  clipper_cdf_inst/cdf_wr_data[7]_i_519/O
                         net (fo=1, routed)           0.000    32.250    clipper_cdf_inst/cdf_wr_data[7]_i_519_n_0
    SLICE_X103Y94        CARRY4 (Prop_carry4_S[1]_CO[3])
                                                      0.412    32.662 r  clipper_cdf_inst/cdf_wr_data_reg[7]_i_411/CO[3]
                         net (fo=1, routed)           0.000    32.662    clipper_cdf_inst/cdf_wr_data_reg[7]_i_411_n_0
    SLICE_X103Y95        CARRY4 (Prop_carry4_CI_CO[3])
                                                      0.089    32.751 r  clipper_cdf_inst/cdf_wr_data_reg[7]_i_392/CO[3]
                         net (fo=1, routed)           0.000    32.751    clipper_cdf_inst/cdf_wr_data_reg[7]_i_392_n_0
    SLICE_X103Y96        CARRY4 (Prop_carry4_CI_CO[3])
                                                      0.089    32.840 r  clipper_cdf_inst/cdf_wr_data_reg[7]_i_259/CO[3]
                         net (fo=1, routed)           0.000    32.840    clipper_cdf_inst/cdf_wr_data_reg[7]_i_259_n_0
    SLICE_X103Y97        CARRY4 (Prop_carry4_CI_CO[3])
                                                      0.089    32.929 r  clipper_cdf_inst/cdf_wr_data_reg[7]_i_127/CO[3]
                         net (fo=1, routed)           0.000    32.929    clipper_cdf_inst/cdf_wr_data_reg[7]_i_127_n_0
    SLICE_X103Y98        CARRY4 (Prop_carry4_CI_CO[1])
                                                      0.120    33.049 r  clipper_cdf_inst/cdf_wr_data_reg[7]_i_51/CO[1]
                         net (fo=20, routed)          0.415    33.465    clipper_cdf_inst/cdf_wr_data_reg[7]_i_100_0[12]
    SLICE_X104Y97        LUT3 (Prop_lut3_I0_O)        0.249    33.714 r  clipper_cdf_inst/cdf_wr_data[7]_i_418/O
                         net (fo=1, routed)           0.000    33.714    clipper_cdf_inst/cdf_wr_data[7]_i_418_n_0
    SLICE_X104Y97        CARRY4 (Prop_carry4_S[1]_CO[3])
                                                      0.402    34.116 r  clipper_cdf_inst/cdf_wr_data_reg[7]_i_300/CO[3]
                         net (fo=1, routed)           0.000    34.116    clipper_cdf_inst/cdf_wr_data_reg[7]_i_300_n_0
    SLICE_X104Y98        CARRY4 (Prop_carry4_CI_CO[3])
                                                      0.092    34.208 r  clipper_cdf_inst/cdf_wr_data_reg[7]_i_295/CO[3]
                         net (fo=1, routed)           0.000    34.208    clipper_cdf_inst/cdf_wr_data_reg[7]_i_295_n_0
    SLICE_X104Y99        CARRY4 (Prop_carry4_CI_CO[3])
                                                      0.092    34.300 r  clipper_cdf_inst/cdf_wr_data_reg[7]_i_270/CO[3]
                         net (fo=1, routed)           0.001    34.300    clipper_cdf_inst/cdf_wr_data_reg[7]_i_270_n_0
    SLICE_X104Y100       CARRY4 (Prop_carry4_CI_CO[3])
                                                      0.092    34.392 r  clipper_cdf_inst/cdf_wr_data_reg[7]_i_131/CO[3]
                         net (fo=1, routed)           0.000    34.392    clipper_cdf_inst/cdf_wr_data_reg[7]_i_131_n_0
    SLICE_X104Y101       CARRY4 (Prop_carry4_CI_CO[1])
                                                      0.119    34.511 r  clipper_cdf_inst/cdf_wr_data_reg[7]_i_52/CO[1]
                         net (fo=20, routed)          0.391    34.902    clipper_cdf_inst/cdf_wr_data_reg[7]_i_100_0[11]
    SLICE_X103Y100       LUT3 (Prop_lut3_I0_O)        0.251    35.153 r  clipper_cdf_inst/cdf_wr_data[7]_i_307/O
                         net (fo=1, routed)           0.000    35.153    clipper_cdf_inst/cdf_wr_data[7]_i_307_n_0
    SLICE_X103Y100       CARRY4 (Prop_carry4_S[1]_CO[3])
                                                      0.412    35.565 r  clipper_cdf_inst/cdf_wr_data_reg[7]_i_170/CO[3]
                         net (fo=1, routed)           0.000    35.565    clipper_cdf_inst/cdf_wr_data_reg[7]_i_170_n_0
    SLICE_X103Y101       CARRY4 (Prop_carry4_CI_CO[3])
                                                      0.089    35.654 r  clipper_cdf_inst/cdf_wr_data_reg[7]_i_165/CO[3]
                         net (fo=1, routed)           0.000    35.654    clipper_cdf_inst/cdf_wr_data_reg[7]_i_165_n_0
    SLICE_X103Y102       CARRY4 (Prop_carry4_CI_CO[3])
                                                      0.089    35.743 r  clipper_cdf_inst/cdf_wr_data_reg[7]_i_160/CO[3]
                         net (fo=1, routed)           0.000    35.743    clipper_cdf_inst/cdf_wr_data_reg[7]_i_160_n_0
    SLICE_X103Y103       CARRY4 (Prop_carry4_CI_CO[3])
                                                      0.089    35.832 r  clipper_cdf_inst/cdf_wr_data_reg[7]_i_139/CO[3]
                         net (fo=1, routed)           0.000    35.832    clipper_cdf_inst/cdf_wr_data_reg[7]_i_139_n_0
    SLICE_X103Y104       CARRY4 (Prop_carry4_CI_CO[1])
                                                      0.120    35.952 r  clipper_cdf_inst/cdf_wr_data_reg[7]_i_55/CO[1]
                         net (fo=20, routed)          0.403    36.355    clipper_cdf_inst/cdf_wr_data_reg[7]_i_100_0[10]
    SLICE_X104Y103       LUT3 (Prop_lut3_I0_O)        0.249    36.604 r  clipper_cdf_inst/cdf_wr_data[7]_i_294/O
                         net (fo=1, routed)           0.000    36.604    clipper_cdf_inst/cdf_wr_data[7]_i_294_n_0
    SLICE_X104Y103       CARRY4 (Prop_carry4_S[1]_CO[3])
                                                      0.402    37.006 r  clipper_cdf_inst/cdf_wr_data_reg[7]_i_155/CO[3]
                         net (fo=1, routed)           0.000    37.006    clipper_cdf_inst/cdf_wr_data_reg[7]_i_155_n_0
    SLICE_X104Y104       CARRY4 (Prop_carry4_CI_CO[3])
                                                      0.092    37.098 r  clipper_cdf_inst/cdf_wr_data_reg[7]_i_76/CO[3]
                         net (fo=1, routed)           0.000    37.098    clipper_cdf_inst/cdf_wr_data_reg[7]_i_76_n_0
    SLICE_X104Y105       CARRY4 (Prop_carry4_CI_CO[3])
                                                      0.092    37.190 r  clipper_cdf_inst/cdf_wr_data_reg[7]_i_71/CO[3]
                         net (fo=1, routed)           0.000    37.190    clipper_cdf_inst/cdf_wr_data_reg[7]_i_71_n_0
    SLICE_X104Y106       CARRY4 (Prop_carry4_CI_CO[3])
                                                      0.092    37.282 r  clipper_cdf_inst/cdf_wr_data_reg[7]_i_68/CO[3]
                         net (fo=1, routed)           0.000    37.282    clipper_cdf_inst/cdf_wr_data_reg[7]_i_68_n_0
    SLICE_X104Y107       CARRY4 (Prop_carry4_CI_CO[1])
                                                      0.119    37.401 r  clipper_cdf_inst/cdf_wr_data_reg[7]_i_56/CO[1]
                         net (fo=20, routed)          0.506    37.906    clipper_cdf_inst/cdf_wr_data_reg[7]_i_100_0[9]
    SLICE_X102Y105       LUT3 (Prop_lut3_I0_O)        0.251    38.157 r  clipper_cdf_inst/cdf_wr_data[7]_i_291/O
                         net (fo=1, routed)           0.000    38.157    clipper_cdf_inst/cdf_wr_data[7]_i_291_n_0
    SLICE_X102Y105       CARRY4 (Prop_carry4_S[1]_CO[3])
                                                      0.402    38.559 r  clipper_cdf_inst/cdf_wr_data_reg[7]_i_150/CO[3]
                         net (fo=1, routed)           0.000    38.559    clipper_cdf_inst/cdf_wr_data_reg[7]_i_150_n_0
    SLICE_X102Y106       CARRY4 (Prop_carry4_CI_CO[3])
                                                      0.092    38.651 r  clipper_cdf_inst/cdf_wr_data_reg[7]_i_63/CO[3]
                         net (fo=1, routed)           0.000    38.651    clipper_cdf_inst/cdf_wr_data_reg[7]_i_63_n_0
    SLICE_X102Y107       CARRY4 (Prop_carry4_CI_CO[3])
                                                      0.092    38.743 r  clipper_cdf_inst/cdf_wr_data_reg[7]_i_30/CO[3]
                         net (fo=1, routed)           0.000    38.743    clipper_cdf_inst/cdf_wr_data_reg[7]_i_30_n_0
    SLICE_X102Y108       CARRY4 (Prop_carry4_CI_CO[3])
                                                      0.092    38.835 r  clipper_cdf_inst/cdf_wr_data_reg[7]_i_27/CO[3]
                         net (fo=1, routed)           0.000    38.835    clipper_cdf_inst/cdf_wr_data_reg[7]_i_27_n_0
    SLICE_X102Y109       CARRY4 (Prop_carry4_CI_CO[1])
                                                      0.119    38.954 r  clipper_cdf_inst/cdf_wr_data_reg[7]_i_26/CO[1]
                         net (fo=20, routed)          0.387    39.341    clipper_cdf_inst/cdf_wr_data_reg[7]_i_100_0[8]
    SLICE_X103Y108       LUT3 (Prop_lut3_I0_O)        0.251    39.592 r  clipper_cdf_inst/cdf_wr_data[7]_i_288/O
                         net (fo=1, routed)           0.000    39.592    clipper_cdf_inst/cdf_wr_data[7]_i_288_n_0
    SLICE_X103Y108       CARRY4 (Prop_carry4_S[1]_CO[3])
                                                      0.412    40.004 r  clipper_cdf_inst/cdf_wr_data_reg[7]_i_145/CO[3]
                         net (fo=1, routed)           0.000    40.004    clipper_cdf_inst/cdf_wr_data_reg[7]_i_145_n_0
    SLICE_X103Y109       CARRY4 (Prop_carry4_CI_CO[3])
                                                      0.089    40.093 r  clipper_cdf_inst/cdf_wr_data_reg[7]_i_58/CO[3]
                         net (fo=1, routed)           0.000    40.093    clipper_cdf_inst/cdf_wr_data_reg[7]_i_58_n_0
    SLICE_X103Y110       CARRY4 (Prop_carry4_CI_CO[3])
                                                      0.089    40.182 r  clipper_cdf_inst/cdf_wr_data_reg[7]_i_21/CO[3]
                         net (fo=1, routed)           0.000    40.182    clipper_cdf_inst/cdf_wr_data_reg[7]_i_21_n_0
    SLICE_X103Y111       CARRY4 (Prop_carry4_CI_CO[3])
                                                      0.089    40.271 r  clipper_cdf_inst/cdf_wr_data_reg[7]_i_10/CO[3]
                         net (fo=1, routed)           0.000    40.271    clipper_cdf_inst/cdf_wr_data_reg[7]_i_10_n_0
    SLICE_X103Y112       CARRY4 (Prop_carry4_CI_CO[1])
                                                      0.120    40.391 r  clipper_cdf_inst/cdf_wr_data_reg[7]_i_9/CO[1]
                         net (fo=20, routed)          0.569    40.960    clipper_cdf_inst/cdf_wr_data_reg[7]_i_100_0[7]
    SLICE_X104Y113       LUT3 (Prop_lut3_I0_O)        0.249    41.209 r  clipper_cdf_inst/cdf_wr_data[7]_i_147/O
                         net (fo=1, routed)           0.000    41.209    clipper_cdf_inst/cdf_wr_data[7]_i_147_n_0
    SLICE_X104Y113       CARRY4 (Prop_carry4_S[2]_CO[3])
                                                      0.286    41.495 r  clipper_cdf_inst/cdf_wr_data_reg[7]_i_57/CO[3]
                         net (fo=1, routed)           0.000    41.495    clipper_cdf_inst/cdf_wr_data_reg[7]_i_57_n_0
    SLICE_X104Y114       CARRY4 (Prop_carry4_CI_CO[3])
                                                      0.092    41.587 r  clipper_cdf_inst/cdf_wr_data_reg[7]_i_20/CO[3]
                         net (fo=1, routed)           0.000    41.587    clipper_cdf_inst/cdf_wr_data_reg[7]_i_20_n_0
    SLICE_X104Y115       CARRY4 (Prop_carry4_CI_CO[3])
                                                      0.092    41.679 r  clipper_cdf_inst/cdf_wr_data_reg[7]_i_8/CO[3]
                         net (fo=1, routed)           0.000    41.679    clipper_cdf_inst/cdf_wr_data_reg[7]_i_8_n_0
    SLICE_X104Y116       CARRY4 (Prop_carry4_CI_CO[1])
                                                      0.119    41.798 r  clipper_cdf_inst/cdf_wr_data_reg[7]_i_4/CO[1]
                         net (fo=20, routed)          0.525    42.323    clipper_cdf_inst/cdf_wr_data_reg[7]_i_100_0[6]
    SLICE_X103Y114       CARRY4 (Prop_carry4_CYINIT_CO[3])
                                                      0.586    42.909 r  clipper_cdf_inst/cdf_wr_data_reg[6]_i_16/CO[3]
                         net (fo=1, routed)           0.000    42.909    clipper_cdf_inst/cdf_wr_data_reg[6]_i_16_n_0
    SLICE_X103Y115       CARRY4 (Prop_carry4_CI_CO[3])
                                                      0.089    42.998 r  clipper_cdf_inst/cdf_wr_data_reg[6]_i_11/CO[3]
                         net (fo=1, routed)           0.000    42.998    clipper_cdf_inst/cdf_wr_data_reg[6]_i_11_n_0
    SLICE_X103Y116       CARRY4 (Prop_carry4_CI_CO[3])
                                                      0.089    43.087 r  clipper_cdf_inst/cdf_wr_data_reg[6]_i_6/CO[3]
                         net (fo=1, routed)           0.000    43.087    clipper_cdf_inst/cdf_wr_data_reg[6]_i_6_n_0
    SLICE_X103Y117       CARRY4 (Prop_carry4_CI_CO[3])
                                                      0.089    43.176 r  clipper_cdf_inst/cdf_wr_data_reg[6]_i_3/CO[3]
                         net (fo=1, routed)           0.000    43.176    clipper_cdf_inst/cdf_wr_data_reg[6]_i_3_n_0
    SLICE_X103Y118       CARRY4 (Prop_carry4_CI_CO[1])
                                                      0.120    43.296 r  clipper_cdf_inst/cdf_wr_data_reg[6]_i_2/CO[1]
                         net (fo=20, routed)          0.574    43.870    clipper_cdf_inst/cdf_wr_data_reg[7]_i_100_0[5]
    SLICE_X102Y114       LUT3 (Prop_lut3_I0_O)        0.249    44.119 r  clipper_cdf_inst/cdf_wr_data[5]_i_23/O
                         net (fo=1, routed)           0.000    44.119    clipper_cdf_inst/cdf_wr_data[5]_i_23_n_0
    SLICE_X102Y114       CARRY4 (Prop_carry4_S[1]_CO[3])
                                                      0.402    44.521 r  clipper_cdf_inst/cdf_wr_data_reg[5]_i_16/CO[3]
                         net (fo=1, routed)           0.000    44.521    clipper_cdf_inst/cdf_wr_data_reg[5]_i_16_n_0
    SLICE_X102Y115       CARRY4 (Prop_carry4_CI_CO[3])
                                                      0.092    44.613 r  clipper_cdf_inst/cdf_wr_data_reg[5]_i_11/CO[3]
                         net (fo=1, routed)           0.000    44.613    clipper_cdf_inst/cdf_wr_data_reg[5]_i_11_n_0
    SLICE_X102Y116       CARRY4 (Prop_carry4_CI_CO[3])
                                                      0.092    44.705 r  clipper_cdf_inst/cdf_wr_data_reg[5]_i_6/CO[3]
                         net (fo=1, routed)           0.000    44.705    clipper_cdf_inst/cdf_wr_data_reg[5]_i_6_n_0
    SLICE_X102Y117       CARRY4 (Prop_carry4_CI_CO[3])
                                                      0.092    44.797 r  clipper_cdf_inst/cdf_wr_data_reg[5]_i_3/CO[3]
                         net (fo=1, routed)           0.000    44.797    clipper_cdf_inst/cdf_wr_data_reg[5]_i_3_n_0
    SLICE_X102Y118       CARRY4 (Prop_carry4_CI_CO[1])
                                                      0.119    44.916 r  clipper_cdf_inst/cdf_wr_data_reg[5]_i_2/CO[1]
                         net (fo=20, routed)          0.520    45.435    clipper_cdf_inst/cdf_wr_data_reg[7]_i_100_0[4]
    SLICE_X105Y116       CARRY4 (Prop_carry4_CYINIT_CO[3])
                                                      0.586    46.021 r  clipper_cdf_inst/cdf_wr_data_reg[4]_i_16/CO[3]
                         net (fo=1, routed)           0.000    46.021    clipper_cdf_inst/cdf_wr_data_reg[4]_i_16_n_0
    SLICE_X105Y117       CARRY4 (Prop_carry4_CI_CO[3])
                                                      0.089    46.110 r  clipper_cdf_inst/cdf_wr_data_reg[4]_i_11/CO[3]
                         net (fo=1, routed)           0.000    46.110    clipper_cdf_inst/cdf_wr_data_reg[4]_i_11_n_0
    SLICE_X105Y118       CARRY4 (Prop_carry4_CI_CO[3])
                                                      0.089    46.199 r  clipper_cdf_inst/cdf_wr_data_reg[4]_i_6/CO[3]
                         net (fo=1, routed)           0.000    46.199    clipper_cdf_inst/cdf_wr_data_reg[4]_i_6_n_0
    SLICE_X105Y119       CARRY4 (Prop_carry4_CI_CO[3])
                                                      0.089    46.288 r  clipper_cdf_inst/cdf_wr_data_reg[4]_i_3/CO[3]
                         net (fo=1, routed)           0.000    46.288    clipper_cdf_inst/cdf_wr_data_reg[4]_i_3_n_0
    SLICE_X105Y120       CARRY4 (Prop_carry4_CI_CO[1])
                                                      0.120    46.408 r  clipper_cdf_inst/cdf_wr_data_reg[4]_i_2/CO[1]
                         net (fo=20, routed)          0.408    46.817    clipper_cdf_inst/cdf_wr_data_reg[7]_i_100_0[3]
    SLICE_X104Y119       LUT3 (Prop_lut3_I0_O)        0.249    47.066 r  clipper_cdf_inst/cdf_wr_data[3]_i_23/O
                         net (fo=1, routed)           0.000    47.066    clipper_cdf_inst/cdf_wr_data[3]_i_23_n_0
    SLICE_X104Y119       CARRY4 (Prop_carry4_S[1]_CO[3])
                                                      0.402    47.468 r  clipper_cdf_inst/cdf_wr_data_reg[3]_i_16/CO[3]
                         net (fo=1, routed)           0.000    47.468    clipper_cdf_inst/cdf_wr_data_reg[3]_i_16_n_0
    SLICE_X104Y120       CARRY4 (Prop_carry4_CI_CO[3])
                                                      0.092    47.560 r  clipper_cdf_inst/cdf_wr_data_reg[3]_i_11/CO[3]
                         net (fo=1, routed)           0.000    47.560    clipper_cdf_inst/cdf_wr_data_reg[3]_i_11_n_0
    SLICE_X104Y121       CARRY4 (Prop_carry4_CI_CO[3])
                                                      0.092    47.652 r  clipper_cdf_inst/cdf_wr_data_reg[3]_i_6/CO[3]
                         net (fo=1, routed)           0.000    47.652    clipper_cdf_inst/cdf_wr_data_reg[3]_i_6_n_0
    SLICE_X104Y122       CARRY4 (Prop_carry4_CI_CO[3])
                                                      0.092    47.744 r  clipper_cdf_inst/cdf_wr_data_reg[3]_i_3/CO[3]
                         net (fo=1, routed)           0.000    47.744    clipper_cdf_inst/cdf_wr_data_reg[3]_i_3_n_0
    SLICE_X104Y123       CARRY4 (Prop_carry4_CI_CO[1])
                                                      0.119    47.863 r  clipper_cdf_inst/cdf_wr_data_reg[3]_i_2/CO[1]
                         net (fo=20, routed)          0.537    48.400    clipper_cdf_inst/cdf_wr_data_reg[7]_i_100_0[2]
    SLICE_X103Y121       CARRY4 (Prop_carry4_CYINIT_CO[3])
                                                      0.586    48.986 r  clipper_cdf_inst/cdf_wr_data_reg[2]_i_16/CO[3]
                         net (fo=1, routed)           0.000    48.986    clipper_cdf_inst/cdf_wr_data_reg[2]_i_16_n_0
    SLICE_X103Y122       CARRY4 (Prop_carry4_CI_CO[3])
                                                      0.089    49.075 r  clipper_cdf_inst/cdf_wr_data_reg[2]_i_11/CO[3]
                         net (fo=1, routed)           0.000    49.075    clipper_cdf_inst/cdf_wr_data_reg[2]_i_11_n_0
    SLICE_X103Y123       CARRY4 (Prop_carry4_CI_CO[3])
                                                      0.089    49.164 r  clipper_cdf_inst/cdf_wr_data_reg[2]_i_6/CO[3]
                         net (fo=1, routed)           0.000    49.164    clipper_cdf_inst/cdf_wr_data_reg[2]_i_6_n_0
    SLICE_X103Y124       CARRY4 (Prop_carry4_CI_CO[3])
                                                      0.089    49.253 r  clipper_cdf_inst/cdf_wr_data_reg[2]_i_3/CO[3]
                         net (fo=1, routed)           0.007    49.260    clipper_cdf_inst/cdf_wr_data_reg[2]_i_3_n_0
    SLICE_X103Y125       CARRY4 (Prop_carry4_CI_CO[1])
                                                      0.120    49.380 r  clipper_cdf_inst/cdf_wr_data_reg[2]_i_2/CO[1]
                         net (fo=20, routed)          0.543    49.923    clipper_cdf_inst/cdf_wr_data_reg[7]_i_100_0[1]
    SLICE_X102Y123       LUT3 (Prop_lut3_I0_O)        0.249    50.172 r  clipper_cdf_inst/cdf_wr_data[1]_i_23/O
                         net (fo=1, routed)           0.000    50.172    clipper_cdf_inst/cdf_wr_data[1]_i_23_n_0
    SLICE_X102Y123       CARRY4 (Prop_carry4_S[1]_CO[3])
                                                      0.402    50.574 r  clipper_cdf_inst/cdf_wr_data_reg[1]_i_16/CO[3]
                         net (fo=1, routed)           0.000    50.574    clipper_cdf_inst/cdf_wr_data_reg[1]_i_16_n_0
    SLICE_X102Y124       CARRY4 (Prop_carry4_CI_CO[3])
                                                      0.092    50.666 r  clipper_cdf_inst/cdf_wr_data_reg[1]_i_11/CO[3]
                         net (fo=1, routed)           0.007    50.673    clipper_cdf_inst/cdf_wr_data_reg[1]_i_11_n_0
    SLICE_X102Y125       CARRY4 (Prop_carry4_CI_CO[3])
                                                      0.092    50.765 r  clipper_cdf_inst/cdf_wr_data_reg[1]_i_6/CO[3]
                         net (fo=1, routed)           0.000    50.765    clipper_cdf_inst/cdf_wr_data_reg[1]_i_6_n_0
    SLICE_X102Y126       CARRY4 (Prop_carry4_CI_CO[3])
                                                      0.092    50.857 r  clipper_cdf_inst/cdf_wr_data_reg[1]_i_3/CO[3]
                         net (fo=1, routed)           0.000    50.857    clipper_cdf_inst/cdf_wr_data_reg[1]_i_3_n_0
    SLICE_X102Y127       CARRY4 (Prop_carry4_CI_CO[1])
                                                      0.119    50.976 r  clipper_cdf_inst/cdf_wr_data_reg[1]_i_2/CO[1]
                         net (fo=20, routed)          0.451    51.427    clipper_cdf_inst/cdf_wr_data_reg[7]_i_100_0[0]
    SLICE_X103Y126       LUT3 (Prop_lut3_I0_O)        0.251    51.678 r  clipper_cdf_inst/cdf_wr_data[0]_i_22/O
                         net (fo=1, routed)           0.000    51.678    clipper_cdf_inst/cdf_wr_data[0]_i_22_n_0
    SLICE_X103Y126       CARRY4 (Prop_carry4_S[1]_CO[3])
                                                      0.412    52.090 r  clipper_cdf_inst/cdf_wr_data_reg[0]_i_15/CO[3]
                         net (fo=1, routed)           0.000    52.090    clipper_cdf_inst/cdf_wr_data_reg[0]_i_15_n_0
    SLICE_X103Y127       CARRY4 (Prop_carry4_CI_CO[3])
                                                      0.089    52.179 r  clipper_cdf_inst/cdf_wr_data_reg[0]_i_10/CO[3]
                         net (fo=1, routed)           0.000    52.179    clipper_cdf_inst/cdf_wr_data_reg[0]_i_10_n_0
    SLICE_X103Y128       CARRY4 (Prop_carry4_CI_CO[3])
                                                      0.089    52.268 r  clipper_cdf_inst/cdf_wr_data_reg[0]_i_5/CO[3]
                         net (fo=1, routed)           0.000    52.268    clipper_cdf_inst/cdf_wr_data_reg[0]_i_5_n_0
    SLICE_X103Y129       CARRY4 (Prop_carry4_CI_CO[3])
                                                      0.089    52.357 r  clipper_cdf_inst/cdf_wr_data_reg[0]_i_3/CO[3]
                         net (fo=1, routed)           0.000    52.357    clipper_cdf_inst/cdf_wr_data_reg[0]_i_3_n_0
    SLICE_X103Y130       CARRY4 (Prop_carry4_CI_CO[0])
                                                      0.187    52.544 r  clipper_cdf_inst/cdf_wr_data_reg[0]_i_2/CO[0]
                         net (fo=1, routed)           0.201    52.744    clipper_cdf_inst/norm_div_result0[0]
    SLICE_X102Y129       LUT3 (Prop_lut3_I0_O)        0.279    53.023 r  clipper_cdf_inst/cdf_wr_data[0]_i_1/O
                         net (fo=1, routed)           0.000    53.023    clipper_cdf_inst/norm_saturated[0]
    SLICE_X102Y129       FDCE                                         r  clipper_cdf_inst/cdf_wr_data_reg[0]/D
  -------------------------------------------------------------------    -------------------

                         (clock pclk rise edge)      13.500    13.500 r  
    U7                                                0.000    13.500 r  pclk (IN)
                         net (fo=0)                   0.000    13.500    pclk
    U7                   IBUF (Prop_ibuf_I_O)         0.776    14.276 r  pclk_IBUF_inst/O
                         net (fo=1, routed)           1.484    15.759    pclk_IBUF
    BUFGCTRL_X0Y0        BUFG (Prop_bufg_I_O)         0.072    15.831 r  pclk_IBUF_BUFG_inst/O
                         net (fo=647, routed)         1.349    17.181    clipper_cdf_inst/pclk_IBUF_BUFG
    SLICE_X102Y129       FDCE                                         r  clipper_cdf_inst/cdf_wr_data_reg[0]/C
                         clock pessimism              0.302    17.483    
                         clock uncertainty           -0.035    17.448    
    SLICE_X102Y129       FDCE (Setup_fdce_C_D)        0.072    17.520    clipper_cdf_inst/cdf_wr_data_reg[0]
  -------------------------------------------------------------------
                         required time                         17.520    
                         arrival time                         -53.023    
  -------------------------------------------------------------------
                         slack                                -35.504    

Slack (VIOLATED) :        -34.123ns  (required time - arrival time)
  Source:                 clipper_cdf_inst/cdf_range_reg[1]/C
                            (rising edge-triggered cell FDCE clocked by pclk  {rise@0.000ns fall@6.750ns period=13.500ns})
  Destination:            clipper_cdf_inst/cdf_wr_data_reg[1]/D
                            (rising edge-triggered cell FDCE clocked by pclk  {rise@0.000ns fall@6.750ns period=13.500ns})
  Path Group:             pclk
  Path Type:              Setup (Max at Slow Process Corner)
  Requirement:            13.500ns  (pclk rise@13.500ns - pclk rise@0.000ns)
  Data Path Delay:        47.596ns  (logic 32.382ns (68.035%)  route 15.214ns (31.965%))
  Logic Levels:           181  (CARRY4=152 LUT1=1 LUT2=6 LUT3=22)
  Clock Path Skew:        -0.061ns (DCD - SCD + CPR)
    Destination Clock Delay (DCD):    3.681ns = ( 17.181 - 13.500 ) 
    Source Clock Delay      (SCD):    4.044ns
    Clock Pessimism Removal (CPR):    0.302ns
  Clock Uncertainty:      0.035ns  ((TSJ^2 + TIJ^2)^1/2 + DJ) / 2 + PE
    Total System Jitter     (TSJ):    0.071ns
    Total Input Jitter      (TIJ):    0.000ns
    Discrete Jitter          (DJ):    0.000ns
    Phase Error              (PE):    0.000ns

    Location             Delay type                Incr(ns)  Path(ns)    Netlist Resource(s)
  -------------------------------------------------------------------    -------------------
                         (clock pclk rise edge)       0.000     0.000 r  
    U7                                                0.000     0.000 r  pclk (IN)
                         net (fo=0)                   0.000     0.000    pclk
    U7                   IBUF (Prop_ibuf_I_O)         0.908     0.908 r  pclk_IBUF_inst/O
                         net (fo=1, routed)           1.636     2.544    pclk_IBUF
    BUFGCTRL_X0Y0        BUFG (Prop_bufg_I_O)         0.079     2.623 r  pclk_IBUF_BUFG_inst/O
                         net (fo=647, routed)         1.421     4.044    clipper_cdf_inst/pclk_IBUF_BUFG
    SLICE_X109Y51        FDCE                                         r  clipper_cdf_inst/cdf_range_reg[1]/C
  -------------------------------------------------------------------    -------------------
    SLICE_X109Y51        FDCE (Prop_fdce_C_Q)         0.341     4.385 f  clipper_cdf_inst/cdf_range_reg[1]/Q
                         net (fo=34, routed)          0.322     4.707    clipper_cdf_inst/cdf_range[1]
    SLICE_X108Y52        LUT1 (Prop_lut1_I0_O)        0.097     4.804 r  clipper_cdf_inst/cdf_wr_data[7]_i_554/O
                         net (fo=1, routed)           0.000     4.804    clipper_cdf_inst/cdf_wr_data[7]_i_554_n_0
    SLICE_X108Y52        CARRY4 (Prop_carry4_S[1]_CO[3])
                                                      0.402     5.206 r  clipper_cdf_inst/cdf_wr_data_reg[7]_i_450/CO[3]
                         net (fo=1, routed)           0.000     5.206    clipper_cdf_inst/cdf_wr_data_reg[7]_i_450_n_0
    SLICE_X108Y53        CARRY4 (Prop_carry4_CI_CO[3])
                                                      0.092     5.298 r  clipper_cdf_inst/cdf_wr_data_reg[7]_i_339/CO[3]
                         net (fo=1, routed)           0.000     5.298    clipper_cdf_inst/cdf_wr_data_reg[7]_i_339_n_0
    SLICE_X108Y54        CARRY4 (Prop_carry4_CI_CO[3])
                                                      0.092     5.390 r  clipper_cdf_inst/cdf_wr_data_reg[7]_i_206/CO[3]
                         net (fo=1, routed)           0.000     5.390    clipper_cdf_inst/cdf_wr_data_reg[7]_i_206_n_0
    SLICE_X108Y55        CARRY4 (Prop_carry4_CI_CO[3])
                                                      0.092     5.482 r  clipper_cdf_inst/cdf_wr_data_reg[7]_i_100/CO[3]
                         net (fo=1, routed)           0.000     5.482    clipper_cdf_inst/cdf_wr_data_reg[7]_i_100_n_0
    SLICE_X108Y56        CARRY4 (Prop_carry4_CI_CO[0])
                                                      0.184     5.666 r  clipper_cdf_inst/cdf_wr_data_reg[7]_i_41/CO[0]
                         net (fo=21, routed)          0.731     6.396    clipper_cdf_inst/cdf_wr_data_reg[7]_i_100_0[30]
    SLICE_X107Y52        LUT3 (Prop_lut3_I0_O)        0.262     6.658 r  clipper_cdf_inst/cdf_wr_data[7]_i_453/O
                         net (fo=1, routed)           0.000     6.658    clipper_cdf_inst/cdf_wr_data[7]_i_453_n_0
    SLICE_X107Y52        CARRY4 (Prop_carry4_S[1]_CO[3])
                                                      0.412     7.070 r  clipper_cdf_inst/cdf_wr_data_reg[7]_i_334/CO[3]
                         net (fo=1, routed)           0.000     7.070    clipper_cdf_inst/cdf_wr_data_reg[7]_i_334_n_0
    SLICE_X107Y53        CARRY4 (Prop_carry4_CI_CO[3])
                                                      0.089     7.159 r  clipper_cdf_inst/cdf_wr_data_reg[7]_i_201/CO[3]
                         net (fo=1, routed)           0.000     7.159    clipper_cdf_inst/cdf_wr_data_reg[7]_i_201_n_0
    SLICE_X107Y54        CARRY4 (Prop_carry4_CI_CO[3])
                                                      0.089     7.248 r  clipper_cdf_inst/cdf_wr_data_reg[7]_i_95/CO[3]
                         net (fo=1, routed)           0.000     7.248    clipper_cdf_inst/cdf_wr_data_reg[7]_i_95_n_0
    SLICE_X107Y55        CARRY4 (Prop_carry4_CI_CO[1])
                                                      0.120     7.368 r  clipper_cdf_inst/cdf_wr_data_reg[7]_i_42/CO[1]
                         net (fo=21, routed)          0.585     7.953    clipper_cdf_inst/cdf_wr_data_reg[7]_i_100_0[29]
    SLICE_X106Y51        LUT2 (Prop_lut2_I1_O)        0.249     8.202 r  clipper_cdf_inst/cdf_wr_data[7]_i_539/O
                         net (fo=1, routed)           0.000     8.202    clipper_cdf_inst/cdf_wr_data[7]_i_539_n_0
    SLICE_X106Y51        CARRY4 (Prop_carry4_S[1]_CO[3])
                                                      0.412     8.614 r  clipper_cdf_inst/cdf_wr_data_reg[7]_i_435/CO[3]
                         net (fo=1, routed)           0.000     8.614    clipper_cdf_inst/cdf_wr_data_reg[7]_i_435_n_0
    SLICE_X106Y52        CARRY4 (Prop_carry4_CI_CO[3])
                                                      0.089     8.703 r  clipper_cdf_inst/cdf_wr_data_reg[7]_i_329/CO[3]
                         net (fo=1, routed)           0.000     8.703    clipper_cdf_inst/cdf_wr_data_reg[7]_i_329_n_0
    SLICE_X106Y53        CARRY4 (Prop_carry4_CI_CO[3])
                                                      0.089     8.792 r  clipper_cdf_inst/cdf_wr_data_reg[7]_i_196/CO[3]
                         net (fo=1, routed)           0.000     8.792    clipper_cdf_inst/cdf_wr_data_reg[7]_i_196_n_0
    SLICE_X106Y54        CARRY4 (Prop_carry4_CI_CO[3])
                                                      0.089     8.881 r  clipper_cdf_inst/cdf_wr_data_reg[7]_i_94/CO[3]
                         net (fo=1, routed)           0.000     8.881    clipper_cdf_inst/cdf_wr_data_reg[7]_i_94_n_0
    SLICE_X106Y55        CARRY4 (Prop_carry4_CI_CO[1])
                                                      0.120     9.001 r  clipper_cdf_inst/cdf_wr_data_reg[7]_i_39/CO[1]
                         net (fo=21, routed)          0.635     9.636    clipper_cdf_inst/cdf_wr_data_reg[7]_i_100_0[28]
    SLICE_X105Y53        LUT2 (Prop_lut2_I1_O)        0.249     9.885 r  clipper_cdf_inst/cdf_wr_data[7]_i_535/O
                         net (fo=1, routed)           0.000     9.885    clipper_cdf_inst/cdf_wr_data[7]_i_535_n_0
    SLICE_X105Y53        CARRY4 (Prop_carry4_S[1]_CO[3])
                                                      0.412    10.297 r  clipper_cdf_inst/cdf_wr_data_reg[7]_i_430/CO[3]
                         net (fo=1, routed)           0.000    10.297    clipper_cdf_inst/cdf_wr_data_reg[7]_i_430_n_0
    SLICE_X105Y54        CARRY4 (Prop_carry4_CI_CO[3])
                                                      0.089    10.386 r  clipper_cdf_inst/cdf_wr_data_reg[7]_i_319/CO[3]
                         net (fo=1, routed)           0.000    10.386    clipper_cdf_inst/cdf_wr_data_reg[7]_i_319_n_0
    SLICE_X105Y55        CARRY4 (Prop_carry4_CI_CO[3])
                                                      0.089    10.475 r  clipper_cdf_inst/cdf_wr_data_reg[7]_i_191/CO[3]
                         net (fo=1, routed)           0.000    10.475    clipper_cdf_inst/cdf_wr_data_reg[7]_i_191_n_0
    SLICE_X105Y56        CARRY4 (Prop_carry4_CI_CO[3])
                                                      0.089    10.564 r  clipper_cdf_inst/cdf_wr_data_reg[7]_i_89/CO[3]
                         net (fo=1, routed)           0.000    10.564    clipper_cdf_inst/cdf_wr_data_reg[7]_i_89_n_0
    SLICE_X105Y57        CARRY4 (Prop_carry4_CI_CO[1])
                                                      0.120    10.684 r  clipper_cdf_inst/cdf_wr_data_reg[7]_i_40/CO[1]
                         net (fo=21, routed)          0.506    11.190    clipper_cdf_inst/cdf_wr_data_reg[7]_i_100_0[27]
    SLICE_X104Y55        LUT2 (Prop_lut2_I1_O)        0.249    11.439 r  clipper_cdf_inst/cdf_wr_data[7]_i_531/O
                         net (fo=1, routed)           0.000    11.439    clipper_cdf_inst/cdf_wr_data[7]_i_531_n_0
    SLICE_X104Y55        CARRY4 (Prop_carry4_S[1]_CO[3])
                                                      0.402    11.841 r  clipper_cdf_inst/cdf_wr_data_reg[7]_i_425/CO[3]
                         net (fo=1, routed)           0.000    11.841    clipper_cdf_inst/cdf_wr_data_reg[7]_i_425_n_0
    SLICE_X104Y56        CARRY4 (Prop_carry4_CI_CO[3])
                                                      0.092    11.933 r  clipper_cdf_inst/cdf_wr_data_reg[7]_i_314/CO[3]
                         net (fo=1, routed)           0.000    11.933    clipper_cdf_inst/cdf_wr_data_reg[7]_i_314_n_0
    SLICE_X104Y57        CARRY4 (Prop_carry4_CI_CO[3])
                                                      0.092    12.025 r  clipper_cdf_inst/cdf_wr_data_reg[7]_i_181/CO[3]
                         net (fo=1, routed)           0.000    12.025    clipper_cdf_inst/cdf_wr_data_reg[7]_i_181_n_0
    SLICE_X104Y58        CARRY4 (Prop_carry4_CI_CO[3])
                                                      0.092    12.117 r  clipper_cdf_inst/cdf_wr_data_reg[7]_i_88/CO[3]
                         net (fo=1, routed)           0.000    12.117    clipper_cdf_inst/cdf_wr_data_reg[7]_i_88_n_0
    SLICE_X104Y59        CARRY4 (Prop_carry4_CI_CO[1])
                                                      0.119    12.236 r  clipper_cdf_inst/cdf_wr_data_reg[7]_i_37/CO[1]
                         net (fo=21, routed)          0.604    12.841    clipper_cdf_inst/cdf_wr_data_reg[7]_i_100_0[26]
    SLICE_X103Y57        LUT2 (Prop_lut2_I1_O)        0.251    13.092 r  clipper_cdf_inst/cdf_wr_data[7]_i_527/O
                         net (fo=1, routed)           0.000    13.092    clipper_cdf_inst/cdf_wr_data[7]_i_527_n_0
    SLICE_X103Y57        CARRY4 (Prop_carry4_S[1]_CO[3])
                                                      0.412    13.504 r  clipper_cdf_inst/cdf_wr_data_reg[7]_i_420/CO[3]
                         net (fo=1, routed)           0.000    13.504    clipper_cdf_inst/cdf_wr_data_reg[7]_i_420_n_0
    SLICE_X103Y58        CARRY4 (Prop_carry4_CI_CO[3])
                                                      0.089    13.593 r  clipper_cdf_inst/cdf_wr_data_reg[7]_i_309/CO[3]
                         net (fo=1, routed)           0.000    13.593    clipper_cdf_inst/cdf_wr_data_reg[7]_i_309_n_0
    SLICE_X103Y59        CARRY4 (Prop_carry4_CI_CO[3])
                                                      0.089    13.682 r  clipper_cdf_inst/cdf_wr_data_reg[7]_i_176/CO[3]
                         net (fo=1, routed)           0.000    13.682    clipper_cdf_inst/cdf_wr_data_reg[7]_i_176_n_0
    SLICE_X103Y60        CARRY4 (Prop_carry4_CI_CO[3])
                                                      0.089    13.771 r  clipper_cdf_inst/cdf_wr_data_reg[7]_i_82/CO[3]
                         net (fo=1, routed)           0.000    13.771    clipper_cdf_inst/cdf_wr_data_reg[7]_i_82_n_0
    SLICE_X103Y61        CARRY4 (Prop_carry4_CI_CO[1])
                                                      0.120    13.891 r  clipper_cdf_inst/cdf_wr_data_reg[7]_i_38/CO[1]
                         net (fo=21, routed)          0.477    14.368    clipper_cdf_inst/cdf_wr_data_reg[7]_i_100_0[25]
    SLICE_X102Y60        LUT2 (Prop_lut2_I1_O)        0.249    14.617 r  clipper_cdf_inst/cdf_wr_data[7]_i_523/O
                         net (fo=1, routed)           0.000    14.617    clipper_cdf_inst/cdf_wr_data[7]_i_523_n_0
    SLICE_X102Y60        CARRY4 (Prop_carry4_S[1]_CO[3])
                                                      0.402    15.019 r  clipper_cdf_inst/cdf_wr_data_reg[7]_i_419/CO[3]
                         net (fo=1, routed)           0.000    15.019    clipper_cdf_inst/cdf_wr_data_reg[7]_i_419_n_0
    SLICE_X102Y61        CARRY4 (Prop_carry4_CI_CO[3])
                                                      0.092    15.111 r  clipper_cdf_inst/cdf_wr_data_reg[7]_i_308/CO[3]
                         net (fo=1, routed)           0.000    15.111    clipper_cdf_inst/cdf_wr_data_reg[7]_i_308_n_0
    SLICE_X102Y62        CARRY4 (Prop_carry4_CI_CO[3])
                                                      0.092    15.203 r  clipper_cdf_inst/cdf_wr_data_reg[7]_i_175/CO[3]
                         net (fo=1, routed)           0.000    15.203    clipper_cdf_inst/cdf_wr_data_reg[7]_i_175_n_0
    SLICE_X102Y63        CARRY4 (Prop_carry4_CI_CO[3])
                                                      0.092    15.295 r  clipper_cdf_inst/cdf_wr_data_reg[7]_i_81/CO[3]
                         net (fo=1, routed)           0.000    15.295    clipper_cdf_inst/cdf_wr_data_reg[7]_i_81_n_0
    SLICE_X102Y64        CARRY4 (Prop_carry4_CI_CO[1])
                                                      0.119    15.414 r  clipper_cdf_inst/cdf_wr_data_reg[7]_i_35/CO[1]
                         net (fo=21, routed)          0.479    15.893    clipper_cdf_inst/cdf_wr_data_reg[7]_i_100_0[24]
    SLICE_X103Y63        LUT2 (Prop_lut2_I1_O)        0.251    16.144 r  clipper_cdf_inst/cdf_wr_data[7]_i_543/O
                         net (fo=1, routed)           0.000    16.144    clipper_cdf_inst/cdf_wr_data[7]_i_543_n_0
    SLICE_X103Y63        CARRY4 (Prop_carry4_S[1]_CO[3])
                                                      0.412    16.556 r  clipper_cdf_inst/cdf_wr_data_reg[7]_i_440/CO[3]
                         net (fo=1, routed)           0.000    16.556    clipper_cdf_inst/cdf_wr_data_reg[7]_i_440_n_0
    SLICE_X103Y64        CARRY4 (Prop_carry4_CI_CO[3])
                                                      0.089    16.645 r  clipper_cdf_inst/cdf_wr_data_reg[7]_i_324/CO[3]
                         net (fo=1, routed)           0.000    16.645    clipper_cdf_inst/cdf_wr_data_reg[7]_i_324_n_0
    SLICE_X103Y65        CARRY4 (Prop_carry4_CI_CO[3])
                                                      0.089    16.734 r  clipper_cdf_inst/cdf_wr_data_reg[7]_i_186/CO[3]
                         net (fo=1, routed)           0.000    16.734    clipper_cdf_inst/cdf_wr_data_reg[7]_i_186_n_0
    SLICE_X103Y66        CARRY4 (Prop_carry4_CI_CO[3])
                                                      0.089    16.823 r  clipper_cdf_inst/cdf_wr_data_reg[7]_i_85/CO[3]
                         net (fo=1, routed)           0.000    16.823    clipper_cdf_inst/cdf_wr_data_reg[7]_i_85_n_0
    SLICE_X103Y67        CARRY4 (Prop_carry4_CI_CO[1])
                                                      0.120    16.943 r  clipper_cdf_inst/cdf_wr_data_reg[7]_i_36/CO[1]
                         net (fo=20, routed)          0.424    17.367    clipper_cdf_inst/cdf_wr_data_reg[7]_i_100_0[23]
    SLICE_X102Y65        LUT3 (Prop_lut3_I0_O)        0.249    17.616 r  clipper_cdf_inst/cdf_wr_data[7]_i_579/O
                         net (fo=1, routed)           0.000    17.616    clipper_cdf_inst/cdf_wr_data[7]_i_579_n_0
    SLICE_X102Y65        CARRY4 (Prop_carry4_S[1]_CO[3])
                                                      0.402    18.018 r  clipper_cdf_inst/cdf_wr_data_reg[7]_i_494/CO[3]
                         net (fo=1, routed)           0.000    18.018    clipper_cdf_inst/cdf_wr_data_reg[7]_i_494_n_0
    SLICE_X102Y66        CARRY4 (Prop_carry4_CI_CO[3])
                                                      0.092    18.110 r  clipper_cdf_inst/cdf_wr_data_reg[7]_i_383/CO[3]
                         net (fo=1, routed)           0.000    18.110    clipper_cdf_inst/cdf_wr_data_reg[7]_i_383_n_0
    SLICE_X102Y67        CARRY4 (Prop_carry4_CI_CO[3])
                                                      0.092    18.202 r  clipper_cdf_inst/cdf_wr_data_reg[7]_i_250/CO[3]
                         net (fo=1, routed)           0.000    18.202    clipper_cdf_inst/cdf_wr_data_reg[7]_i_250_n_0
    SLICE_X102Y68        CARRY4 (Prop_carry4_CI_CO[3])
                                                      0.092    18.294 r  clipper_cdf_inst/cdf_wr_data_reg[7]_i_122/CO[3]
                         net (fo=1, routed)           0.000    18.294    clipper_cdf_inst/cdf_wr_data_reg[7]_i_122_n_0
    SLICE_X102Y69        CARRY4 (Prop_carry4_CI_CO[1])
                                                      0.119    18.413 r  clipper_cdf_inst/cdf_wr_data_reg[7]_i_49/CO[1]
                         net (fo=20, routed)          0.374    18.788    clipper_cdf_inst/cdf_wr_data_reg[7]_i_100_0[22]
    SLICE_X103Y68        LUT3 (Prop_lut3_I0_O)        0.251    19.039 r  clipper_cdf_inst/cdf_wr_data[7]_i_576/O
                         net (fo=1, routed)           0.000    19.039    clipper_cdf_inst/cdf_wr_data[7]_i_576_n_0
    SLICE_X103Y68        CARRY4 (Prop_carry4_S[1]_CO[3])
                                                      0.412    19.451 r  clipper_cdf_inst/cdf_wr_data_reg[7]_i_489/CO[3]
                         net (fo=1, routed)           0.000    19.451    clipper_cdf_inst/cdf_wr_data_reg[7]_i_489_n_0
    SLICE_X103Y69        CARRY4 (Prop_carry4_CI_CO[3])
                                                      0.089    19.540 r  clipper_cdf_inst/cdf_wr_data_reg[7]_i_378/CO[3]
                         net (fo=1, routed)           0.000    19.540    clipper_cdf_inst/cdf_wr_data_reg[7]_i_378_n_0
    SLICE_X103Y70        CARRY4 (Prop_carry4_CI_CO[3])
                                                      0.089    19.629 r  clipper_cdf_inst/cdf_wr_data_reg[7]_i_245/CO[3]
                         net (fo=1, routed)           0.000    19.629    clipper_cdf_inst/cdf_wr_data_reg[7]_i_245_n_0
    SLICE_X103Y71        CARRY4 (Prop_carry4_CI_CO[3])
                                                      0.089    19.718 r  clipper_cdf_inst/cdf_wr_data_reg[7]_i_117/CO[3]
                         net (fo=1, routed)           0.000    19.718    clipper_cdf_inst/cdf_wr_data_reg[7]_i_117_n_0
    SLICE_X103Y72        CARRY4 (Prop_carry4_CI_CO[1])
                                                      0.120    19.838 r  clipper_cdf_inst/cdf_wr_data_reg[7]_i_50/CO[1]
                         net (fo=20, routed)          0.413    20.250    clipper_cdf_inst/cdf_wr_data_reg[7]_i_100_0[21]
    SLICE_X102Y71        LUT3 (Prop_lut3_I0_O)        0.249    20.499 r  clipper_cdf_inst/cdf_wr_data[7]_i_570/O
                         net (fo=1, routed)           0.000    20.499    clipper_cdf_inst/cdf_wr_data[7]_i_570_n_0
    SLICE_X102Y71        CARRY4 (Prop_carry4_S[1]_CO[3])
                                                      0.402    20.901 r  clipper_cdf_inst/cdf_wr_data_reg[7]_i_479/CO[3]
                         net (fo=1, routed)           0.000    20.901    clipper_cdf_inst/cdf_wr_data_reg[7]_i_479_n_0
    SLICE_X102Y72        CARRY4 (Prop_carry4_CI_CO[3])
                                                      0.092    20.993 r  clipper_cdf_inst/cdf_wr_data_reg[7]_i_373/CO[3]
                         net (fo=1, routed)           0.000    20.993    clipper_cdf_inst/cdf_wr_data_reg[7]_i_373_n_0
    SLICE_X102Y73        CARRY4 (Prop_carry4_CI_CO[3])
                                                      0.092    21.085 r  clipper_cdf_inst/cdf_wr_data_reg[7]_i_240/CO[3]
                         net (fo=1, routed)           0.000    21.085    clipper_cdf_inst/cdf_wr_data_reg[7]_i_240_n_0
    SLICE_X102Y74        CARRY4 (Prop_carry4_CI_CO[3])
                                                      0.092    21.177 r  clipper_cdf_inst/cdf_wr_data_reg[7]_i_116/CO[3]
                         net (fo=1, routed)           0.007    21.185    clipper_cdf_inst/cdf_wr_data_reg[7]_i_116_n_0
    SLICE_X102Y75        CARRY4 (Prop_carry4_CI_CO[1])
                                                      0.119    21.304 r  clipper_cdf_inst/cdf_wr_data_reg[7]_i_47/CO[1]
                         net (fo=20, routed)          0.413    21.717    clipper_cdf_inst/cdf_wr_data_reg[7]_i_100_0[20]
    SLICE_X103Y74        LUT3 (Prop_lut3_I0_O)        0.251    21.968 r  clipper_cdf_inst/cdf_wr_data[7]_i_567/O
                         net (fo=1, routed)           0.000    21.968    clipper_cdf_inst/cdf_wr_data[7]_i_567_n_0
    SLICE_X103Y74        CARRY4 (Prop_carry4_S[1]_CO[3])
                                                      0.412    22.380 r  clipper_cdf_inst/cdf_wr_data_reg[7]_i_474/CO[3]
                         net (fo=1, routed)           0.007    22.387    clipper_cdf_inst/cdf_wr_data_reg[7]_i_474_n_0
    SLICE_X103Y75        CARRY4 (Prop_carry4_CI_CO[3])
                                                      0.089    22.476 r  clipper_cdf_inst/cdf_wr_data_reg[7]_i_363/CO[3]
                         net (fo=1, routed)           0.000    22.476    clipper_cdf_inst/cdf_wr_data_reg[7]_i_363_n_0
    SLICE_X103Y76        CARRY4 (Prop_carry4_CI_CO[3])
                                                      0.089    22.565 r  clipper_cdf_inst/cdf_wr_data_reg[7]_i_235/CO[3]
                         net (fo=1, routed)           0.000    22.565    clipper_cdf_inst/cdf_wr_data_reg[7]_i_235_n_0
    SLICE_X103Y77        CARRY4 (Prop_carry4_CI_CO[3])
                                                      0.089    22.654 r  clipper_cdf_inst/cdf_wr_data_reg[7]_i_111/CO[3]
                         net (fo=1, routed)           0.000    22.654    clipper_cdf_inst/cdf_wr_data_reg[7]_i_111_n_0
    SLICE_X103Y78        CARRY4 (Prop_carry4_CI_CO[1])
                                                      0.120    22.774 r  clipper_cdf_inst/cdf_wr_data_reg[7]_i_48/CO[1]
                         net (fo=20, routed)          0.544    23.319    clipper_cdf_inst/cdf_wr_data_reg[7]_i_100_0[19]
    SLICE_X102Y78        LUT3 (Prop_lut3_I0_O)        0.249    23.568 r  clipper_cdf_inst/cdf_wr_data[7]_i_477/O
                         net (fo=1, routed)           0.000    23.568    clipper_cdf_inst/cdf_wr_data[7]_i_477_n_0
    SLICE_X102Y78        CARRY4 (Prop_carry4_S[1]_CO[3])
                                                      0.402    23.970 r  clipper_cdf_inst/cdf_wr_data_reg[7]_i_358/CO[3]
                         net (fo=1, routed)           0.000    23.970    clipper_cdf_inst/cdf_wr_data_reg[7]_i_358_n_0
    SLICE_X102Y79        CARRY4 (Prop_carry4_CI_CO[3])
                                                      0.092    24.062 r  clipper_cdf_inst/cdf_wr_data_reg[7]_i_225/CO[3]
                         net (fo=1, routed)           0.000    24.062    clipper_cdf_inst/cdf_wr_data_reg[7]_i_225_n_0
    SLICE_X102Y80        CARRY4 (Prop_carry4_CI_CO[3])
                                                      0.092    24.154 r  clipper_cdf_inst/cdf_wr_data_reg[7]_i_110/CO[3]
                         net (fo=1, routed)           0.000    24.154    clipper_cdf_inst/cdf_wr_data_reg[7]_i_110_n_0
    SLICE_X102Y81        CARRY4 (Prop_carry4_CI_CO[1])
                                                      0.119    24.273 r  clipper_cdf_inst/cdf_wr_data_reg[7]_i_45/CO[1]
                         net (fo=20, routed)          0.403    24.675    clipper_cdf_inst/cdf_wr_data_reg[7]_i_100_0[18]
    SLICE_X104Y80        LUT3 (Prop_lut3_I0_O)        0.251    24.926 r  clipper_cdf_inst/cdf_wr_data[7]_i_561/O
                         net (fo=1, routed)           0.000    24.926    clipper_cdf_inst/cdf_wr_data[7]_i_561_n_0
    SLICE_X104Y80        CARRY4 (Prop_carry4_S[1]_CO[3])
                                                      0.402    25.328 r  clipper_cdf_inst/cdf_wr_data_reg[7]_i_464/CO[3]
                         net (fo=1, routed)           0.000    25.328    clipper_cdf_inst/cdf_wr_data_reg[7]_i_464_n_0
    SLICE_X104Y81        CARRY4 (Prop_carry4_CI_CO[3])
                                                      0.092    25.420 r  clipper_cdf_inst/cdf_wr_data_reg[7]_i_353/CO[3]
                         net (fo=1, routed)           0.000    25.420    clipper_cdf_inst/cdf_wr_data_reg[7]_i_353_n_0
    SLICE_X104Y82        CARRY4 (Prop_carry4_CI_CO[3])
                                                      0.092    25.512 r  clipper_cdf_inst/cdf_wr_data_reg[7]_i_220/CO[3]
                         net (fo=1, routed)           0.000    25.512    clipper_cdf_inst/cdf_wr_data_reg[7]_i_220_n_0
    SLICE_X104Y83        CARRY4 (Prop_carry4_CI_CO[3])
                                                      0.092    25.604 r  clipper_cdf_inst/cdf_wr_data_reg[7]_i_104/CO[3]
                         net (fo=1, routed)           0.000    25.604    clipper_cdf_inst/cdf_wr_data_reg[7]_i_104_n_0
    SLICE_X104Y84        CARRY4 (Prop_carry4_CI_CO[1])
                                                      0.119    25.723 r  clipper_cdf_inst/cdf_wr_data_reg[7]_i_46/CO[1]
                         net (fo=20, routed)          0.441    26.165    clipper_cdf_inst/cdf_wr_data_reg[7]_i_100_0[17]
    SLICE_X103Y83        LUT3 (Prop_lut3_I0_O)        0.251    26.416 r  clipper_cdf_inst/cdf_wr_data[7]_i_558/O
                         net (fo=1, routed)           0.000    26.416    clipper_cdf_inst/cdf_wr_data[7]_i_558_n_0
    SLICE_X103Y83        CARRY4 (Prop_carry4_S[1]_CO[3])
                                                      0.412    26.828 r  clipper_cdf_inst/cdf_wr_data_reg[7]_i_463/CO[3]
                         net (fo=1, routed)           0.000    26.828    clipper_cdf_inst/cdf_wr_data_reg[7]_i_463_n_0
    SLICE_X103Y84        CARRY4 (Prop_carry4_CI_CO[3])
                                                      0.089    26.917 r  clipper_cdf_inst/cdf_wr_data_reg[7]_i_352/CO[3]
                         net (fo=1, routed)           0.000    26.917    clipper_cdf_inst/cdf_wr_data_reg[7]_i_352_n_0
    SLICE_X103Y85        CARRY4 (Prop_carry4_CI_CO[3])
                                                      0.089    27.006 r  clipper_cdf_inst/cdf_wr_data_reg[7]_i_219/CO[3]
                         net (fo=1, routed)           0.000    27.006    clipper_cdf_inst/cdf_wr_data_reg[7]_i_219_n_0
    SLICE_X103Y86        CARRY4 (Prop_carry4_CI_CO[3])
                                                      0.089    27.095 r  clipper_cdf_inst/cdf_wr_data_reg[7]_i_103/CO[3]
                         net (fo=1, routed)           0.000    27.095    clipper_cdf_inst/cdf_wr_data_reg[7]_i_103_n_0
    SLICE_X103Y87        CARRY4 (Prop_carry4_CI_CO[1])
                                                      0.120    27.215 r  clipper_cdf_inst/cdf_wr_data_reg[7]_i_43/CO[1]
                         net (fo=20, routed)          0.444    27.658    clipper_cdf_inst/cdf_wr_data_reg[7]_i_100_0[16]
    SLICE_X102Y85        LUT3 (Prop_lut3_I0_O)        0.249    27.907 r  clipper_cdf_inst/cdf_wr_data[7]_i_573/O
                         net (fo=1, routed)           0.000    27.907    clipper_cdf_inst/cdf_wr_data[7]_i_573_n_0
    SLICE_X102Y85        CARRY4 (Prop_carry4_S[1]_CO[3])
                                                      0.402    28.309 r  clipper_cdf_inst/cdf_wr_data_reg[7]_i_484/CO[3]
                         net (fo=1, routed)           0.000    28.309    clipper_cdf_inst/cdf_wr_data_reg[7]_i_484_n_0
    SLICE_X102Y86        CARRY4 (Prop_carry4_CI_CO[3])
                                                      0.092    28.401 r  clipper_cdf_inst/cdf_wr_data_reg[7]_i_368/CO[3]
                         net (fo=1, routed)           0.000    28.401    clipper_cdf_inst/cdf_wr_data_reg[7]_i_368_n_0
    SLICE_X102Y87        CARRY4 (Prop_carry4_CI_CO[3])
                                                      0.092    28.493 r  clipper_cdf_inst/cdf_wr_data_reg[7]_i_230/CO[3]
                         net (fo=1, routed)           0.000    28.493    clipper_cdf_inst/cdf_wr_data_reg[7]_i_230_n_0
    SLICE_X102Y88        CARRY4 (Prop_carry4_CI_CO[3])
                                                      0.092    28.585 r  clipper_cdf_inst/cdf_wr_data_reg[7]_i_107/CO[3]
                         net (fo=1, routed)           0.000    28.585    clipper_cdf_inst/cdf_wr_data_reg[7]_i_107_n_0
    SLICE_X102Y89        CARRY4 (Prop_carry4_CI_CO[1])
                                                      0.119    28.704 r  clipper_cdf_inst/cdf_wr_data_reg[7]_i_44/CO[1]
                         net (fo=20, routed)          0.399    29.104    clipper_cdf_inst/cdf_wr_data_reg[7]_i_100_0[15]
    SLICE_X103Y88        LUT3 (Prop_lut3_I0_O)        0.251    29.355 r  clipper_cdf_inst/cdf_wr_data[7]_i_585/O
                         net (fo=1, routed)           0.000    29.355    clipper_cdf_inst/cdf_wr_data[7]_i_585_n_0
    SLICE_X103Y88        CARRY4 (Prop_carry4_S[1]_CO[3])
                                                      0.412    29.767 r  clipper_cdf_inst/cdf_wr_data_reg[7]_i_508/CO[3]
                         net (fo=1, routed)           0.000    29.767    clipper_cdf_inst/cdf_wr_data_reg[7]_i_508_n_0
    SLICE_X103Y89        CARRY4 (Prop_carry4_CI_CO[3])
                                                      0.089    29.856 r  clipper_cdf_inst/cdf_wr_data_reg[7]_i_398/CO[3]
                         net (fo=1, routed)           0.000    29.856    clipper_cdf_inst/cdf_wr_data_reg[7]_i_398_n_0
    SLICE_X103Y90        CARRY4 (Prop_carry4_CI_CO[3])
                                                      0.089    29.945 r  clipper_cdf_inst/cdf_wr_data_reg[7]_i_265/CO[3]
                         net (fo=1, routed)           0.000    29.945    clipper_cdf_inst/cdf_wr_data_reg[7]_i_265_n_0
    SLICE_X103Y91        CARRY4 (Prop_carry4_CI_CO[3])
                                                      0.089    30.034 r  clipper_cdf_inst/cdf_wr_data_reg[7]_i_134/CO[3]
                         net (fo=1, routed)           0.000    30.034    clipper_cdf_inst/cdf_wr_data_reg[7]_i_134_n_0
    SLICE_X103Y92        CARRY4 (Prop_carry4_CI_CO[1])
                                                      0.120    30.154 r  clipper_cdf_inst/cdf_wr_data_reg[7]_i_53/CO[1]
                         net (fo=20, routed)          0.425    30.579    clipper_cdf_inst/cdf_wr_data_reg[7]_i_100_0[14]
    SLICE_X102Y91        LUT3 (Prop_lut3_I0_O)        0.249    30.828 r  clipper_cdf_inst/cdf_wr_data[7]_i_582/O
                         net (fo=1, routed)           0.000    30.828    clipper_cdf_inst/cdf_wr_data[7]_i_582_n_0
    SLICE_X102Y91        CARRY4 (Prop_carry4_S[1]_CO[3])
                                                      0.402    31.230 r  clipper_cdf_inst/cdf_wr_data_reg[7]_i_503/CO[3]
                         net (fo=1, routed)           0.000    31.230    clipper_cdf_inst/cdf_wr_data_reg[7]_i_503_n_0
    SLICE_X102Y92        CARRY4 (Prop_carry4_CI_CO[3])
                                                      0.092    31.322 r  clipper_cdf_inst/cdf_wr_data_reg[7]_i_393/CO[3]
                         net (fo=1, routed)           0.000    31.322    clipper_cdf_inst/cdf_wr_data_reg[7]_i_393_n_0
    SLICE_X102Y93        CARRY4 (Prop_carry4_CI_CO[3])
                                                      0.092    31.414 r  clipper_cdf_inst/cdf_wr_data_reg[7]_i_260/CO[3]
                         net (fo=1, routed)           0.000    31.414    clipper_cdf_inst/cdf_wr_data_reg[7]_i_260_n_0
    SLICE_X102Y94        CARRY4 (Prop_carry4_CI_CO[3])
                                                      0.092    31.506 r  clipper_cdf_inst/cdf_wr_data_reg[7]_i_128/CO[3]
                         net (fo=1, routed)           0.000    31.506    clipper_cdf_inst/cdf_wr_data_reg[7]_i_128_n_0
    SLICE_X102Y95        CARRY4 (Prop_carry4_CI_CO[1])
                                                      0.119    31.625 r  clipper_cdf_inst/cdf_wr_data_reg[7]_i_54/CO[1]
                         net (fo=20, routed)          0.374    31.999    clipper_cdf_inst/cdf_wr_data_reg[7]_i_100_0[13]
    SLICE_X103Y94        LUT3 (Prop_lut3_I0_O)        0.251    32.250 r  clipper_cdf_inst/cdf_wr_data[7]_i_519/O
                         net (fo=1, routed)           0.000    32.250    clipper_cdf_inst/cdf_wr_data[7]_i_519_n_0
    SLICE_X103Y94        CARRY4 (Prop_carry4_S[1]_CO[3])
                                                      0.412    32.662 r  clipper_cdf_inst/cdf_wr_data_reg[7]_i_411/CO[3]
                         net (fo=1, routed)           0.000    32.662    clipper_cdf_inst/cdf_wr_data_reg[7]_i_411_n_0
    SLICE_X103Y95        CARRY4 (Prop_carry4_CI_CO[3])
                                                      0.089    32.751 r  clipper_cdf_inst/cdf_wr_data_reg[7]_i_392/CO[3]
                         net (fo=1, routed)           0.000    32.751    clipper_cdf_inst/cdf_wr_data_reg[7]_i_392_n_0
    SLICE_X103Y96        CARRY4 (Prop_carry4_CI_CO[3])
                                                      0.089    32.840 r  clipper_cdf_inst/cdf_wr_data_reg[7]_i_259/CO[3]
                         net (fo=1, routed)           0.000    32.840    clipper_cdf_inst/cdf_wr_data_reg[7]_i_259_n_0
    SLICE_X103Y97        CARRY4 (Prop_carry4_CI_CO[3])
                                                      0.089    32.929 r  clipper_cdf_inst/cdf_wr_data_reg[7]_i_127/CO[3]
                         net (fo=1, routed)           0.000    32.929    clipper_cdf_inst/cdf_wr_data_reg[7]_i_127_n_0
    SLICE_X103Y98        CARRY4 (Prop_carry4_CI_CO[1])
                                                      0.120    33.049 r  clipper_cdf_inst/cdf_wr_data_reg[7]_i_51/CO[1]
                         net (fo=20, routed)          0.415    33.465    clipper_cdf_inst/cdf_wr_data_reg[7]_i_100_0[12]
    SLICE_X104Y97        LUT3 (Prop_lut3_I0_O)        0.249    33.714 r  clipper_cdf_inst/cdf_wr_data[7]_i_418/O
                         net (fo=1, routed)           0.000    33.714    clipper_cdf_inst/cdf_wr_data[7]_i_418_n_0
    SLICE_X104Y97        CARRY4 (Prop_carry4_S[1]_CO[3])
                                                      0.402    34.116 r  clipper_cdf_inst/cdf_wr_data_reg[7]_i_300/CO[3]
                         net (fo=1, routed)           0.000    34.116    clipper_cdf_inst/cdf_wr_data_reg[7]_i_300_n_0
    SLICE_X104Y98        CARRY4 (Prop_carry4_CI_CO[3])
                                                      0.092    34.208 r  clipper_cdf_inst/cdf_wr_data_reg[7]_i_295/CO[3]
                         net (fo=1, routed)           0.000    34.208    clipper_cdf_inst/cdf_wr_data_reg[7]_i_295_n_0
    SLICE_X104Y99        CARRY4 (Prop_carry4_CI_CO[3])
                                                      0.092    34.300 r  clipper_cdf_inst/cdf_wr_data_reg[7]_i_270/CO[3]
                         net (fo=1, routed)           0.001    34.300    clipper_cdf_inst/cdf_wr_data_reg[7]_i_270_n_0
    SLICE_X104Y100       CARRY4 (Prop_carry4_CI_CO[3])
                                                      0.092    34.392 r  clipper_cdf_inst/cdf_wr_data_reg[7]_i_131/CO[3]
                         net (fo=1, routed)           0.000    34.392    clipper_cdf_inst/cdf_wr_data_reg[7]_i_131_n_0
    SLICE_X104Y101       CARRY4 (Prop_carry4_CI_CO[1])
                                                      0.119    34.511 r  clipper_cdf_inst/cdf_wr_data_reg[7]_i_52/CO[1]
                         net (fo=20, routed)          0.391    34.902    clipper_cdf_inst/cdf_wr_data_reg[7]_i_100_0[11]
    SLICE_X103Y100       LUT3 (Prop_lut3_I0_O)        0.251    35.153 r  clipper_cdf_inst/cdf_wr_data[7]_i_307/O
                         net (fo=1, routed)           0.000    35.153    clipper_cdf_inst/cdf_wr_data[7]_i_307_n_0
    SLICE_X103Y100       CARRY4 (Prop_carry4_S[1]_CO[3])
                                                      0.412    35.565 r  clipper_cdf_inst/cdf_wr_data_reg[7]_i_170/CO[3]
                         net (fo=1, routed)           0.000    35.565    clipper_cdf_inst/cdf_wr_data_reg[7]_i_170_n_0
    SLICE_X103Y101       CARRY4 (Prop_carry4_CI_CO[3])
                                                      0.089    35.654 r  clipper_cdf_inst/cdf_wr_data_reg[7]_i_165/CO[3]
                         net (fo=1, routed)           0.000    35.654    clipper_cdf_inst/cdf_wr_data_reg[7]_i_165_n_0
    SLICE_X103Y102       CARRY4 (Prop_carry4_CI_CO[3])
                                                      0.089    35.743 r  clipper_cdf_inst/cdf_wr_data_reg[7]_i_160/CO[3]
                         net (fo=1, routed)           0.000    35.743    clipper_cdf_inst/cdf_wr_data_reg[7]_i_160_n_0
    SLICE_X103Y103       CARRY4 (Prop_carry4_CI_CO[3])
                                                      0.089    35.832 r  clipper_cdf_inst/cdf_wr_data_reg[7]_i_139/CO[3]
                         net (fo=1, routed)           0.000    35.832    clipper_cdf_inst/cdf_wr_data_reg[7]_i_139_n_0
    SLICE_X103Y104       CARRY4 (Prop_carry4_CI_CO[1])
                                                      0.120    35.952 r  clipper_cdf_inst/cdf_wr_data_reg[7]_i_55/CO[1]
                         net (fo=20, routed)          0.403    36.355    clipper_cdf_inst/cdf_wr_data_reg[7]_i_100_0[10]
    SLICE_X104Y103       LUT3 (Prop_lut3_I0_O)        0.249    36.604 r  clipper_cdf_inst/cdf_wr_data[7]_i_294/O
                         net (fo=1, routed)           0.000    36.604    clipper_cdf_inst/cdf_wr_data[7]_i_294_n_0
    SLICE_X104Y103       CARRY4 (Prop_carry4_S[1]_CO[3])
                                                      0.402    37.006 r  clipper_cdf_inst/cdf_wr_data_reg[7]_i_155/CO[3]
                         net (fo=1, routed)           0.000    37.006    clipper_cdf_inst/cdf_wr_data_reg[7]_i_155_n_0
    SLICE_X104Y104       CARRY4 (Prop_carry4_CI_CO[3])
                                                      0.092    37.098 r  clipper_cdf_inst/cdf_wr_data_reg[7]_i_76/CO[3]
                         net (fo=1, routed)           0.000    37.098    clipper_cdf_inst/cdf_wr_data_reg[7]_i_76_n_0
    SLICE_X104Y105       CARRY4 (Prop_carry4_CI_CO[3])
                                                      0.092    37.190 r  clipper_cdf_inst/cdf_wr_data_reg[7]_i_71/CO[3]
                         net (fo=1, routed)           0.000    37.190    clipper_cdf_inst/cdf_wr_data_reg[7]_i_71_n_0
    SLICE_X104Y106       CARRY4 (Prop_carry4_CI_CO[3])
                                                      0.092    37.282 r  clipper_cdf_inst/cdf_wr_data_reg[7]_i_68/CO[3]
                         net (fo=1, routed)           0.000    37.282    clipper_cdf_inst/cdf_wr_data_reg[7]_i_68_n_0
    SLICE_X104Y107       CARRY4 (Prop_carry4_CI_CO[1])
                                                      0.119    37.401 r  clipper_cdf_inst/cdf_wr_data_reg[7]_i_56/CO[1]
                         net (fo=20, routed)          0.506    37.906    clipper_cdf_inst/cdf_wr_data_reg[7]_i_100_0[9]
    SLICE_X102Y105       LUT3 (Prop_lut3_I0_O)        0.251    38.157 r  clipper_cdf_inst/cdf_wr_data[7]_i_291/O
                         net (fo=1, routed)           0.000    38.157    clipper_cdf_inst/cdf_wr_data[7]_i_291_n_0
    SLICE_X102Y105       CARRY4 (Prop_carry4_S[1]_CO[3])
                                                      0.402    38.559 r  clipper_cdf_inst/cdf_wr_data_reg[7]_i_150/CO[3]
                         net (fo=1, routed)           0.000    38.559    clipper_cdf_inst/cdf_wr_data_reg[7]_i_150_n_0
    SLICE_X102Y106       CARRY4 (Prop_carry4_CI_CO[3])
                                                      0.092    38.651 r  clipper_cdf_inst/cdf_wr_data_reg[7]_i_63/CO[3]
                         net (fo=1, routed)           0.000    38.651    clipper_cdf_inst/cdf_wr_data_reg[7]_i_63_n_0
    SLICE_X102Y107       CARRY4 (Prop_carry4_CI_CO[3])
                                                      0.092    38.743 r  clipper_cdf_inst/cdf_wr_data_reg[7]_i_30/CO[3]
                         net (fo=1, routed)           0.000    38.743    clipper_cdf_inst/cdf_wr_data_reg[7]_i_30_n_0
    SLICE_X102Y108       CARRY4 (Prop_carry4_CI_CO[3])
                                                      0.092    38.835 r  clipper_cdf_inst/cdf_wr_data_reg[7]_i_27/CO[3]
                         net (fo=1, routed)           0.000    38.835    clipper_cdf_inst/cdf_wr_data_reg[7]_i_27_n_0
    SLICE_X102Y109       CARRY4 (Prop_carry4_CI_CO[1])
                                                      0.119    38.954 r  clipper_cdf_inst/cdf_wr_data_reg[7]_i_26/CO[1]
                         net (fo=20, routed)          0.387    39.341    clipper_cdf_inst/cdf_wr_data_reg[7]_i_100_0[8]
    SLICE_X103Y108       LUT3 (Prop_lut3_I0_O)        0.251    39.592 r  clipper_cdf_inst/cdf_wr_data[7]_i_288/O
                         net (fo=1, routed)           0.000    39.592    clipper_cdf_inst/cdf_wr_data[7]_i_288_n_0
    SLICE_X103Y108       CARRY4 (Prop_carry4_S[1]_CO[3])
                                                      0.412    40.004 r  clipper_cdf_inst/cdf_wr_data_reg[7]_i_145/CO[3]
                         net (fo=1, routed)           0.000    40.004    clipper_cdf_inst/cdf_wr_data_reg[7]_i_145_n_0
    SLICE_X103Y109       CARRY4 (Prop_carry4_CI_CO[3])
                                                      0.089    40.093 r  clipper_cdf_inst/cdf_wr_data_reg[7]_i_58/CO[3]
                         net (fo=1, routed)           0.000    40.093    clipper_cdf_inst/cdf_wr_data_reg[7]_i_58_n_0
    SLICE_X103Y110       CARRY4 (Prop_carry4_CI_CO[3])
                                                      0.089    40.182 r  clipper_cdf_inst/cdf_wr_data_reg[7]_i_21/CO[3]
                         net (fo=1, routed)           0.000    40.182    clipper_cdf_inst/cdf_wr_data_reg[7]_i_21_n_0
    SLICE_X103Y111       CARRY4 (Prop_carry4_CI_CO[3])
                                                      0.089    40.271 r  clipper_cdf_inst/cdf_wr_data_reg[7]_i_10/CO[3]
                         net (fo=1, routed)           0.000    40.271    clipper_cdf_inst/cdf_wr_data_reg[7]_i_10_n_0
    SLICE_X103Y112       CARRY4 (Prop_carry4_CI_CO[1])
                                                      0.120    40.391 r  clipper_cdf_inst/cdf_wr_data_reg[7]_i_9/CO[1]
                         net (fo=20, routed)          0.569    40.960    clipper_cdf_inst/cdf_wr_data_reg[7]_i_100_0[7]
    SLICE_X104Y113       LUT3 (Prop_lut3_I0_O)        0.249    41.209 r  clipper_cdf_inst/cdf_wr_data[7]_i_147/O
                         net (fo=1, routed)           0.000    41.209    clipper_cdf_inst/cdf_wr_data[7]_i_147_n_0
    SLICE_X104Y113       CARRY4 (Prop_carry4_S[2]_CO[3])
                                                      0.286    41.495 r  clipper_cdf_inst/cdf_wr_data_reg[7]_i_57/CO[3]
                         net (fo=1, routed)           0.000    41.495    clipper_cdf_inst/cdf_wr_data_reg[7]_i_57_n_0
    SLICE_X104Y114       CARRY4 (Prop_carry4_CI_CO[3])
                                                      0.092    41.587 r  clipper_cdf_inst/cdf_wr_data_reg[7]_i_20/CO[3]
                         net (fo=1, routed)           0.000    41.587    clipper_cdf_inst/cdf_wr_data_reg[7]_i_20_n_0
    SLICE_X104Y115       CARRY4 (Prop_carry4_CI_CO[3])
                                                      0.092    41.679 r  clipper_cdf_inst/cdf_wr_data_reg[7]_i_8/CO[3]
                         net (fo=1, routed)           0.000    41.679    clipper_cdf_inst/cdf_wr_data_reg[7]_i_8_n_0
    SLICE_X104Y116       CARRY4 (Prop_carry4_CI_CO[1])
                                                      0.119    41.798 r  clipper_cdf_inst/cdf_wr_data_reg[7]_i_4/CO[1]
                         net (fo=20, routed)          0.525    42.323    clipper_cdf_inst/cdf_wr_data_reg[7]_i_100_0[6]
    SLICE_X103Y114       CARRY4 (Prop_carry4_CYINIT_CO[3])
                                                      0.586    42.909 r  clipper_cdf_inst/cdf_wr_data_reg[6]_i_16/CO[3]
                         net (fo=1, routed)           0.000    42.909    clipper_cdf_inst/cdf_wr_data_reg[6]_i_16_n_0
    SLICE_X103Y115       CARRY4 (Prop_carry4_CI_CO[3])
                                                      0.089    42.998 r  clipper_cdf_inst/cdf_wr_data_reg[6]_i_11/CO[3]
                         net (fo=1, routed)           0.000    42.998    clipper_cdf_inst/cdf_wr_data_reg[6]_i_11_n_0
    SLICE_X103Y116       CARRY4 (Prop_carry4_CI_CO[3])
                                                      0.089    43.087 r  clipper_cdf_inst/cdf_wr_data_reg[6]_i_6/CO[3]
                         net (fo=1, routed)           0.000    43.087    clipper_cdf_inst/cdf_wr_data_reg[6]_i_6_n_0
    SLICE_X103Y117       CARRY4 (Prop_carry4_CI_CO[3])
                                                      0.089    43.176 r  clipper_cdf_inst/cdf_wr_data_reg[6]_i_3/CO[3]
                         net (fo=1, routed)           0.000    43.176    clipper_cdf_inst/cdf_wr_data_reg[6]_i_3_n_0
    SLICE_X103Y118       CARRY4 (Prop_carry4_CI_CO[1])
                                                      0.120    43.296 r  clipper_cdf_inst/cdf_wr_data_reg[6]_i_2/CO[1]
                         net (fo=20, routed)          0.574    43.870    clipper_cdf_inst/cdf_wr_data_reg[7]_i_100_0[5]
    SLICE_X102Y114       LUT3 (Prop_lut3_I0_O)        0.249    44.119 r  clipper_cdf_inst/cdf_wr_data[5]_i_23/O
                         net (fo=1, routed)           0.000    44.119    clipper_cdf_inst/cdf_wr_data[5]_i_23_n_0
    SLICE_X102Y114       CARRY4 (Prop_carry4_S[1]_CO[3])
                                                      0.402    44.521 r  clipper_cdf_inst/cdf_wr_data_reg[5]_i_16/CO[3]
                         net (fo=1, routed)           0.000    44.521    clipper_cdf_inst/cdf_wr_data_reg[5]_i_16_n_0
    SLICE_X102Y115       CARRY4 (Prop_carry4_CI_CO[3])
                                                      0.092    44.613 r  clipper_cdf_inst/cdf_wr_data_reg[5]_i_11/CO[3]
                         net (fo=1, routed)           0.000    44.613    clipper_cdf_inst/cdf_wr_data_reg[5]_i_11_n_0
    SLICE_X102Y116       CARRY4 (Prop_carry4_CI_CO[3])
                                                      0.092    44.705 r  clipper_cdf_inst/cdf_wr_data_reg[5]_i_6/CO[3]
                         net (fo=1, routed)           0.000    44.705    clipper_cdf_inst/cdf_wr_data_reg[5]_i_6_n_0
    SLICE_X102Y117       CARRY4 (Prop_carry4_CI_CO[3])
                                                      0.092    44.797 r  clipper_cdf_inst/cdf_wr_data_reg[5]_i_3/CO[3]
                         net (fo=1, routed)           0.000    44.797    clipper_cdf_inst/cdf_wr_data_reg[5]_i_3_n_0
    SLICE_X102Y118       CARRY4 (Prop_carry4_CI_CO[1])
                                                      0.119    44.916 r  clipper_cdf_inst/cdf_wr_data_reg[5]_i_2/CO[1]
                         net (fo=20, routed)          0.520    45.435    clipper_cdf_inst/cdf_wr_data_reg[7]_i_100_0[4]
    SLICE_X105Y116       CARRY4 (Prop_carry4_CYINIT_CO[3])
                                                      0.586    46.021 r  clipper_cdf_inst/cdf_wr_data_reg[4]_i_16/CO[3]
                         net (fo=1, routed)           0.000    46.021    clipper_cdf_inst/cdf_wr_data_reg[4]_i_16_n_0
    SLICE_X105Y117       CARRY4 (Prop_carry4_CI_CO[3])
                                                      0.089    46.110 r  clipper_cdf_inst/cdf_wr_data_reg[4]_i_11/CO[3]
                         net (fo=1, routed)           0.000    46.110    clipper_cdf_inst/cdf_wr_data_reg[4]_i_11_n_0
    SLICE_X105Y118       CARRY4 (Prop_carry4_CI_CO[3])
                                                      0.089    46.199 r  clipper_cdf_inst/cdf_wr_data_reg[4]_i_6/CO[3]
                         net (fo=1, routed)           0.000    46.199    clipper_cdf_inst/cdf_wr_data_reg[4]_i_6_n_0
    SLICE_X105Y119       CARRY4 (Prop_carry4_CI_CO[3])
                                                      0.089    46.288 r  clipper_cdf_inst/cdf_wr_data_reg[4]_i_3/CO[3]
                         net (fo=1, routed)           0.000    46.288    clipper_cdf_inst/cdf_wr_data_reg[4]_i_3_n_0
    SLICE_X105Y120       CARRY4 (Prop_carry4_CI_CO[1])
                                                      0.120    46.408 r  clipper_cdf_inst/cdf_wr_data_reg[4]_i_2/CO[1]
                         net (fo=20, routed)          0.408    46.817    clipper_cdf_inst/cdf_wr_data_reg[7]_i_100_0[3]
    SLICE_X104Y119       LUT3 (Prop_lut3_I0_O)        0.249    47.066 r  clipper_cdf_inst/cdf_wr_data[3]_i_23/O
                         net (fo=1, routed)           0.000    47.066    clipper_cdf_inst/cdf_wr_data[3]_i_23_n_0
    SLICE_X104Y119       CARRY4 (Prop_carry4_S[1]_CO[3])
                                                      0.402    47.468 r  clipper_cdf_inst/cdf_wr_data_reg[3]_i_16/CO[3]
                         net (fo=1, routed)           0.000    47.468    clipper_cdf_inst/cdf_wr_data_reg[3]_i_16_n_0
    SLICE_X104Y120       CARRY4 (Prop_carry4_CI_CO[3])
                                                      0.092    47.560 r  clipper_cdf_inst/cdf_wr_data_reg[3]_i_11/CO[3]
                         net (fo=1, routed)           0.000    47.560    clipper_cdf_inst/cdf_wr_data_reg[3]_i_11_n_0
    SLICE_X104Y121       CARRY4 (Prop_carry4_CI_CO[3])
                                                      0.092    47.652 r  clipper_cdf_inst/cdf_wr_data_reg[3]_i_6/CO[3]
                         net (fo=1, routed)           0.000    47.652    clipper_cdf_inst/cdf_wr_data_reg[3]_i_6_n_0
    SLICE_X104Y122       CARRY4 (Prop_carry4_CI_CO[3])
                                                      0.092    47.744 r  clipper_cdf_inst/cdf_wr_data_reg[3]_i_3/CO[3]
                         net (fo=1, routed)           0.000    47.744    clipper_cdf_inst/cdf_wr_data_reg[3]_i_3_n_0
    SLICE_X104Y123       CARRY4 (Prop_carry4_CI_CO[1])
                                                      0.119    47.863 r  clipper_cdf_inst/cdf_wr_data_reg[3]_i_2/CO[1]
                         net (fo=20, routed)          0.537    48.400    clipper_cdf_inst/cdf_wr_data_reg[7]_i_100_0[2]
    SLICE_X103Y121       CARRY4 (Prop_carry4_CYINIT_CO[3])
                                                      0.586    48.986 r  clipper_cdf_inst/cdf_wr_data_reg[2]_i_16/CO[3]
                         net (fo=1, routed)           0.000    48.986    clipper_cdf_inst/cdf_wr_data_reg[2]_i_16_n_0
    SLICE_X103Y122       CARRY4 (Prop_carry4_CI_CO[3])
                                                      0.089    49.075 r  clipper_cdf_inst/cdf_wr_data_reg[2]_i_11/CO[3]
                         net (fo=1, routed)           0.000    49.075    clipper_cdf_inst/cdf_wr_data_reg[2]_i_11_n_0
    SLICE_X103Y123       CARRY4 (Prop_carry4_CI_CO[3])
                                                      0.089    49.164 r  clipper_cdf_inst/cdf_wr_data_reg[2]_i_6/CO[3]
                         net (fo=1, routed)           0.000    49.164    clipper_cdf_inst/cdf_wr_data_reg[2]_i_6_n_0
    SLICE_X103Y124       CARRY4 (Prop_carry4_CI_CO[3])
                                                      0.089    49.253 r  clipper_cdf_inst/cdf_wr_data_reg[2]_i_3/CO[3]
                         net (fo=1, routed)           0.007    49.260    clipper_cdf_inst/cdf_wr_data_reg[2]_i_3_n_0
    SLICE_X103Y125       CARRY4 (Prop_carry4_CI_CO[1])
                                                      0.120    49.380 r  clipper_cdf_inst/cdf_wr_data_reg[2]_i_2/CO[1]
                         net (fo=20, routed)          0.543    49.923    clipper_cdf_inst/cdf_wr_data_reg[7]_i_100_0[1]
    SLICE_X102Y123       LUT3 (Prop_lut3_I0_O)        0.249    50.172 r  clipper_cdf_inst/cdf_wr_data[1]_i_23/O
                         net (fo=1, routed)           0.000    50.172    clipper_cdf_inst/cdf_wr_data[1]_i_23_n_0
    SLICE_X102Y123       CARRY4 (Prop_carry4_S[1]_CO[3])
                                                      0.402    50.574 r  clipper_cdf_inst/cdf_wr_data_reg[1]_i_16/CO[3]
                         net (fo=1, routed)           0.000    50.574    clipper_cdf_inst/cdf_wr_data_reg[1]_i_16_n_0
    SLICE_X102Y124       CARRY4 (Prop_carry4_CI_CO[3])
                                                      0.092    50.666 r  clipper_cdf_inst/cdf_wr_data_reg[1]_i_11/CO[3]
                         net (fo=1, routed)           0.007    50.673    clipper_cdf_inst/cdf_wr_data_reg[1]_i_11_n_0
    SLICE_X102Y125       CARRY4 (Prop_carry4_CI_CO[3])
                                                      0.092    50.765 r  clipper_cdf_inst/cdf_wr_data_reg[1]_i_6/CO[3]
                         net (fo=1, routed)           0.000    50.765    clipper_cdf_inst/cdf_wr_data_reg[1]_i_6_n_0
    SLICE_X102Y126       CARRY4 (Prop_carry4_CI_CO[3])
                                                      0.092    50.857 r  clipper_cdf_inst/cdf_wr_data_reg[1]_i_3/CO[3]
                         net (fo=1, routed)           0.000    50.857    clipper_cdf_inst/cdf_wr_data_reg[1]_i_3_n_0
    SLICE_X102Y127       CARRY4 (Prop_carry4_CI_CO[1])
                                                      0.119    50.976 r  clipper_cdf_inst/cdf_wr_data_reg[1]_i_2/CO[1]
                         net (fo=20, routed)          0.412    51.388    clipper_cdf_inst/cdf_wr_data_reg[7]_i_100_0[0]
    SLICE_X102Y129       LUT3 (Prop_lut3_I0_O)        0.251    51.639 r  clipper_cdf_inst/cdf_wr_data[1]_i_1/O
                         net (fo=1, routed)           0.000    51.639    clipper_cdf_inst/norm_saturated[1]
    SLICE_X102Y129       FDCE                                         r  clipper_cdf_inst/cdf_wr_data_reg[1]/D
  -------------------------------------------------------------------    -------------------

                         (clock pclk rise edge)      13.500    13.500 r  
    U7                                                0.000    13.500 r  pclk (IN)
                         net (fo=0)                   0.000    13.500    pclk
    U7                   IBUF (Prop_ibuf_I_O)         0.776    14.276 r  pclk_IBUF_inst/O
                         net (fo=1, routed)           1.484    15.759    pclk_IBUF
    BUFGCTRL_X0Y0        BUFG (Prop_bufg_I_O)         0.072    15.831 r  pclk_IBUF_BUFG_inst/O
                         net (fo=647, routed)         1.349    17.181    clipper_cdf_inst/pclk_IBUF_BUFG
    SLICE_X102Y129       FDCE                                         r  clipper_cdf_inst/cdf_wr_data_reg[1]/C
                         clock pessimism              0.302    17.483    
                         clock uncertainty           -0.035    17.448    
    SLICE_X102Y129       FDCE (Setup_fdce_C_D)        0.069    17.517    clipper_cdf_inst/cdf_wr_data_reg[1]
  -------------------------------------------------------------------
                         required time                         17.517    
                         arrival time                         -51.639    
  -------------------------------------------------------------------
                         slack                                -34.123    

Slack (VIOLATED) :        -32.548ns  (required time - arrival time)
  Source:                 clipper_cdf_inst/cdf_range_reg[1]/C
                            (rising edge-triggered cell FDCE clocked by pclk  {rise@0.000ns fall@6.750ns period=13.500ns})
  Destination:            clipper_cdf_inst/cdf_wr_data_reg[2]/D
                            (rising edge-triggered cell FDCE clocked by pclk  {rise@0.000ns fall@6.750ns period=13.500ns})
  Path Group:             pclk
  Path Type:              Setup (Max at Slow Process Corner)
  Requirement:            13.500ns  (pclk rise@13.500ns - pclk rise@0.000ns)
  Data Path Delay:        46.016ns  (logic 31.334ns (68.093%)  route 14.682ns (31.907%))
  Logic Levels:           175  (CARRY4=147 LUT1=1 LUT2=6 LUT3=21)
  Clock Path Skew:        -0.066ns (DCD - SCD + CPR)
    Destination Clock Delay (DCD):    3.676ns = ( 17.176 - 13.500 ) 
    Source Clock Delay      (SCD):    4.044ns
    Clock Pessimism Removal (CPR):    0.302ns
  Clock Uncertainty:      0.035ns  ((TSJ^2 + TIJ^2)^1/2 + DJ) / 2 + PE
    Total System Jitter     (TSJ):    0.071ns
    Total Input Jitter      (TIJ):    0.000ns
    Discrete Jitter          (DJ):    0.000ns
    Phase Error              (PE):    0.000ns

    Location             Delay type                Incr(ns)  Path(ns)    Netlist Resource(s)
  -------------------------------------------------------------------    -------------------
                         (clock pclk rise edge)       0.000     0.000 r  
    U7                                                0.000     0.000 r  pclk (IN)
                         net (fo=0)                   0.000     0.000    pclk
    U7                   IBUF (Prop_ibuf_I_O)         0.908     0.908 r  pclk_IBUF_inst/O
                         net (fo=1, routed)           1.636     2.544    pclk_IBUF
    BUFGCTRL_X0Y0        BUFG (Prop_bufg_I_O)         0.079     2.623 r  pclk_IBUF_BUFG_inst/O
                         net (fo=647, routed)         1.421     4.044    clipper_cdf_inst/pclk_IBUF_BUFG
    SLICE_X109Y51        FDCE                                         r  clipper_cdf_inst/cdf_range_reg[1]/C
  -------------------------------------------------------------------    -------------------
    SLICE_X109Y51        FDCE (Prop_fdce_C_Q)         0.341     4.385 f  clipper_cdf_inst/cdf_range_reg[1]/Q
                         net (fo=34, routed)          0.322     4.707    clipper_cdf_inst/cdf_range[1]
    SLICE_X108Y52        LUT1 (Prop_lut1_I0_O)        0.097     4.804 r  clipper_cdf_inst/cdf_wr_data[7]_i_554/O
                         net (fo=1, routed)           0.000     4.804    clipper_cdf_inst/cdf_wr_data[7]_i_554_n_0
    SLICE_X108Y52        CARRY4 (Prop_carry4_S[1]_CO[3])
                                                      0.402     5.206 r  clipper_cdf_inst/cdf_wr_data_reg[7]_i_450/CO[3]
                         net (fo=1, routed)           0.000     5.206    clipper_cdf_inst/cdf_wr_data_reg[7]_i_450_n_0
    SLICE_X108Y53        CARRY4 (Prop_carry4_CI_CO[3])
                                                      0.092     5.298 r  clipper_cdf_inst/cdf_wr_data_reg[7]_i_339/CO[3]
                         net (fo=1, routed)           0.000     5.298    clipper_cdf_inst/cdf_wr_data_reg[7]_i_339_n_0
    SLICE_X108Y54        CARRY4 (Prop_carry4_CI_CO[3])
                                                      0.092     5.390 r  clipper_cdf_inst/cdf_wr_data_reg[7]_i_206/CO[3]
                         net (fo=1, routed)           0.000     5.390    clipper_cdf_inst/cdf_wr_data_reg[7]_i_206_n_0
    SLICE_X108Y55        CARRY4 (Prop_carry4_CI_CO[3])
                                                      0.092     5.482 r  clipper_cdf_inst/cdf_wr_data_reg[7]_i_100/CO[3]
                         net (fo=1, routed)           0.000     5.482    clipper_cdf_inst/cdf_wr_data_reg[7]_i_100_n_0
    SLICE_X108Y56        CARRY4 (Prop_carry4_CI_CO[0])
                                                      0.184     5.666 r  clipper_cdf_inst/cdf_wr_data_reg[7]_i_41/CO[0]
                         net (fo=21, routed)          0.731     6.396    clipper_cdf_inst/cdf_wr_data_reg[7]_i_100_0[30]
    SLICE_X107Y52        LUT3 (Prop_lut3_I0_O)        0.262     6.658 r  clipper_cdf_inst/cdf_wr_data[7]_i_453/O
                         net (fo=1, routed)           0.000     6.658    clipper_cdf_inst/cdf_wr_data[7]_i_453_n_0
    SLICE_X107Y52        CARRY4 (Prop_carry4_S[1]_CO[3])
                                                      0.412     7.070 r  clipper_cdf_inst/cdf_wr_data_reg[7]_i_334/CO[3]
                         net (fo=1, routed)           0.000     7.070    clipper_cdf_inst/cdf_wr_data_reg[7]_i_334_n_0
    SLICE_X107Y53        CARRY4 (Prop_carry4_CI_CO[3])
                                                      0.089     7.159 r  clipper_cdf_inst/cdf_wr_data_reg[7]_i_201/CO[3]
                         net (fo=1, routed)           0.000     7.159    clipper_cdf_inst/cdf_wr_data_reg[7]_i_201_n_0
    SLICE_X107Y54        CARRY4 (Prop_carry4_CI_CO[3])
                                                      0.089     7.248 r  clipper_cdf_inst/cdf_wr_data_reg[7]_i_95/CO[3]
                         net (fo=1, routed)           0.000     7.248    clipper_cdf_inst/cdf_wr_data_reg[7]_i_95_n_0
    SLICE_X107Y55        CARRY4 (Prop_carry4_CI_CO[1])
                                                      0.120     7.368 r  clipper_cdf_inst/cdf_wr_data_reg[7]_i_42/CO[1]
                         net (fo=21, routed)          0.585     7.953    clipper_cdf_inst/cdf_wr_data_reg[7]_i_100_0[29]
    SLICE_X106Y51        LUT2 (Prop_lut2_I1_O)        0.249     8.202 r  clipper_cdf_inst/cdf_wr_data[7]_i_539/O
                         net (fo=1, routed)           0.000     8.202    clipper_cdf_inst/cdf_wr_data[7]_i_539_n_0
    SLICE_X106Y51        CARRY4 (Prop_carry4_S[1]_CO[3])
                                                      0.412     8.614 r  clipper_cdf_inst/cdf_wr_data_reg[7]_i_435/CO[3]
                         net (fo=1, routed)           0.000     8.614    clipper_cdf_inst/cdf_wr_data_reg[7]_i_435_n_0
    SLICE_X106Y52        CARRY4 (Prop_carry4_CI_CO[3])
                                                      0.089     8.703 r  clipper_cdf_inst/cdf_wr_data_reg[7]_i_329/CO[3]
                         net (fo=1, routed)           0.000     8.703    clipper_cdf_inst/cdf_wr_data_reg[7]_i_329_n_0
    SLICE_X106Y53        CARRY4 (Prop_carry4_CI_CO[3])
                                                      0.089     8.792 r  clipper_cdf_inst/cdf_wr_data_reg[7]_i_196/CO[3]
                         net (fo=1, routed)           0.000     8.792    clipper_cdf_inst/cdf_wr_data_reg[7]_i_196_n_0
    SLICE_X106Y54        CARRY4 (Prop_carry4_CI_CO[3])
                                                      0.089     8.881 r  clipper_cdf_inst/cdf_wr_data_reg[7]_i_94/CO[3]
                         net (fo=1, routed)           0.000     8.881    clipper_cdf_inst/cdf_wr_data_reg[7]_i_94_n_0
    SLICE_X106Y55        CARRY4 (Prop_carry4_CI_CO[1])
                                                      0.120     9.001 r  clipper_cdf_inst/cdf_wr_data_reg[7]_i_39/CO[1]
                         net (fo=21, routed)          0.635     9.636    clipper_cdf_inst/cdf_wr_data_reg[7]_i_100_0[28]
    SLICE_X105Y53        LUT2 (Prop_lut2_I1_O)        0.249     9.885 r  clipper_cdf_inst/cdf_wr_data[7]_i_535/O
                         net (fo=1, routed)           0.000     9.885    clipper_cdf_inst/cdf_wr_data[7]_i_535_n_0
    SLICE_X105Y53        CARRY4 (Prop_carry4_S[1]_CO[3])
                                                      0.412    10.297 r  clipper_cdf_inst/cdf_wr_data_reg[7]_i_430/CO[3]
                         net (fo=1, routed)           0.000    10.297    clipper_cdf_inst/cdf_wr_data_reg[7]_i_430_n_0
    SLICE_X105Y54        CARRY4 (Prop_carry4_CI_CO[3])
                                                      0.089    10.386 r  clipper_cdf_inst/cdf_wr_data_reg[7]_i_319/CO[3]
                         net (fo=1, routed)           0.000    10.386    clipper_cdf_inst/cdf_wr_data_reg[7]_i_319_n_0
    SLICE_X105Y55        CARRY4 (Prop_carry4_CI_CO[3])
                                                      0.089    10.475 r  clipper_cdf_inst/cdf_wr_data_reg[7]_i_191/CO[3]
                         net (fo=1, routed)           0.000    10.475    clipper_cdf_inst/cdf_wr_data_reg[7]_i_191_n_0
    SLICE_X105Y56        CARRY4 (Prop_carry4_CI_CO[3])
                                                      0.089    10.564 r  clipper_cdf_inst/cdf_wr_data_reg[7]_i_89/CO[3]
                         net (fo=1, routed)           0.000    10.564    clipper_cdf_inst/cdf_wr_data_reg[7]_i_89_n_0
    SLICE_X105Y57        CARRY4 (Prop_carry4_CI_CO[1])
                                                      0.120    10.684 r  clipper_cdf_inst/cdf_wr_data_reg[7]_i_40/CO[1]
                         net (fo=21, routed)          0.506    11.190    clipper_cdf_inst/cdf_wr_data_reg[7]_i_100_0[27]
    SLICE_X104Y55        LUT2 (Prop_lut2_I1_O)        0.249    11.439 r  clipper_cdf_inst/cdf_wr_data[7]_i_531/O
                         net (fo=1, routed)           0.000    11.439    clipper_cdf_inst/cdf_wr_data[7]_i_531_n_0
    SLICE_X104Y55        CARRY4 (Prop_carry4_S[1]_CO[3])
                                                      0.402    11.841 r  clipper_cdf_inst/cdf_wr_data_reg[7]_i_425/CO[3]
                         net (fo=1, routed)           0.000    11.841    clipper_cdf_inst/cdf_wr_data_reg[7]_i_425_n_0
    SLICE_X104Y56        CARRY4 (Prop_carry4_CI_CO[3])
                                                      0.092    11.933 r  clipper_cdf_inst/cdf_wr_data_reg[7]_i_314/CO[3]
                         net (fo=1, routed)           0.000    11.933    clipper_cdf_inst/cdf_wr_data_reg[7]_i_314_n_0
    SLICE_X104Y57        CARRY4 (Prop_carry4_CI_CO[3])
                                                      0.092    12.025 r  clipper_cdf_inst/cdf_wr_data_reg[7]_i_181/CO[3]
                         net (fo=1, routed)           0.000    12.025    clipper_cdf_inst/cdf_wr_data_reg[7]_i_181_n_0
    SLICE_X104Y58        CARRY4 (Prop_carry4_CI_CO[3])
                                                      0.092    12.117 r  clipper_cdf_inst/cdf_wr_data_reg[7]_i_88/CO[3]
                         net (fo=1, routed)           0.000    12.117    clipper_cdf_inst/cdf_wr_data_reg[7]_i_88_n_0
    SLICE_X104Y59        CARRY4 (Prop_carry4_CI_CO[1])
                                                      0.119    12.236 r  clipper_cdf_inst/cdf_wr_data_reg[7]_i_37/CO[1]
                         net (fo=21, routed)          0.604    12.841    clipper_cdf_inst/cdf_wr_data_reg[7]_i_100_0[26]
    SLICE_X103Y57        LUT2 (Prop_lut2_I1_O)        0.251    13.092 r  clipper_cdf_inst/cdf_wr_data[7]_i_527/O
                         net (fo=1, routed)           0.000    13.092    clipper_cdf_inst/cdf_wr_data[7]_i_527_n_0
    SLICE_X103Y57        CARRY4 (Prop_carry4_S[1]_CO[3])
                                                      0.412    13.504 r  clipper_cdf_inst/cdf_wr_data_reg[7]_i_420/CO[3]
                         net (fo=1, routed)           0.000    13.504    clipper_cdf_inst/cdf_wr_data_reg[7]_i_420_n_0
    SLICE_X103Y58        CARRY4 (Prop_carry4_CI_CO[3])
                                                      0.089    13.593 r  clipper_cdf_inst/cdf_wr_data_reg[7]_i_309/CO[3]
                         net (fo=1, routed)           0.000    13.593    clipper_cdf_inst/cdf_wr_data_reg[7]_i_309_n_0
    SLICE_X103Y59        CARRY4 (Prop_carry4_CI_CO[3])
                                                      0.089    13.682 r  clipper_cdf_inst/cdf_wr_data_reg[7]_i_176/CO[3]
                         net (fo=1, routed)           0.000    13.682    clipper_cdf_inst/cdf_wr_data_reg[7]_i_176_n_0
    SLICE_X103Y60        CARRY4 (Prop_carry4_CI_CO[3])
                                                      0.089    13.771 r  clipper_cdf_inst/cdf_wr_data_reg[7]_i_82/CO[3]
                         net (fo=1, routed)           0.000    13.771    clipper_cdf_inst/cdf_wr_data_reg[7]_i_82_n_0
    SLICE_X103Y61        CARRY4 (Prop_carry4_CI_CO[1])
                                                      0.120    13.891 r  clipper_cdf_inst/cdf_wr_data_reg[7]_i_38/CO[1]
                         net (fo=21, routed)          0.477    14.368    clipper_cdf_inst/cdf_wr_data_reg[7]_i_100_0[25]
    SLICE_X102Y60        LUT2 (Prop_lut2_I1_O)        0.249    14.617 r  clipper_cdf_inst/cdf_wr_data[7]_i_523/O
                         net (fo=1, routed)           0.000    14.617    clipper_cdf_inst/cdf_wr_data[7]_i_523_n_0
    SLICE_X102Y60        CARRY4 (Prop_carry4_S[1]_CO[3])
                                                      0.402    15.019 r  clipper_cdf_inst/cdf_wr_data_reg[7]_i_419/CO[3]
                         net (fo=1, routed)           0.000    15.019    clipper_cdf_inst/cdf_wr_data_reg[7]_i_419_n_0
    SLICE_X102Y61        CARRY4 (Prop_carry4_CI_CO[3])
                                                      0.092    15.111 r  clipper_cdf_inst/cdf_wr_data_reg[7]_i_308/CO[3]
                         net (fo=1, routed)           0.000    15.111    clipper_cdf_inst/cdf_wr_data_reg[7]_i_308_n_0
    SLICE_X102Y62        CARRY4 (Prop_carry4_CI_CO[3])
                                                      0.092    15.203 r  clipper_cdf_inst/cdf_wr_data_reg[7]_i_175/CO[3]
                         net (fo=1, routed)           0.000    15.203    clipper_cdf_inst/cdf_wr_data_reg[7]_i_175_n_0
    SLICE_X102Y63        CARRY4 (Prop_carry4_CI_CO[3])
                                                      0.092    15.295 r  clipper_cdf_inst/cdf_wr_data_reg[7]_i_81/CO[3]
                         net (fo=1, routed)           0.000    15.295    clipper_cdf_inst/cdf_wr_data_reg[7]_i_81_n_0
    SLICE_X102Y64        CARRY4 (Prop_carry4_CI_CO[1])
                                                      0.119    15.414 r  clipper_cdf_inst/cdf_wr_data_reg[7]_i_35/CO[1]
                         net (fo=21, routed)          0.479    15.893    clipper_cdf_inst/cdf_wr_data_reg[7]_i_100_0[24]
    SLICE_X103Y63        LUT2 (Prop_lut2_I1_O)        0.251    16.144 r  clipper_cdf_inst/cdf_wr_data[7]_i_543/O
                         net (fo=1, routed)           0.000    16.144    clipper_cdf_inst/cdf_wr_data[7]_i_543_n_0
    SLICE_X103Y63        CARRY4 (Prop_carry4_S[1]_CO[3])
                                                      0.412    16.556 r  clipper_cdf_inst/cdf_wr_data_reg[7]_i_440/CO[3]
                         net (fo=1, routed)           0.000    16.556    clipper_cdf_inst/cdf_wr_data_reg[7]_i_440_n_0
    SLICE_X103Y64        CARRY4 (Prop_carry4_CI_CO[3])
                                                      0.089    16.645 r  clipper_cdf_inst/cdf_wr_data_reg[7]_i_324/CO[3]
                         net (fo=1, routed)           0.000    16.645    clipper_cdf_inst/cdf_wr_data_reg[7]_i_324_n_0
    SLICE_X103Y65        CARRY4 (Prop_carry4_CI_CO[3])
                                                      0.089    16.734 r  clipper_cdf_inst/cdf_wr_data_reg[7]_i_186/CO[3]
                         net (fo=1, routed)           0.000    16.734    clipper_cdf_inst/cdf_wr_data_reg[7]_i_186_n_0
    SLICE_X103Y66        CARRY4 (Prop_carry4_CI_CO[3])
                                                      0.089    16.823 r  clipper_cdf_inst/cdf_wr_data_reg[7]_i_85/CO[3]
                         net (fo=1, routed)           0.000    16.823    clipper_cdf_inst/cdf_wr_data_reg[7]_i_85_n_0
    SLICE_X103Y67        CARRY4 (Prop_carry4_CI_CO[1])
                                                      0.120    16.943 r  clipper_cdf_inst/cdf_wr_data_reg[7]_i_36/CO[1]
                         net (fo=20, routed)          0.424    17.367    clipper_cdf_inst/cdf_wr_data_reg[7]_i_100_0[23]
    SLICE_X102Y65        LUT3 (Prop_lut3_I0_O)        0.249    17.616 r  clipper_cdf_inst/cdf_wr_data[7]_i_579/O
                         net (fo=1, routed)           0.000    17.616    clipper_cdf_inst/cdf_wr_data[7]_i_579_n_0
    SLICE_X102Y65        CARRY4 (Prop_carry4_S[1]_CO[3])
                                                      0.402    18.018 r  clipper_cdf_inst/cdf_wr_data_reg[7]_i_494/CO[3]
                         net (fo=1, routed)           0.000    18.018    clipper_cdf_inst/cdf_wr_data_reg[7]_i_494_n_0
    SLICE_X102Y66        CARRY4 (Prop_carry4_CI_CO[3])
                                                      0.092    18.110 r  clipper_cdf_inst/cdf_wr_data_reg[7]_i_383/CO[3]
                         net (fo=1, routed)           0.000    18.110    clipper_cdf_inst/cdf_wr_data_reg[7]_i_383_n_0
    SLICE_X102Y67        CARRY4 (Prop_carry4_CI_CO[3])
                                                      0.092    18.202 r  clipper_cdf_inst/cdf_wr_data_reg[7]_i_250/CO[3]
                         net (fo=1, routed)           0.000    18.202    clipper_cdf_inst/cdf_wr_data_reg[7]_i_250_n_0
    SLICE_X102Y68        CARRY4 (Prop_carry4_CI_CO[3])
                                                      0.092    18.294 r  clipper_cdf_inst/cdf_wr_data_reg[7]_i_122/CO[3]
                         net (fo=1, routed)           0.000    18.294    clipper_cdf_inst/cdf_wr_data_reg[7]_i_122_n_0
    SLICE_X102Y69        CARRY4 (Prop_carry4_CI_CO[1])
                                                      0.119    18.413 r  clipper_cdf_inst/cdf_wr_data_reg[7]_i_49/CO[1]
                         net (fo=20, routed)          0.374    18.788    clipper_cdf_inst/cdf_wr_data_reg[7]_i_100_0[22]
    SLICE_X103Y68        LUT3 (Prop_lut3_I0_O)        0.251    19.039 r  clipper_cdf_inst/cdf_wr_data[7]_i_576/O
                         net (fo=1, routed)           0.000    19.039    clipper_cdf_inst/cdf_wr_data[7]_i_576_n_0
    SLICE_X103Y68        CARRY4 (Prop_carry4_S[1]_CO[3])
                                                      0.412    19.451 r  clipper_cdf_inst/cdf_wr_data_reg[7]_i_489/CO[3]
                         net (fo=1, routed)           0.000    19.451    clipper_cdf_inst/cdf_wr_data_reg[7]_i_489_n_0
    SLICE_X103Y69        CARRY4 (Prop_carry4_CI_CO[3])
                                                      0.089    19.540 r  clipper_cdf_inst/cdf_wr_data_reg[7]_i_378/CO[3]
                         net (fo=1, routed)           0.000    19.540    clipper_cdf_inst/cdf_wr_data_reg[7]_i_378_n_0
    SLICE_X103Y70        CARRY4 (Prop_carry4_CI_CO[3])
                                                      0.089    19.629 r  clipper_cdf_inst/cdf_wr_data_reg[7]_i_245/CO[3]
                         net (fo=1, routed)           0.000    19.629    clipper_cdf_inst/cdf_wr_data_reg[7]_i_245_n_0
    SLICE_X103Y71        CARRY4 (Prop_carry4_CI_CO[3])
                                                      0.089    19.718 r  clipper_cdf_inst/cdf_wr_data_reg[7]_i_117/CO[3]
                         net (fo=1, routed)           0.000    19.718    clipper_cdf_inst/cdf_wr_data_reg[7]_i_117_n_0
    SLICE_X103Y72        CARRY4 (Prop_carry4_CI_CO[1])
                                                      0.120    19.838 r  clipper_cdf_inst/cdf_wr_data_reg[7]_i_50/CO[1]
                         net (fo=20, routed)          0.413    20.250    clipper_cdf_inst/cdf_wr_data_reg[7]_i_100_0[21]
    SLICE_X102Y71        LUT3 (Prop_lut3_I0_O)        0.249    20.499 r  clipper_cdf_inst/cdf_wr_data[7]_i_570/O
                         net (fo=1, routed)           0.000    20.499    clipper_cdf_inst/cdf_wr_data[7]_i_570_n_0
    SLICE_X102Y71        CARRY4 (Prop_carry4_S[1]_CO[3])
                                                      0.402    20.901 r  clipper_cdf_inst/cdf_wr_data_reg[7]_i_479/CO[3]
                         net (fo=1, routed)           0.000    20.901    clipper_cdf_inst/cdf_wr_data_reg[7]_i_479_n_0
    SLICE_X102Y72        CARRY4 (Prop_carry4_CI_CO[3])
                                                      0.092    20.993 r  clipper_cdf_inst/cdf_wr_data_reg[7]_i_373/CO[3]
                         net (fo=1, routed)           0.000    20.993    clipper_cdf_inst/cdf_wr_data_reg[7]_i_373_n_0
    SLICE_X102Y73        CARRY4 (Prop_carry4_CI_CO[3])
                                                      0.092    21.085 r  clipper_cdf_inst/cdf_wr_data_reg[7]_i_240/CO[3]
                         net (fo=1, routed)           0.000    21.085    clipper_cdf_inst/cdf_wr_data_reg[7]_i_240_n_0
    SLICE_X102Y74        CARRY4 (Prop_carry4_CI_CO[3])
                                                      0.092    21.177 r  clipper_cdf_inst/cdf_wr_data_reg[7]_i_116/CO[3]
                         net (fo=1, routed)           0.007    21.185    clipper_cdf_inst/cdf_wr_data_reg[7]_i_116_n_0
    SLICE_X102Y75        CARRY4 (Prop_carry4_CI_CO[1])
                                                      0.119    21.304 r  clipper_cdf_inst/cdf_wr_data_reg[7]_i_47/CO[1]
                         net (fo=20, routed)          0.413    21.717    clipper_cdf_inst/cdf_wr_data_reg[7]_i_100_0[20]
    SLICE_X103Y74        LUT3 (Prop_lut3_I0_O)        0.251    21.968 r  clipper_cdf_inst/cdf_wr_data[7]_i_567/O
                         net (fo=1, routed)           0.000    21.968    clipper_cdf_inst/cdf_wr_data[7]_i_567_n_0
    SLICE_X103Y74        CARRY4 (Prop_carry4_S[1]_CO[3])
                                                      0.412    22.380 r  clipper_cdf_inst/cdf_wr_data_reg[7]_i_474/CO[3]
                         net (fo=1, routed)           0.007    22.387    clipper_cdf_inst/cdf_wr_data_reg[7]_i_474_n_0
    SLICE_X103Y75        CARRY4 (Prop_carry4_CI_CO[3])
                                                      0.089    22.476 r  clipper_cdf_inst/cdf_wr_data_reg[7]_i_363/CO[3]
                         net (fo=1, routed)           0.000    22.476    clipper_cdf_inst/cdf_wr_data_reg[7]_i_363_n_0
    SLICE_X103Y76        CARRY4 (Prop_carry4_CI_CO[3])
                                                      0.089    22.565 r  clipper_cdf_inst/cdf_wr_data_reg[7]_i_235/CO[3]
                         net (fo=1, routed)           0.000    22.565    clipper_cdf_inst/cdf_wr_data_reg[7]_i_235_n_0
    SLICE_X103Y77        CARRY4 (Prop_carry4_CI_CO[3])
                                                      0.089    22.654 r  clipper_cdf_inst/cdf_wr_data_reg[7]_i_111/CO[3]
                         net (fo=1, routed)           0.000    22.654    clipper_cdf_inst/cdf_wr_data_reg[7]_i_111_n_0
    SLICE_X103Y78        CARRY4 (Prop_carry4_CI_CO[1])
                                                      0.120    22.774 r  clipper_cdf_inst/cdf_wr_data_reg[7]_i_48/CO[1]
                         net (fo=20, routed)          0.544    23.319    clipper_cdf_inst/cdf_wr_data_reg[7]_i_100_0[19]
    SLICE_X102Y78        LUT3 (Prop_lut3_I0_O)        0.249    23.568 r  clipper_cdf_inst/cdf_wr_data[7]_i_477/O
                         net (fo=1, routed)           0.000    23.568    clipper_cdf_inst/cdf_wr_data[7]_i_477_n_0
    SLICE_X102Y78        CARRY4 (Prop_carry4_S[1]_CO[3])
                                                      0.402    23.970 r  clipper_cdf_inst/cdf_wr_data_reg[7]_i_358/CO[3]
                         net (fo=1, routed)           0.000    23.970    clipper_cdf_inst/cdf_wr_data_reg[7]_i_358_n_0
    SLICE_X102Y79        CARRY4 (Prop_carry4_CI_CO[3])
                                                      0.092    24.062 r  clipper_cdf_inst/cdf_wr_data_reg[7]_i_225/CO[3]
                         net (fo=1, routed)           0.000    24.062    clipper_cdf_inst/cdf_wr_data_reg[7]_i_225_n_0
    SLICE_X102Y80        CARRY4 (Prop_carry4_CI_CO[3])
                                                      0.092    24.154 r  clipper_cdf_inst/cdf_wr_data_reg[7]_i_110/CO[3]
                         net (fo=1, routed)           0.000    24.154    clipper_cdf_inst/cdf_wr_data_reg[7]_i_110_n_0
    SLICE_X102Y81        CARRY4 (Prop_carry4_CI_CO[1])
                                                      0.119    24.273 r  clipper_cdf_inst/cdf_wr_data_reg[7]_i_45/CO[1]
                         net (fo=20, routed)          0.403    24.675    clipper_cdf_inst/cdf_wr_data_reg[7]_i_100_0[18]
    SLICE_X104Y80        LUT3 (Prop_lut3_I0_O)        0.251    24.926 r  clipper_cdf_inst/cdf_wr_data[7]_i_561/O
                         net (fo=1, routed)           0.000    24.926    clipper_cdf_inst/cdf_wr_data[7]_i_561_n_0
    SLICE_X104Y80        CARRY4 (Prop_carry4_S[1]_CO[3])
                                                      0.402    25.328 r  clipper_cdf_inst/cdf_wr_data_reg[7]_i_464/CO[3]
                         net (fo=1, routed)           0.000    25.328    clipper_cdf_inst/cdf_wr_data_reg[7]_i_464_n_0
    SLICE_X104Y81        CARRY4 (Prop_carry4_CI_CO[3])
                                                      0.092    25.420 r  clipper_cdf_inst/cdf_wr_data_reg[7]_i_353/CO[3]
                         net (fo=1, routed)           0.000    25.420    clipper_cdf_inst/cdf_wr_data_reg[7]_i_353_n_0
    SLICE_X104Y82        CARRY4 (Prop_carry4_CI_CO[3])
                                                      0.092    25.512 r  clipper_cdf_inst/cdf_wr_data_reg[7]_i_220/CO[3]
                         net (fo=1, routed)           0.000    25.512    clipper_cdf_inst/cdf_wr_data_reg[7]_i_220_n_0
    SLICE_X104Y83        CARRY4 (Prop_carry4_CI_CO[3])
                                                      0.092    25.604 r  clipper_cdf_inst/cdf_wr_data_reg[7]_i_104/CO[3]
                         net (fo=1, routed)           0.000    25.604    clipper_cdf_inst/cdf_wr_data_reg[7]_i_104_n_0
    SLICE_X104Y84        CARRY4 (Prop_carry4_CI_CO[1])
                                                      0.119    25.723 r  clipper_cdf_inst/cdf_wr_data_reg[7]_i_46/CO[1]
                         net (fo=20, routed)          0.441    26.165    clipper_cdf_inst/cdf_wr_data_reg[7]_i_100_0[17]
    SLICE_X103Y83        LUT3 (Prop_lut3_I0_O)        0.251    26.416 r  clipper_cdf_inst/cdf_wr_data[7]_i_558/O
                         net (fo=1, routed)           0.000    26.416    clipper_cdf_inst/cdf_wr_data[7]_i_558_n_0
    SLICE_X103Y83        CARRY4 (Prop_carry4_S[1]_CO[3])
                                                      0.412    26.828 r  clipper_cdf_inst/cdf_wr_data_reg[7]_i_463/CO[3]
                         net (fo=1, routed)           0.000    26.828    clipper_cdf_inst/cdf_wr_data_reg[7]_i_463_n_0
    SLICE_X103Y84        CARRY4 (Prop_carry4_CI_CO[3])
                                                      0.089    26.917 r  clipper_cdf_inst/cdf_wr_data_reg[7]_i_352/CO[3]
                         net (fo=1, routed)           0.000    26.917    clipper_cdf_inst/cdf_wr_data_reg[7]_i_352_n_0
    SLICE_X103Y85        CARRY4 (Prop_carry4_CI_CO[3])
                                                      0.089    27.006 r  clipper_cdf_inst/cdf_wr_data_reg[7]_i_219/CO[3]
                         net (fo=1, routed)           0.000    27.006    clipper_cdf_inst/cdf_wr_data_reg[7]_i_219_n_0
    SLICE_X103Y86        CARRY4 (Prop_carry4_CI_CO[3])
                                                      0.089    27.095 r  clipper_cdf_inst/cdf_wr_data_reg[7]_i_103/CO[3]
                         net (fo=1, routed)           0.000    27.095    clipper_cdf_inst/cdf_wr_data_reg[7]_i_103_n_0
    SLICE_X103Y87        CARRY4 (Prop_carry4_CI_CO[1])
                                                      0.120    27.215 r  clipper_cdf_inst/cdf_wr_data_reg[7]_i_43/CO[1]
                         net (fo=20, routed)          0.444    27.658    clipper_cdf_inst/cdf_wr_data_reg[7]_i_100_0[16]
    SLICE_X102Y85        LUT3 (Prop_lut3_I0_O)        0.249    27.907 r  clipper_cdf_inst/cdf_wr_data[7]_i_573/O
                         net (fo=1, routed)           0.000    27.907    clipper_cdf_inst/cdf_wr_data[7]_i_573_n_0
    SLICE_X102Y85        CARRY4 (Prop_carry4_S[1]_CO[3])
                                                      0.402    28.309 r  clipper_cdf_inst/cdf_wr_data_reg[7]_i_484/CO[3]
                         net (fo=1, routed)           0.000    28.309    clipper_cdf_inst/cdf_wr_data_reg[7]_i_484_n_0
    SLICE_X102Y86        CARRY4 (Prop_carry4_CI_CO[3])
                                                      0.092    28.401 r  clipper_cdf_inst/cdf_wr_data_reg[7]_i_368/CO[3]
                         net (fo=1, routed)           0.000    28.401    clipper_cdf_inst/cdf_wr_data_reg[7]_i_368_n_0
    SLICE_X102Y87        CARRY4 (Prop_carry4_CI_CO[3])
                                                      0.092    28.493 r  clipper_cdf_inst/cdf_wr_data_reg[7]_i_230/CO[3]
                         net (fo=1, routed)           0.000    28.493    clipper_cdf_inst/cdf_wr_data_reg[7]_i_230_n_0
    SLICE_X102Y88        CARRY4 (Prop_carry4_CI_CO[3])
                                                      0.092    28.585 r  clipper_cdf_inst/cdf_wr_data_reg[7]_i_107/CO[3]
                         net (fo=1, routed)           0.000    28.585    clipper_cdf_inst/cdf_wr_data_reg[7]_i_107_n_0
    SLICE_X102Y89        CARRY4 (Prop_carry4_CI_CO[1])
                                                      0.119    28.704 r  clipper_cdf_inst/cdf_wr_data_reg[7]_i_44/CO[1]
                         net (fo=20, routed)          0.399    29.104    clipper_cdf_inst/cdf_wr_data_reg[7]_i_100_0[15]
    SLICE_X103Y88        LUT3 (Prop_lut3_I0_O)        0.251    29.355 r  clipper_cdf_inst/cdf_wr_data[7]_i_585/O
                         net (fo=1, routed)           0.000    29.355    clipper_cdf_inst/cdf_wr_data[7]_i_585_n_0
    SLICE_X103Y88        CARRY4 (Prop_carry4_S[1]_CO[3])
                                                      0.412    29.767 r  clipper_cdf_inst/cdf_wr_data_reg[7]_i_508/CO[3]
                         net (fo=1, routed)           0.000    29.767    clipper_cdf_inst/cdf_wr_data_reg[7]_i_508_n_0
    SLICE_X103Y89        CARRY4 (Prop_carry4_CI_CO[3])
                                                      0.089    29.856 r  clipper_cdf_inst/cdf_wr_data_reg[7]_i_398/CO[3]
                         net (fo=1, routed)           0.000    29.856    clipper_cdf_inst/cdf_wr_data_reg[7]_i_398_n_0
    SLICE_X103Y90        CARRY4 (Prop_carry4_CI_CO[3])
                                                      0.089    29.945 r  clipper_cdf_inst/cdf_wr_data_reg[7]_i_265/CO[3]
                         net (fo=1, routed)           0.000    29.945    clipper_cdf_inst/cdf_wr_data_reg[7]_i_265_n_0
    SLICE_X103Y91        CARRY4 (Prop_carry4_CI_CO[3])
                                                      0.089    30.034 r  clipper_cdf_inst/cdf_wr_data_reg[7]_i_134/CO[3]
                         net (fo=1, routed)           0.000    30.034    clipper_cdf_inst/cdf_wr_data_reg[7]_i_134_n_0
    SLICE_X103Y92        CARRY4 (Prop_carry4_CI_CO[1])
                                                      0.120    30.154 r  clipper_cdf_inst/cdf_wr_data_reg[7]_i_53/CO[1]
                         net (fo=20, routed)          0.425    30.579    clipper_cdf_inst/cdf_wr_data_reg[7]_i_100_0[14]
    SLICE_X102Y91        LUT3 (Prop_lut3_I0_O)        0.249    30.828 r  clipper_cdf_inst/cdf_wr_data[7]_i_582/O
                         net (fo=1, routed)           0.000    30.828    clipper_cdf_inst/cdf_wr_data[7]_i_582_n_0
    SLICE_X102Y91        CARRY4 (Prop_carry4_S[1]_CO[3])
                                                      0.402    31.230 r  clipper_cdf_inst/cdf_wr_data_reg[7]_i_503/CO[3]
                         net (fo=1, routed)           0.000    31.230    clipper_cdf_inst/cdf_wr_data_reg[7]_i_503_n_0
    SLICE_X102Y92        CARRY4 (Prop_carry4_CI_CO[3])
                                                      0.092    31.322 r  clipper_cdf_inst/cdf_wr_data_reg[7]_i_393/CO[3]
                         net (fo=1, routed)           0.000    31.322    clipper_cdf_inst/cdf_wr_data_reg[7]_i_393_n_0
    SLICE_X102Y93        CARRY4 (Prop_carry4_CI_CO[3])
                                                      0.092    31.414 r  clipper_cdf_inst/cdf_wr_data_reg[7]_i_260/CO[3]
                         net (fo=1, routed)           0.000    31.414    clipper_cdf_inst/cdf_wr_data_reg[7]_i_260_n_0
    SLICE_X102Y94        CARRY4 (Prop_carry4_CI_CO[3])
                                                      0.092    31.506 r  clipper_cdf_inst/cdf_wr_data_reg[7]_i_128/CO[3]
                         net (fo=1, routed)           0.000    31.506    clipper_cdf_inst/cdf_wr_data_reg[7]_i_128_n_0
    SLICE_X102Y95        CARRY4 (Prop_carry4_CI_CO[1])
                                                      0.119    31.625 r  clipper_cdf_inst/cdf_wr_data_reg[7]_i_54/CO[1]
                         net (fo=20, routed)          0.374    31.999    clipper_cdf_inst/cdf_wr_data_reg[7]_i_100_0[13]
    SLICE_X103Y94        LUT3 (Prop_lut3_I0_O)        0.251    32.250 r  clipper_cdf_inst/cdf_wr_data[7]_i_519/O
                         net (fo=1, routed)           0.000    32.250    clipper_cdf_inst/cdf_wr_data[7]_i_519_n_0
    SLICE_X103Y94        CARRY4 (Prop_carry4_S[1]_CO[3])
                                                      0.412    32.662 r  clipper_cdf_inst/cdf_wr_data_reg[7]_i_411/CO[3]
                         net (fo=1, routed)           0.000    32.662    clipper_cdf_inst/cdf_wr_data_reg[7]_i_411_n_0
    SLICE_X103Y95        CARRY4 (Prop_carry4_CI_CO[3])
                                                      0.089    32.751 r  clipper_cdf_inst/cdf_wr_data_reg[7]_i_392/CO[3]
                         net (fo=1, routed)           0.000    32.751    clipper_cdf_inst/cdf_wr_data_reg[7]_i_392_n_0
    SLICE_X103Y96        CARRY4 (Prop_carry4_CI_CO[3])
                                                      0.089    32.840 r  clipper_cdf_inst/cdf_wr_data_reg[7]_i_259/CO[3]
                         net (fo=1, routed)           0.000    32.840    clipper_cdf_inst/cdf_wr_data_reg[7]_i_259_n_0
    SLICE_X103Y97        CARRY4 (Prop_carry4_CI_CO[3])
                                                      0.089    32.929 r  clipper_cdf_inst/cdf_wr_data_reg[7]_i_127/CO[3]
                         net (fo=1, routed)           0.000    32.929    clipper_cdf_inst/cdf_wr_data_reg[7]_i_127_n_0
    SLICE_X103Y98        CARRY4 (Prop_carry4_CI_CO[1])
                                                      0.120    33.049 r  clipper_cdf_inst/cdf_wr_data_reg[7]_i_51/CO[1]
                         net (fo=20, routed)          0.415    33.465    clipper_cdf_inst/cdf_wr_data_reg[7]_i_100_0[12]
    SLICE_X104Y97        LUT3 (Prop_lut3_I0_O)        0.249    33.714 r  clipper_cdf_inst/cdf_wr_data[7]_i_418/O
                         net (fo=1, routed)           0.000    33.714    clipper_cdf_inst/cdf_wr_data[7]_i_418_n_0
    SLICE_X104Y97        CARRY4 (Prop_carry4_S[1]_CO[3])
                                                      0.402    34.116 r  clipper_cdf_inst/cdf_wr_data_reg[7]_i_300/CO[3]
                         net (fo=1, routed)           0.000    34.116    clipper_cdf_inst/cdf_wr_data_reg[7]_i_300_n_0
    SLICE_X104Y98        CARRY4 (Prop_carry4_CI_CO[3])
                                                      0.092    34.208 r  clipper_cdf_inst/cdf_wr_data_reg[7]_i_295/CO[3]
                         net (fo=1, routed)           0.000    34.208    clipper_cdf_inst/cdf_wr_data_reg[7]_i_295_n_0
    SLICE_X104Y99        CARRY4 (Prop_carry4_CI_CO[3])
                                                      0.092    34.300 r  clipper_cdf_inst/cdf_wr_data_reg[7]_i_270/CO[3]
                         net (fo=1, routed)           0.001    34.300    clipper_cdf_inst/cdf_wr_data_reg[7]_i_270_n_0
    SLICE_X104Y100       CARRY4 (Prop_carry4_CI_CO[3])
                                                      0.092    34.392 r  clipper_cdf_inst/cdf_wr_data_reg[7]_i_131/CO[3]
                         net (fo=1, routed)           0.000    34.392    clipper_cdf_inst/cdf_wr_data_reg[7]_i_131_n_0
    SLICE_X104Y101       CARRY4 (Prop_carry4_CI_CO[1])
                                                      0.119    34.511 r  clipper_cdf_inst/cdf_wr_data_reg[7]_i_52/CO[1]
                         net (fo=20, routed)          0.391    34.902    clipper_cdf_inst/cdf_wr_data_reg[7]_i_100_0[11]
    SLICE_X103Y100       LUT3 (Prop_lut3_I0_O)        0.251    35.153 r  clipper_cdf_inst/cdf_wr_data[7]_i_307/O
                         net (fo=1, routed)           0.000    35.153    clipper_cdf_inst/cdf_wr_data[7]_i_307_n_0
    SLICE_X103Y100       CARRY4 (Prop_carry4_S[1]_CO[3])
                                                      0.412    35.565 r  clipper_cdf_inst/cdf_wr_data_reg[7]_i_170/CO[3]
                         net (fo=1, routed)           0.000    35.565    clipper_cdf_inst/cdf_wr_data_reg[7]_i_170_n_0
    SLICE_X103Y101       CARRY4 (Prop_carry4_CI_CO[3])
                                                      0.089    35.654 r  clipper_cdf_inst/cdf_wr_data_reg[7]_i_165/CO[3]
                         net (fo=1, routed)           0.000    35.654    clipper_cdf_inst/cdf_wr_data_reg[7]_i_165_n_0
    SLICE_X103Y102       CARRY4 (Prop_carry4_CI_CO[3])
                                                      0.089    35.743 r  clipper_cdf_inst/cdf_wr_data_reg[7]_i_160/CO[3]
                         net (fo=1, routed)           0.000    35.743    clipper_cdf_inst/cdf_wr_data_reg[7]_i_160_n_0
    SLICE_X103Y103       CARRY4 (Prop_carry4_CI_CO[3])
                                                      0.089    35.832 r  clipper_cdf_inst/cdf_wr_data_reg[7]_i_139/CO[3]
                         net (fo=1, routed)           0.000    35.832    clipper_cdf_inst/cdf_wr_data_reg[7]_i_139_n_0
    SLICE_X103Y104       CARRY4 (Prop_carry4_CI_CO[1])
                                                      0.120    35.952 r  clipper_cdf_inst/cdf_wr_data_reg[7]_i_55/CO[1]
                         net (fo=20, routed)          0.403    36.355    clipper_cdf_inst/cdf_wr_data_reg[7]_i_100_0[10]
    SLICE_X104Y103       LUT3 (Prop_lut3_I0_O)        0.249    36.604 r  clipper_cdf_inst/cdf_wr_data[7]_i_294/O
                         net (fo=1, routed)           0.000    36.604    clipper_cdf_inst/cdf_wr_data[7]_i_294_n_0
    SLICE_X104Y103       CARRY4 (Prop_carry4_S[1]_CO[3])
                                                      0.402    37.006 r  clipper_cdf_inst/cdf_wr_data_reg[7]_i_155/CO[3]
                         net (fo=1, routed)           0.000    37.006    clipper_cdf_inst/cdf_wr_data_reg[7]_i_155_n_0
    SLICE_X104Y104       CARRY4 (Prop_carry4_CI_CO[3])
                                                      0.092    37.098 r  clipper_cdf_inst/cdf_wr_data_reg[7]_i_76/CO[3]
                         net (fo=1, routed)           0.000    37.098    clipper_cdf_inst/cdf_wr_data_reg[7]_i_76_n_0
    SLICE_X104Y105       CARRY4 (Prop_carry4_CI_CO[3])
                                                      0.092    37.190 r  clipper_cdf_inst/cdf_wr_data_reg[7]_i_71/CO[3]
                         net (fo=1, routed)           0.000    37.190    clipper_cdf_inst/cdf_wr_data_reg[7]_i_71_n_0
    SLICE_X104Y106       CARRY4 (Prop_carry4_CI_CO[3])
                                                      0.092    37.282 r  clipper_cdf_inst/cdf_wr_data_reg[7]_i_68/CO[3]
                         net (fo=1, routed)           0.000    37.282    clipper_cdf_inst/cdf_wr_data_reg[7]_i_68_n_0
    SLICE_X104Y107       CARRY4 (Prop_carry4_CI_CO[1])
                                                      0.119    37.401 r  clipper_cdf_inst/cdf_wr_data_reg[7]_i_56/CO[1]
                         net (fo=20, routed)          0.506    37.906    clipper_cdf_inst/cdf_wr_data_reg[7]_i_100_0[9]
    SLICE_X102Y105       LUT3 (Prop_lut3_I0_O)        0.251    38.157 r  clipper_cdf_inst/cdf_wr_data[7]_i_291/O
                         net (fo=1, routed)           0.000    38.157    clipper_cdf_inst/cdf_wr_data[7]_i_291_n_0
    SLICE_X102Y105       CARRY4 (Prop_carry4_S[1]_CO[3])
                                                      0.402    38.559 r  clipper_cdf_inst/cdf_wr_data_reg[7]_i_150/CO[3]
                         net (fo=1, routed)           0.000    38.559    clipper_cdf_inst/cdf_wr_data_reg[7]_i_150_n_0
    SLICE_X102Y106       CARRY4 (Prop_carry4_CI_CO[3])
                                                      0.092    38.651 r  clipper_cdf_inst/cdf_wr_data_reg[7]_i_63/CO[3]
                         net (fo=1, routed)           0.000    38.651    clipper_cdf_inst/cdf_wr_data_reg[7]_i_63_n_0
    SLICE_X102Y107       CARRY4 (Prop_carry4_CI_CO[3])
                                                      0.092    38.743 r  clipper_cdf_inst/cdf_wr_data_reg[7]_i_30/CO[3]
                         net (fo=1, routed)           0.000    38.743    clipper_cdf_inst/cdf_wr_data_reg[7]_i_30_n_0
    SLICE_X102Y108       CARRY4 (Prop_carry4_CI_CO[3])
                                                      0.092    38.835 r  clipper_cdf_inst/cdf_wr_data_reg[7]_i_27/CO[3]
                         net (fo=1, routed)           0.000    38.835    clipper_cdf_inst/cdf_wr_data_reg[7]_i_27_n_0
    SLICE_X102Y109       CARRY4 (Prop_carry4_CI_CO[1])
                                                      0.119    38.954 r  clipper_cdf_inst/cdf_wr_data_reg[7]_i_26/CO[1]
                         net (fo=20, routed)          0.387    39.341    clipper_cdf_inst/cdf_wr_data_reg[7]_i_100_0[8]
    SLICE_X103Y108       LUT3 (Prop_lut3_I0_O)        0.251    39.592 r  clipper_cdf_inst/cdf_wr_data[7]_i_288/O
                         net (fo=1, routed)           0.000    39.592    clipper_cdf_inst/cdf_wr_data[7]_i_288_n_0
    SLICE_X103Y108       CARRY4 (Prop_carry4_S[1]_CO[3])
                                                      0.412    40.004 r  clipper_cdf_inst/cdf_wr_data_reg[7]_i_145/CO[3]
                         net (fo=1, routed)           0.000    40.004    clipper_cdf_inst/cdf_wr_data_reg[7]_i_145_n_0
    SLICE_X103Y109       CARRY4 (Prop_carry4_CI_CO[3])
                                                      0.089    40.093 r  clipper_cdf_inst/cdf_wr_data_reg[7]_i_58/CO[3]
                         net (fo=1, routed)           0.000    40.093    clipper_cdf_inst/cdf_wr_data_reg[7]_i_58_n_0
    SLICE_X103Y110       CARRY4 (Prop_carry4_CI_CO[3])
                                                      0.089    40.182 r  clipper_cdf_inst/cdf_wr_data_reg[7]_i_21/CO[3]
                         net (fo=1, routed)           0.000    40.182    clipper_cdf_inst/cdf_wr_data_reg[7]_i_21_n_0
    SLICE_X103Y111       CARRY4 (Prop_carry4_CI_CO[3])
                                                      0.089    40.271 r  clipper_cdf_inst/cdf_wr_data_reg[7]_i_10/CO[3]
                         net (fo=1, routed)           0.000    40.271    clipper_cdf_inst/cdf_wr_data_reg[7]_i_10_n_0
    SLICE_X103Y112       CARRY4 (Prop_carry4_CI_CO[1])
                                                      0.120    40.391 r  clipper_cdf_inst/cdf_wr_data_reg[7]_i_9/CO[1]
                         net (fo=20, routed)          0.569    40.960    clipper_cdf_inst/cdf_wr_data_reg[7]_i_100_0[7]
    SLICE_X104Y113       LUT3 (Prop_lut3_I0_O)        0.249    41.209 r  clipper_cdf_inst/cdf_wr_data[7]_i_147/O
                         net (fo=1, routed)           0.000    41.209    clipper_cdf_inst/cdf_wr_data[7]_i_147_n_0
    SLICE_X104Y113       CARRY4 (Prop_carry4_S[2]_CO[3])
                                                      0.286    41.495 r  clipper_cdf_inst/cdf_wr_data_reg[7]_i_57/CO[3]
                         net (fo=1, routed)           0.000    41.495    clipper_cdf_inst/cdf_wr_data_reg[7]_i_57_n_0
    SLICE_X104Y114       CARRY4 (Prop_carry4_CI_CO[3])
                                                      0.092    41.587 r  clipper_cdf_inst/cdf_wr_data_reg[7]_i_20/CO[3]
                         net (fo=1, routed)           0.000    41.587    clipper_cdf_inst/cdf_wr_data_reg[7]_i_20_n_0
    SLICE_X104Y115       CARRY4 (Prop_carry4_CI_CO[3])
                                                      0.092    41.679 r  clipper_cdf_inst/cdf_wr_data_reg[7]_i_8/CO[3]
                         net (fo=1, routed)           0.000    41.679    clipper_cdf_inst/cdf_wr_data_reg[7]_i_8_n_0
    SLICE_X104Y116       CARRY4 (Prop_carry4_CI_CO[1])
                                                      0.119    41.798 r  clipper_cdf_inst/cdf_wr_data_reg[7]_i_4/CO[1]
                         net (fo=20, routed)          0.525    42.323    clipper_cdf_inst/cdf_wr_data_reg[7]_i_100_0[6]
    SLICE_X103Y114       CARRY4 (Prop_carry4_CYINIT_CO[3])
                                                      0.586    42.909 r  clipper_cdf_inst/cdf_wr_data_reg[6]_i_16/CO[3]
                         net (fo=1, routed)           0.000    42.909    clipper_cdf_inst/cdf_wr_data_reg[6]_i_16_n_0
    SLICE_X103Y115       CARRY4 (Prop_carry4_CI_CO[3])
                                                      0.089    42.998 r  clipper_cdf_inst/cdf_wr_data_reg[6]_i_11/CO[3]
                         net (fo=1, routed)           0.000    42.998    clipper_cdf_inst/cdf_wr_data_reg[6]_i_11_n_0
    SLICE_X103Y116       CARRY4 (Prop_carry4_CI_CO[3])
                                                      0.089    43.087 r  clipper_cdf_inst/cdf_wr_data_reg[6]_i_6/CO[3]
                         net (fo=1, routed)           0.000    43.087    clipper_cdf_inst/cdf_wr_data_reg[6]_i_6_n_0
    SLICE_X103Y117       CARRY4 (Prop_carry4_CI_CO[3])
                                                      0.089    43.176 r  clipper_cdf_inst/cdf_wr_data_reg[6]_i_3/CO[3]
                         net (fo=1, routed)           0.000    43.176    clipper_cdf_inst/cdf_wr_data_reg[6]_i_3_n_0
    SLICE_X103Y118       CARRY4 (Prop_carry4_CI_CO[1])
                                                      0.120    43.296 r  clipper_cdf_inst/cdf_wr_data_reg[6]_i_2/CO[1]
                         net (fo=20, routed)          0.574    43.870    clipper_cdf_inst/cdf_wr_data_reg[7]_i_100_0[5]
    SLICE_X102Y114       LUT3 (Prop_lut3_I0_O)        0.249    44.119 r  clipper_cdf_inst/cdf_wr_data[5]_i_23/O
                         net (fo=1, routed)           0.000    44.119    clipper_cdf_inst/cdf_wr_data[5]_i_23_n_0
    SLICE_X102Y114       CARRY4 (Prop_carry4_S[1]_CO[3])
                                                      0.402    44.521 r  clipper_cdf_inst/cdf_wr_data_reg[5]_i_16/CO[3]
                         net (fo=1, routed)           0.000    44.521    clipper_cdf_inst/cdf_wr_data_reg[5]_i_16_n_0
    SLICE_X102Y115       CARRY4 (Prop_carry4_CI_CO[3])
                                                      0.092    44.613 r  clipper_cdf_inst/cdf_wr_data_reg[5]_i_11/CO[3]
                         net (fo=1, routed)           0.000    44.613    clipper_cdf_inst/cdf_wr_data_reg[5]_i_11_n_0
    SLICE_X102Y116       CARRY4 (Prop_carry4_CI_CO[3])
                                                      0.092    44.705 r  clipper_cdf_inst/cdf_wr_data_reg[5]_i_6/CO[3]
                         net (fo=1, routed)           0.000    44.705    clipper_cdf_inst/cdf_wr_data_reg[5]_i_6_n_0
    SLICE_X102Y117       CARRY4 (Prop_carry4_CI_CO[3])
                                                      0.092    44.797 r  clipper_cdf_inst/cdf_wr_data_reg[5]_i_3/CO[3]
                         net (fo=1, routed)           0.000    44.797    clipper_cdf_inst/cdf_wr_data_reg[5]_i_3_n_0
    SLICE_X102Y118       CARRY4 (Prop_carry4_CI_CO[1])
                                                      0.119    44.916 r  clipper_cdf_inst/cdf_wr_data_reg[5]_i_2/CO[1]
                         net (fo=20, routed)          0.520    45.435    clipper_cdf_inst/cdf_wr_data_reg[7]_i_100_0[4]
    SLICE_X105Y116       CARRY4 (Prop_carry4_CYINIT_CO[3])
                                                      0.586    46.021 r  clipper_cdf_inst/cdf_wr_data_reg[4]_i_16/CO[3]
                         net (fo=1, routed)           0.000    46.021    clipper_cdf_inst/cdf_wr_data_reg[4]_i_16_n_0
    SLICE_X105Y117       CARRY4 (Prop_carry4_CI_CO[3])
                                                      0.089    46.110 r  clipper_cdf_inst/cdf_wr_data_reg[4]_i_11/CO[3]
                         net (fo=1, routed)           0.000    46.110    clipper_cdf_inst/cdf_wr_data_reg[4]_i_11_n_0
    SLICE_X105Y118       CARRY4 (Prop_carry4_CI_CO[3])
                                                      0.089    46.199 r  clipper_cdf_inst/cdf_wr_data_reg[4]_i_6/CO[3]
                         net (fo=1, routed)           0.000    46.199    clipper_cdf_inst/cdf_wr_data_reg[4]_i_6_n_0
    SLICE_X105Y119       CARRY4 (Prop_carry4_CI_CO[3])
                                                      0.089    46.288 r  clipper_cdf_inst/cdf_wr_data_reg[4]_i_3/CO[3]
                         net (fo=1, routed)           0.000    46.288    clipper_cdf_inst/cdf_wr_data_reg[4]_i_3_n_0
    SLICE_X105Y120       CARRY4 (Prop_carry4_CI_CO[1])
                                                      0.120    46.408 r  clipper_cdf_inst/cdf_wr_data_reg[4]_i_2/CO[1]
                         net (fo=20, routed)          0.408    46.817    clipper_cdf_inst/cdf_wr_data_reg[7]_i_100_0[3]
    SLICE_X104Y119       LUT3 (Prop_lut3_I0_O)        0.249    47.066 r  clipper_cdf_inst/cdf_wr_data[3]_i_23/O
                         net (fo=1, routed)           0.000    47.066    clipper_cdf_inst/cdf_wr_data[3]_i_23_n_0
    SLICE_X104Y119       CARRY4 (Prop_carry4_S[1]_CO[3])
                                                      0.402    47.468 r  clipper_cdf_inst/cdf_wr_data_reg[3]_i_16/CO[3]
                         net (fo=1, routed)           0.000    47.468    clipper_cdf_inst/cdf_wr_data_reg[3]_i_16_n_0
    SLICE_X104Y120       CARRY4 (Prop_carry4_CI_CO[3])
                                                      0.092    47.560 r  clipper_cdf_inst/cdf_wr_data_reg[3]_i_11/CO[3]
                         net (fo=1, routed)           0.000    47.560    clipper_cdf_inst/cdf_wr_data_reg[3]_i_11_n_0
    SLICE_X104Y121       CARRY4 (Prop_carry4_CI_CO[3])
                                                      0.092    47.652 r  clipper_cdf_inst/cdf_wr_data_reg[3]_i_6/CO[3]
                         net (fo=1, routed)           0.000    47.652    clipper_cdf_inst/cdf_wr_data_reg[3]_i_6_n_0
    SLICE_X104Y122       CARRY4 (Prop_carry4_CI_CO[3])
                                                      0.092    47.744 r  clipper_cdf_inst/cdf_wr_data_reg[3]_i_3/CO[3]
                         net (fo=1, routed)           0.000    47.744    clipper_cdf_inst/cdf_wr_data_reg[3]_i_3_n_0
    SLICE_X104Y123       CARRY4 (Prop_carry4_CI_CO[1])
                                                      0.119    47.863 r  clipper_cdf_inst/cdf_wr_data_reg[3]_i_2/CO[1]
                         net (fo=20, routed)          0.537    48.400    clipper_cdf_inst/cdf_wr_data_reg[7]_i_100_0[2]
    SLICE_X103Y121       CARRY4 (Prop_carry4_CYINIT_CO[3])
                                                      0.586    48.986 r  clipper_cdf_inst/cdf_wr_data_reg[2]_i_16/CO[3]
                         net (fo=1, routed)           0.000    48.986    clipper_cdf_inst/cdf_wr_data_reg[2]_i_16_n_0
    SLICE_X103Y122       CARRY4 (Prop_carry4_CI_CO[3])
                                                      0.089    49.075 r  clipper_cdf_inst/cdf_wr_data_reg[2]_i_11/CO[3]
                         net (fo=1, routed)           0.000    49.075    clipper_cdf_inst/cdf_wr_data_reg[2]_i_11_n_0
    SLICE_X103Y123       CARRY4 (Prop_carry4_CI_CO[3])
                                                      0.089    49.164 r  clipper_cdf_inst/cdf_wr_data_reg[2]_i_6/CO[3]
                         net (fo=1, routed)           0.000    49.164    clipper_cdf_inst/cdf_wr_data_reg[2]_i_6_n_0
    SLICE_X103Y124       CARRY4 (Prop_carry4_CI_CO[3])
                                                      0.089    49.253 r  clipper_cdf_inst/cdf_wr_data_reg[2]_i_3/CO[3]
                         net (fo=1, routed)           0.007    49.260    clipper_cdf_inst/cdf_wr_data_reg[2]_i_3_n_0
    SLICE_X103Y125       CARRY4 (Prop_carry4_CI_CO[1])
                                                      0.120    49.380 r  clipper_cdf_inst/cdf_wr_data_reg[2]_i_2/CO[1]
                         net (fo=20, routed)          0.431    49.811    clipper_cdf_inst/cdf_wr_data_reg[7]_i_100_0[1]
    SLICE_X104Y124       LUT3 (Prop_lut3_I0_O)        0.249    50.060 r  clipper_cdf_inst/cdf_wr_data[2]_i_1/O
                         net (fo=1, routed)           0.000    50.060    clipper_cdf_inst/norm_saturated[2]
    SLICE_X104Y124       FDCE                                         r  clipper_cdf_inst/cdf_wr_data_reg[2]/D
  -------------------------------------------------------------------    -------------------

                         (clock pclk rise edge)      13.500    13.500 r  
    U7                                                0.000    13.500 r  pclk (IN)
                         net (fo=0)                   0.000    13.500    pclk
    U7                   IBUF (Prop_ibuf_I_O)         0.776    14.276 r  pclk_IBUF_inst/O
                         net (fo=1, routed)           1.484    15.759    pclk_IBUF
    BUFGCTRL_X0Y0        BUFG (Prop_bufg_I_O)         0.072    15.831 r  pclk_IBUF_BUFG_inst/O
                         net (fo=647, routed)         1.344    17.176    clipper_cdf_inst/pclk_IBUF_BUFG
    SLICE_X104Y124       FDCE                                         r  clipper_cdf_inst/cdf_wr_data_reg[2]/C
                         clock pessimism              0.302    17.478    
                         clock uncertainty           -0.035    17.443    
    SLICE_X104Y124       FDCE (Setup_fdce_C_D)        0.069    17.512    clipper_cdf_inst/cdf_wr_data_reg[2]
  -------------------------------------------------------------------
                         required time                         17.512    
                         arrival time                         -50.060    
  -------------------------------------------------------------------
                         slack                                -32.548    

Slack (VIOLATED) :        -30.916ns  (required time - arrival time)
  Source:                 clipper_cdf_inst/cdf_range_reg[1]/C
                            (rising edge-triggered cell FDCE clocked by pclk  {rise@0.000ns fall@6.750ns period=13.500ns})
  Destination:            clipper_cdf_inst/cdf_wr_data_reg[3]/D
                            (rising edge-triggered cell FDCE clocked by pclk  {rise@0.000ns fall@6.750ns period=13.500ns})
  Path Group:             pclk
  Path Type:              Setup (Max at Slow Process Corner)
  Requirement:            13.500ns  (pclk rise@13.500ns - pclk rise@0.000ns)
  Data Path Delay:        44.348ns  (logic 30.363ns (68.466%)  route 13.985ns (31.534%))
  Logic Levels:           170  (CARRY4=142 LUT1=1 LUT2=6 LUT3=21)
  Clock Path Skew:        -0.065ns (DCD - SCD + CPR)
    Destination Clock Delay (DCD):    3.677ns = ( 17.177 - 13.500 ) 
    Source Clock Delay      (SCD):    4.044ns
    Clock Pessimism Removal (CPR):    0.302ns
  Clock Uncertainty:      0.035ns  ((TSJ^2 + TIJ^2)^1/2 + DJ) / 2 + PE
    Total System Jitter     (TSJ):    0.071ns
    Total Input Jitter      (TIJ):    0.000ns
    Discrete Jitter          (DJ):    0.000ns
    Phase Error              (PE):    0.000ns

    Location             Delay type                Incr(ns)  Path(ns)    Netlist Resource(s)
  -------------------------------------------------------------------    -------------------
                         (clock pclk rise edge)       0.000     0.000 r  
    U7                                                0.000     0.000 r  pclk (IN)
                         net (fo=0)                   0.000     0.000    pclk
    U7                   IBUF (Prop_ibuf_I_O)         0.908     0.908 r  pclk_IBUF_inst/O
                         net (fo=1, routed)           1.636     2.544    pclk_IBUF
    BUFGCTRL_X0Y0        BUFG (Prop_bufg_I_O)         0.079     2.623 r  pclk_IBUF_BUFG_inst/O
                         net (fo=647, routed)         1.421     4.044    clipper_cdf_inst/pclk_IBUF_BUFG
    SLICE_X109Y51        FDCE                                         r  clipper_cdf_inst/cdf_range_reg[1]/C
  -------------------------------------------------------------------    -------------------
    SLICE_X109Y51        FDCE (Prop_fdce_C_Q)         0.341     4.385 f  clipper_cdf_inst/cdf_range_reg[1]/Q
                         net (fo=34, routed)          0.322     4.707    clipper_cdf_inst/cdf_range[1]
    SLICE_X108Y52        LUT1 (Prop_lut1_I0_O)        0.097     4.804 r  clipper_cdf_inst/cdf_wr_data[7]_i_554/O
                         net (fo=1, routed)           0.000     4.804    clipper_cdf_inst/cdf_wr_data[7]_i_554_n_0
    SLICE_X108Y52        CARRY4 (Prop_carry4_S[1]_CO[3])
                                                      0.402     5.206 r  clipper_cdf_inst/cdf_wr_data_reg[7]_i_450/CO[3]
                         net (fo=1, routed)           0.000     5.206    clipper_cdf_inst/cdf_wr_data_reg[7]_i_450_n_0
    SLICE_X108Y53        CARRY4 (Prop_carry4_CI_CO[3])
                                                      0.092     5.298 r  clipper_cdf_inst/cdf_wr_data_reg[7]_i_339/CO[3]
                         net (fo=1, routed)           0.000     5.298    clipper_cdf_inst/cdf_wr_data_reg[7]_i_339_n_0
    SLICE_X108Y54        CARRY4 (Prop_carry4_CI_CO[3])
                                                      0.092     5.390 r  clipper_cdf_inst/cdf_wr_data_reg[7]_i_206/CO[3]
                         net (fo=1, routed)           0.000     5.390    clipper_cdf_inst/cdf_wr_data_reg[7]_i_206_n_0
    SLICE_X108Y55        CARRY4 (Prop_carry4_CI_CO[3])
                                                      0.092     5.482 r  clipper_cdf_inst/cdf_wr_data_reg[7]_i_100/CO[3]
                         net (fo=1, routed)           0.000     5.482    clipper_cdf_inst/cdf_wr_data_reg[7]_i_100_n_0
    SLICE_X108Y56        CARRY4 (Prop_carry4_CI_CO[0])
                                                      0.184     5.666 r  clipper_cdf_inst/cdf_wr_data_reg[7]_i_41/CO[0]
                         net (fo=21, routed)          0.731     6.396    clipper_cdf_inst/cdf_wr_data_reg[7]_i_100_0[30]
    SLICE_X107Y52        LUT3 (Prop_lut3_I0_O)        0.262     6.658 r  clipper_cdf_inst/cdf_wr_data[7]_i_453/O
                         net (fo=1, routed)           0.000     6.658    clipper_cdf_inst/cdf_wr_data[7]_i_453_n_0
    SLICE_X107Y52        CARRY4 (Prop_carry4_S[1]_CO[3])
                                                      0.412     7.070 r  clipper_cdf_inst/cdf_wr_data_reg[7]_i_334/CO[3]
                         net (fo=1, routed)           0.000     7.070    clipper_cdf_inst/cdf_wr_data_reg[7]_i_334_n_0
    SLICE_X107Y53        CARRY4 (Prop_carry4_CI_CO[3])
                                                      0.089     7.159 r  clipper_cdf_inst/cdf_wr_data_reg[7]_i_201/CO[3]
                         net (fo=1, routed)           0.000     7.159    clipper_cdf_inst/cdf_wr_data_reg[7]_i_201_n_0
    SLICE_X107Y54        CARRY4 (Prop_carry4_CI_CO[3])
                                                      0.089     7.248 r  clipper_cdf_inst/cdf_wr_data_reg[7]_i_95/CO[3]
                         net (fo=1, routed)           0.000     7.248    clipper_cdf_inst/cdf_wr_data_reg[7]_i_95_n_0
    SLICE_X107Y55        CARRY4 (Prop_carry4_CI_CO[1])
                                                      0.120     7.368 r  clipper_cdf_inst/cdf_wr_data_reg[7]_i_42/CO[1]
                         net (fo=21, routed)          0.585     7.953    clipper_cdf_inst/cdf_wr_data_reg[7]_i_100_0[29]
    SLICE_X106Y51        LUT2 (Prop_lut2_I1_O)        0.249     8.202 r  clipper_cdf_inst/cdf_wr_data[7]_i_539/O
                         net (fo=1, routed)           0.000     8.202    clipper_cdf_inst/cdf_wr_data[7]_i_539_n_0
    SLICE_X106Y51        CARRY4 (Prop_carry4_S[1]_CO[3])
                                                      0.412     8.614 r  clipper_cdf_inst/cdf_wr_data_reg[7]_i_435/CO[3]
                         net (fo=1, routed)           0.000     8.614    clipper_cdf_inst/cdf_wr_data_reg[7]_i_435_n_0
    SLICE_X106Y52        CARRY4 (Prop_carry4_CI_CO[3])
                                                      0.089     8.703 r  clipper_cdf_inst/cdf_wr_data_reg[7]_i_329/CO[3]
                         net (fo=1, routed)           0.000     8.703    clipper_cdf_inst/cdf_wr_data_reg[7]_i_329_n_0
    SLICE_X106Y53        CARRY4 (Prop_carry4_CI_CO[3])
                                                      0.089     8.792 r  clipper_cdf_inst/cdf_wr_data_reg[7]_i_196/CO[3]
                         net (fo=1, routed)           0.000     8.792    clipper_cdf_inst/cdf_wr_data_reg[7]_i_196_n_0
    SLICE_X106Y54        CARRY4 (Prop_carry4_CI_CO[3])
                                                      0.089     8.881 r  clipper_cdf_inst/cdf_wr_data_reg[7]_i_94/CO[3]
                         net (fo=1, routed)           0.000     8.881    clipper_cdf_inst/cdf_wr_data_reg[7]_i_94_n_0
    SLICE_X106Y55        CARRY4 (Prop_carry4_CI_CO[1])
                                                      0.120     9.001 r  clipper_cdf_inst/cdf_wr_data_reg[7]_i_39/CO[1]
                         net (fo=21, routed)          0.635     9.636    clipper_cdf_inst/cdf_wr_data_reg[7]_i_100_0[28]
    SLICE_X105Y53        LUT2 (Prop_lut2_I1_O)        0.249     9.885 r  clipper_cdf_inst/cdf_wr_data[7]_i_535/O
                         net (fo=1, routed)           0.000     9.885    clipper_cdf_inst/cdf_wr_data[7]_i_535_n_0
    SLICE_X105Y53        CARRY4 (Prop_carry4_S[1]_CO[3])
                                                      0.412    10.297 r  clipper_cdf_inst/cdf_wr_data_reg[7]_i_430/CO[3]
                         net (fo=1, routed)           0.000    10.297    clipper_cdf_inst/cdf_wr_data_reg[7]_i_430_n_0
    SLICE_X105Y54        CARRY4 (Prop_carry4_CI_CO[3])
                                                      0.089    10.386 r  clipper_cdf_inst/cdf_wr_data_reg[7]_i_319/CO[3]
                         net (fo=1, routed)           0.000    10.386    clipper_cdf_inst/cdf_wr_data_reg[7]_i_319_n_0
    SLICE_X105Y55        CARRY4 (Prop_carry4_CI_CO[3])
                                                      0.089    10.475 r  clipper_cdf_inst/cdf_wr_data_reg[7]_i_191/CO[3]
                         net (fo=1, routed)           0.000    10.475    clipper_cdf_inst/cdf_wr_data_reg[7]_i_191_n_0
    SLICE_X105Y56        CARRY4 (Prop_carry4_CI_CO[3])
                                                      0.089    10.564 r  clipper_cdf_inst/cdf_wr_data_reg[7]_i_89/CO[3]
                         net (fo=1, routed)           0.000    10.564    clipper_cdf_inst/cdf_wr_data_reg[7]_i_89_n_0
    SLICE_X105Y57        CARRY4 (Prop_carry4_CI_CO[1])
                                                      0.120    10.684 r  clipper_cdf_inst/cdf_wr_data_reg[7]_i_40/CO[1]
                         net (fo=21, routed)          0.506    11.190    clipper_cdf_inst/cdf_wr_data_reg[7]_i_100_0[27]
    SLICE_X104Y55        LUT2 (Prop_lut2_I1_O)        0.249    11.439 r  clipper_cdf_inst/cdf_wr_data[7]_i_531/O
                         net (fo=1, routed)           0.000    11.439    clipper_cdf_inst/cdf_wr_data[7]_i_531_n_0
    SLICE_X104Y55        CARRY4 (Prop_carry4_S[1]_CO[3])
                                                      0.402    11.841 r  clipper_cdf_inst/cdf_wr_data_reg[7]_i_425/CO[3]
                         net (fo=1, routed)           0.000    11.841    clipper_cdf_inst/cdf_wr_data_reg[7]_i_425_n_0
    SLICE_X104Y56        CARRY4 (Prop_carry4_CI_CO[3])
                                                      0.092    11.933 r  clipper_cdf_inst/cdf_wr_data_reg[7]_i_314/CO[3]
                         net (fo=1, routed)           0.000    11.933    clipper_cdf_inst/cdf_wr_data_reg[7]_i_314_n_0
    SLICE_X104Y57        CARRY4 (Prop_carry4_CI_CO[3])
                                                      0.092    12.025 r  clipper_cdf_inst/cdf_wr_data_reg[7]_i_181/CO[3]
                         net (fo=1, routed)           0.000    12.025    clipper_cdf_inst/cdf_wr_data_reg[7]_i_181_n_0
    SLICE_X104Y58        CARRY4 (Prop_carry4_CI_CO[3])
                                                      0.092    12.117 r  clipper_cdf_inst/cdf_wr_data_reg[7]_i_88/CO[3]
                         net (fo=1, routed)           0.000    12.117    clipper_cdf_inst/cdf_wr_data_reg[7]_i_88_n_0
    SLICE_X104Y59        CARRY4 (Prop_carry4_CI_CO[1])
                                                      0.119    12.236 r  clipper_cdf_inst/cdf_wr_data_reg[7]_i_37/CO[1]
                         net (fo=21, routed)          0.604    12.841    clipper_cdf_inst/cdf_wr_data_reg[7]_i_100_0[26]
    SLICE_X103Y57        LUT2 (Prop_lut2_I1_O)        0.251    13.092 r  clipper_cdf_inst/cdf_wr_data[7]_i_527/O
                         net (fo=1, routed)           0.000    13.092    clipper_cdf_inst/cdf_wr_data[7]_i_527_n_0
    SLICE_X103Y57        CARRY4 (Prop_carry4_S[1]_CO[3])
                                                      0.412    13.504 r  clipper_cdf_inst/cdf_wr_data_reg[7]_i_420/CO[3]
                         net (fo=1, routed)           0.000    13.504    clipper_cdf_inst/cdf_wr_data_reg[7]_i_420_n_0
    SLICE_X103Y58        CARRY4 (Prop_carry4_CI_CO[3])
                                                      0.089    13.593 r  clipper_cdf_inst/cdf_wr_data_reg[7]_i_309/CO[3]
                         net (fo=1, routed)           0.000    13.593    clipper_cdf_inst/cdf_wr_data_reg[7]_i_309_n_0
    SLICE_X103Y59        CARRY4 (Prop_carry4_CI_CO[3])
                                                      0.089    13.682 r  clipper_cdf_inst/cdf_wr_data_reg[7]_i_176/CO[3]
                         net (fo=1, routed)           0.000    13.682    clipper_cdf_inst/cdf_wr_data_reg[7]_i_176_n_0
    SLICE_X103Y60        CARRY4 (Prop_carry4_CI_CO[3])
                                                      0.089    13.771 r  clipper_cdf_inst/cdf_wr_data_reg[7]_i_82/CO[3]
                         net (fo=1, routed)           0.000    13.771    clipper_cdf_inst/cdf_wr_data_reg[7]_i_82_n_0
    SLICE_X103Y61        CARRY4 (Prop_carry4_CI_CO[1])
                                                      0.120    13.891 r  clipper_cdf_inst/cdf_wr_data_reg[7]_i_38/CO[1]
                         net (fo=21, routed)          0.477    14.368    clipper_cdf_inst/cdf_wr_data_reg[7]_i_100_0[25]
    SLICE_X102Y60        LUT2 (Prop_lut2_I1_O)        0.249    14.617 r  clipper_cdf_inst/cdf_wr_data[7]_i_523/O
                         net (fo=1, routed)           0.000    14.617    clipper_cdf_inst/cdf_wr_data[7]_i_523_n_0
    SLICE_X102Y60        CARRY4 (Prop_carry4_S[1]_CO[3])
                                                      0.402    15.019 r  clipper_cdf_inst/cdf_wr_data_reg[7]_i_419/CO[3]
                         net (fo=1, routed)           0.000    15.019    clipper_cdf_inst/cdf_wr_data_reg[7]_i_419_n_0
    SLICE_X102Y61        CARRY4 (Prop_carry4_CI_CO[3])
                                                      0.092    15.111 r  clipper_cdf_inst/cdf_wr_data_reg[7]_i_308/CO[3]
                         net (fo=1, routed)           0.000    15.111    clipper_cdf_inst/cdf_wr_data_reg[7]_i_308_n_0
    SLICE_X102Y62        CARRY4 (Prop_carry4_CI_CO[3])
                                                      0.092    15.203 r  clipper_cdf_inst/cdf_wr_data_reg[7]_i_175/CO[3]
                         net (fo=1, routed)           0.000    15.203    clipper_cdf_inst/cdf_wr_data_reg[7]_i_175_n_0
    SLICE_X102Y63        CARRY4 (Prop_carry4_CI_CO[3])
                                                      0.092    15.295 r  clipper_cdf_inst/cdf_wr_data_reg[7]_i_81/CO[3]
                         net (fo=1, routed)           0.000    15.295    clipper_cdf_inst/cdf_wr_data_reg[7]_i_81_n_0
    SLICE_X102Y64        CARRY4 (Prop_carry4_CI_CO[1])
                                                      0.119    15.414 r  clipper_cdf_inst/cdf_wr_data_reg[7]_i_35/CO[1]
                         net (fo=21, routed)          0.479    15.893    clipper_cdf_inst/cdf_wr_data_reg[7]_i_100_0[24]
    SLICE_X103Y63        LUT2 (Prop_lut2_I1_O)        0.251    16.144 r  clipper_cdf_inst/cdf_wr_data[7]_i_543/O
                         net (fo=1, routed)           0.000    16.144    clipper_cdf_inst/cdf_wr_data[7]_i_543_n_0
    SLICE_X103Y63        CARRY4 (Prop_carry4_S[1]_CO[3])
                                                      0.412    16.556 r  clipper_cdf_inst/cdf_wr_data_reg[7]_i_440/CO[3]
                         net (fo=1, routed)           0.000    16.556    clipper_cdf_inst/cdf_wr_data_reg[7]_i_440_n_0
    SLICE_X103Y64        CARRY4 (Prop_carry4_CI_CO[3])
                                                      0.089    16.645 r  clipper_cdf_inst/cdf_wr_data_reg[7]_i_324/CO[3]
                         net (fo=1, routed)           0.000    16.645    clipper_cdf_inst/cdf_wr_data_reg[7]_i_324_n_0
    SLICE_X103Y65        CARRY4 (Prop_carry4_CI_CO[3])
                                                      0.089    16.734 r  clipper_cdf_inst/cdf_wr_data_reg[7]_i_186/CO[3]
                         net (fo=1, routed)           0.000    16.734    clipper_cdf_inst/cdf_wr_data_reg[7]_i_186_n_0
    SLICE_X103Y66        CARRY4 (Prop_carry4_CI_CO[3])
                                                      0.089    16.823 r  clipper_cdf_inst/cdf_wr_data_reg[7]_i_85/CO[3]
                         net (fo=1, routed)           0.000    16.823    clipper_cdf_inst/cdf_wr_data_reg[7]_i_85_n_0
    SLICE_X103Y67        CARRY4 (Prop_carry4_CI_CO[1])
                                                      0.120    16.943 r  clipper_cdf_inst/cdf_wr_data_reg[7]_i_36/CO[1]
                         net (fo=20, routed)          0.424    17.367    clipper_cdf_inst/cdf_wr_data_reg[7]_i_100_0[23]
    SLICE_X102Y65        LUT3 (Prop_lut3_I0_O)        0.249    17.616 r  clipper_cdf_inst/cdf_wr_data[7]_i_579/O
                         net (fo=1, routed)           0.000    17.616    clipper_cdf_inst/cdf_wr_data[7]_i_579_n_0
    SLICE_X102Y65        CARRY4 (Prop_carry4_S[1]_CO[3])
                                                      0.402    18.018 r  clipper_cdf_inst/cdf_wr_data_reg[7]_i_494/CO[3]
                         net (fo=1, routed)           0.000    18.018    clipper_cdf_inst/cdf_wr_data_reg[7]_i_494_n_0
    SLICE_X102Y66        CARRY4 (Prop_carry4_CI_CO[3])
                                                      0.092    18.110 r  clipper_cdf_inst/cdf_wr_data_reg[7]_i_383/CO[3]
                         net (fo=1, routed)           0.000    18.110    clipper_cdf_inst/cdf_wr_data_reg[7]_i_383_n_0
    SLICE_X102Y67        CARRY4 (Prop_carry4_CI_CO[3])
                                                      0.092    18.202 r  clipper_cdf_inst/cdf_wr_data_reg[7]_i_250/CO[3]
                         net (fo=1, routed)           0.000    18.202    clipper_cdf_inst/cdf_wr_data_reg[7]_i_250_n_0
    SLICE_X102Y68        CARRY4 (Prop_carry4_CI_CO[3])
                                                      0.092    18.294 r  clipper_cdf_inst/cdf_wr_data_reg[7]_i_122/CO[3]
                         net (fo=1, routed)           0.000    18.294    clipper_cdf_inst/cdf_wr_data_reg[7]_i_122_n_0
    SLICE_X102Y69        CARRY4 (Prop_carry4_CI_CO[1])
                                                      0.119    18.413 r  clipper_cdf_inst/cdf_wr_data_reg[7]_i_49/CO[1]
                         net (fo=20, routed)          0.374    18.788    clipper_cdf_inst/cdf_wr_data_reg[7]_i_100_0[22]
    SLICE_X103Y68        LUT3 (Prop_lut3_I0_O)        0.251    19.039 r  clipper_cdf_inst/cdf_wr_data[7]_i_576/O
                         net (fo=1, routed)           0.000    19.039    clipper_cdf_inst/cdf_wr_data[7]_i_576_n_0
    SLICE_X103Y68        CARRY4 (Prop_carry4_S[1]_CO[3])
                                                      0.412    19.451 r  clipper_cdf_inst/cdf_wr_data_reg[7]_i_489/CO[3]
                         net (fo=1, routed)           0.000    19.451    clipper_cdf_inst/cdf_wr_data_reg[7]_i_489_n_0
    SLICE_X103Y69        CARRY4 (Prop_carry4_CI_CO[3])
                                                      0.089    19.540 r  clipper_cdf_inst/cdf_wr_data_reg[7]_i_378/CO[3]
                         net (fo=1, routed)           0.000    19.540    clipper_cdf_inst/cdf_wr_data_reg[7]_i_378_n_0
    SLICE_X103Y70        CARRY4 (Prop_carry4_CI_CO[3])
                                                      0.089    19.629 r  clipper_cdf_inst/cdf_wr_data_reg[7]_i_245/CO[3]
                         net (fo=1, routed)           0.000    19.629    clipper_cdf_inst/cdf_wr_data_reg[7]_i_245_n_0
    SLICE_X103Y71        CARRY4 (Prop_carry4_CI_CO[3])
                                                      0.089    19.718 r  clipper_cdf_inst/cdf_wr_data_reg[7]_i_117/CO[3]
                         net (fo=1, routed)           0.000    19.718    clipper_cdf_inst/cdf_wr_data_reg[7]_i_117_n_0
    SLICE_X103Y72        CARRY4 (Prop_carry4_CI_CO[1])
                                                      0.120    19.838 r  clipper_cdf_inst/cdf_wr_data_reg[7]_i_50/CO[1]
                         net (fo=20, routed)          0.413    20.250    clipper_cdf_inst/cdf_wr_data_reg[7]_i_100_0[21]
    SLICE_X102Y71        LUT3 (Prop_lut3_I0_O)        0.249    20.499 r  clipper_cdf_inst/cdf_wr_data[7]_i_570/O
                         net (fo=1, routed)           0.000    20.499    clipper_cdf_inst/cdf_wr_data[7]_i_570_n_0
    SLICE_X102Y71        CARRY4 (Prop_carry4_S[1]_CO[3])
                                                      0.402    20.901 r  clipper_cdf_inst/cdf_wr_data_reg[7]_i_479/CO[3]
                         net (fo=1, routed)           0.000    20.901    clipper_cdf_inst/cdf_wr_data_reg[7]_i_479_n_0
    SLICE_X102Y72        CARRY4 (Prop_carry4_CI_CO[3])
                                                      0.092    20.993 r  clipper_cdf_inst/cdf_wr_data_reg[7]_i_373/CO[3]
                         net (fo=1, routed)           0.000    20.993    clipper_cdf_inst/cdf_wr_data_reg[7]_i_373_n_0
    SLICE_X102Y73        CARRY4 (Prop_carry4_CI_CO[3])
                                                      0.092    21.085 r  clipper_cdf_inst/cdf_wr_data_reg[7]_i_240/CO[3]
                         net (fo=1, routed)           0.000    21.085    clipper_cdf_inst/cdf_wr_data_reg[7]_i_240_n_0
    SLICE_X102Y74        CARRY4 (Prop_carry4_CI_CO[3])
                                                      0.092    21.177 r  clipper_cdf_inst/cdf_wr_data_reg[7]_i_116/CO[3]
                         net (fo=1, routed)           0.007    21.185    clipper_cdf_inst/cdf_wr_data_reg[7]_i_116_n_0
    SLICE_X102Y75        CARRY4 (Prop_carry4_CI_CO[1])
                                                      0.119    21.304 r  clipper_cdf_inst/cdf_wr_data_reg[7]_i_47/CO[1]
                         net (fo=20, routed)          0.413    21.717    clipper_cdf_inst/cdf_wr_data_reg[7]_i_100_0[20]
    SLICE_X103Y74        LUT3 (Prop_lut3_I0_O)        0.251    21.968 r  clipper_cdf_inst/cdf_wr_data[7]_i_567/O
                         net (fo=1, routed)           0.000    21.968    clipper_cdf_inst/cdf_wr_data[7]_i_567_n_0
    SLICE_X103Y74        CARRY4 (Prop_carry4_S[1]_CO[3])
                                                      0.412    22.380 r  clipper_cdf_inst/cdf_wr_data_reg[7]_i_474/CO[3]
                         net (fo=1, routed)           0.007    22.387    clipper_cdf_inst/cdf_wr_data_reg[7]_i_474_n_0
    SLICE_X103Y75        CARRY4 (Prop_carry4_CI_CO[3])
                                                      0.089    22.476 r  clipper_cdf_inst/cdf_wr_data_reg[7]_i_363/CO[3]
                         net (fo=1, routed)           0.000    22.476    clipper_cdf_inst/cdf_wr_data_reg[7]_i_363_n_0
    SLICE_X103Y76        CARRY4 (Prop_carry4_CI_CO[3])
                                                      0.089    22.565 r  clipper_cdf_inst/cdf_wr_data_reg[7]_i_235/CO[3]
                         net (fo=1, routed)           0.000    22.565    clipper_cdf_inst/cdf_wr_data_reg[7]_i_235_n_0
    SLICE_X103Y77        CARRY4 (Prop_carry4_CI_CO[3])
                                                      0.089    22.654 r  clipper_cdf_inst/cdf_wr_data_reg[7]_i_111/CO[3]
                         net (fo=1, routed)           0.000    22.654    clipper_cdf_inst/cdf_wr_data_reg[7]_i_111_n_0
    SLICE_X103Y78        CARRY4 (Prop_carry4_CI_CO[1])
                                                      0.120    22.774 r  clipper_cdf_inst/cdf_wr_data_reg[7]_i_48/CO[1]
                         net (fo=20, routed)          0.544    23.319    clipper_cdf_inst/cdf_wr_data_reg[7]_i_100_0[19]
    SLICE_X102Y78        LUT3 (Prop_lut3_I0_O)        0.249    23.568 r  clipper_cdf_inst/cdf_wr_data[7]_i_477/O
                         net (fo=1, routed)           0.000    23.568    clipper_cdf_inst/cdf_wr_data[7]_i_477_n_0
    SLICE_X102Y78        CARRY4 (Prop_carry4_S[1]_CO[3])
                                                      0.402    23.970 r  clipper_cdf_inst/cdf_wr_data_reg[7]_i_358/CO[3]
                         net (fo=1, routed)           0.000    23.970    clipper_cdf_inst/cdf_wr_data_reg[7]_i_358_n_0
    SLICE_X102Y79        CARRY4 (Prop_carry4_CI_CO[3])
                                                      0.092    24.062 r  clipper_cdf_inst/cdf_wr_data_reg[7]_i_225/CO[3]
                         net (fo=1, routed)           0.000    24.062    clipper_cdf_inst/cdf_wr_data_reg[7]_i_225_n_0
    SLICE_X102Y80        CARRY4 (Prop_carry4_CI_CO[3])
                                                      0.092    24.154 r  clipper_cdf_inst/cdf_wr_data_reg[7]_i_110/CO[3]
                         net (fo=1, routed)           0.000    24.154    clipper_cdf_inst/cdf_wr_data_reg[7]_i_110_n_0
    SLICE_X102Y81        CARRY4 (Prop_carry4_CI_CO[1])
                                                      0.119    24.273 r  clipper_cdf_inst/cdf_wr_data_reg[7]_i_45/CO[1]
                         net (fo=20, routed)          0.403    24.675    clipper_cdf_inst/cdf_wr_data_reg[7]_i_100_0[18]
    SLICE_X104Y80        LUT3 (Prop_lut3_I0_O)        0.251    24.926 r  clipper_cdf_inst/cdf_wr_data[7]_i_561/O
                         net (fo=1, routed)           0.000    24.926    clipper_cdf_inst/cdf_wr_data[7]_i_561_n_0
    SLICE_X104Y80        CARRY4 (Prop_carry4_S[1]_CO[3])
                                                      0.402    25.328 r  clipper_cdf_inst/cdf_wr_data_reg[7]_i_464/CO[3]
                         net (fo=1, routed)           0.000    25.328    clipper_cdf_inst/cdf_wr_data_reg[7]_i_464_n_0
    SLICE_X104Y81        CARRY4 (Prop_carry4_CI_CO[3])
                                                      0.092    25.420 r  clipper_cdf_inst/cdf_wr_data_reg[7]_i_353/CO[3]
                         net (fo=1, routed)           0.000    25.420    clipper_cdf_inst/cdf_wr_data_reg[7]_i_353_n_0
    SLICE_X104Y82        CARRY4 (Prop_carry4_CI_CO[3])
                                                      0.092    25.512 r  clipper_cdf_inst/cdf_wr_data_reg[7]_i_220/CO[3]
                         net (fo=1, routed)           0.000    25.512    clipper_cdf_inst/cdf_wr_data_reg[7]_i_220_n_0
    SLICE_X104Y83        CARRY4 (Prop_carry4_CI_CO[3])
                                                      0.092    25.604 r  clipper_cdf_inst/cdf_wr_data_reg[7]_i_104/CO[3]
                         net (fo=1, routed)           0.000    25.604    clipper_cdf_inst/cdf_wr_data_reg[7]_i_104_n_0
    SLICE_X104Y84        CARRY4 (Prop_carry4_CI_CO[1])
                                                      0.119    25.723 r  clipper_cdf_inst/cdf_wr_data_reg[7]_i_46/CO[1]
                         net (fo=20, routed)          0.441    26.165    clipper_cdf_inst/cdf_wr_data_reg[7]_i_100_0[17]
    SLICE_X103Y83        LUT3 (Prop_lut3_I0_O)        0.251    26.416 r  clipper_cdf_inst/cdf_wr_data[7]_i_558/O
                         net (fo=1, routed)           0.000    26.416    clipper_cdf_inst/cdf_wr_data[7]_i_558_n_0
    SLICE_X103Y83        CARRY4 (Prop_carry4_S[1]_CO[3])
                                                      0.412    26.828 r  clipper_cdf_inst/cdf_wr_data_reg[7]_i_463/CO[3]
                         net (fo=1, routed)           0.000    26.828    clipper_cdf_inst/cdf_wr_data_reg[7]_i_463_n_0
    SLICE_X103Y84        CARRY4 (Prop_carry4_CI_CO[3])
                                                      0.089    26.917 r  clipper_cdf_inst/cdf_wr_data_reg[7]_i_352/CO[3]
                         net (fo=1, routed)           0.000    26.917    clipper_cdf_inst/cdf_wr_data_reg[7]_i_352_n_0
    SLICE_X103Y85        CARRY4 (Prop_carry4_CI_CO[3])
                                                      0.089    27.006 r  clipper_cdf_inst/cdf_wr_data_reg[7]_i_219/CO[3]
                         net (fo=1, routed)           0.000    27.006    clipper_cdf_inst/cdf_wr_data_reg[7]_i_219_n_0
    SLICE_X103Y86        CARRY4 (Prop_carry4_CI_CO[3])
                                                      0.089    27.095 r  clipper_cdf_inst/cdf_wr_data_reg[7]_i_103/CO[3]
                         net (fo=1, routed)           0.000    27.095    clipper_cdf_inst/cdf_wr_data_reg[7]_i_103_n_0
    SLICE_X103Y87        CARRY4 (Prop_carry4_CI_CO[1])
                                                      0.120    27.215 r  clipper_cdf_inst/cdf_wr_data_reg[7]_i_43/CO[1]
                         net (fo=20, routed)          0.444    27.658    clipper_cdf_inst/cdf_wr_data_reg[7]_i_100_0[16]
    SLICE_X102Y85        LUT3 (Prop_lut3_I0_O)        0.249    27.907 r  clipper_cdf_inst/cdf_wr_data[7]_i_573/O
                         net (fo=1, routed)           0.000    27.907    clipper_cdf_inst/cdf_wr_data[7]_i_573_n_0
    SLICE_X102Y85        CARRY4 (Prop_carry4_S[1]_CO[3])
                                                      0.402    28.309 r  clipper_cdf_inst/cdf_wr_data_reg[7]_i_484/CO[3]
                         net (fo=1, routed)           0.000    28.309    clipper_cdf_inst/cdf_wr_data_reg[7]_i_484_n_0
    SLICE_X102Y86        CARRY4 (Prop_carry4_CI_CO[3])
                                                      0.092    28.401 r  clipper_cdf_inst/cdf_wr_data_reg[7]_i_368/CO[3]
                         net (fo=1, routed)           0.000    28.401    clipper_cdf_inst/cdf_wr_data_reg[7]_i_368_n_0
    SLICE_X102Y87        CARRY4 (Prop_carry4_CI_CO[3])
                                                      0.092    28.493 r  clipper_cdf_inst/cdf_wr_data_reg[7]_i_230/CO[3]
                         net (fo=1, routed)           0.000    28.493    clipper_cdf_inst/cdf_wr_data_reg[7]_i_230_n_0
    SLICE_X102Y88        CARRY4 (Prop_carry4_CI_CO[3])
                                                      0.092    28.585 r  clipper_cdf_inst/cdf_wr_data_reg[7]_i_107/CO[3]
                         net (fo=1, routed)           0.000    28.585    clipper_cdf_inst/cdf_wr_data_reg[7]_i_107_n_0
    SLICE_X102Y89        CARRY4 (Prop_carry4_CI_CO[1])
                                                      0.119    28.704 r  clipper_cdf_inst/cdf_wr_data_reg[7]_i_44/CO[1]
                         net (fo=20, routed)          0.399    29.104    clipper_cdf_inst/cdf_wr_data_reg[7]_i_100_0[15]
    SLICE_X103Y88        LUT3 (Prop_lut3_I0_O)        0.251    29.355 r  clipper_cdf_inst/cdf_wr_data[7]_i_585/O
                         net (fo=1, routed)           0.000    29.355    clipper_cdf_inst/cdf_wr_data[7]_i_585_n_0
    SLICE_X103Y88        CARRY4 (Prop_carry4_S[1]_CO[3])
                                                      0.412    29.767 r  clipper_cdf_inst/cdf_wr_data_reg[7]_i_508/CO[3]
                         net (fo=1, routed)           0.000    29.767    clipper_cdf_inst/cdf_wr_data_reg[7]_i_508_n_0
    SLICE_X103Y89        CARRY4 (Prop_carry4_CI_CO[3])
                                                      0.089    29.856 r  clipper_cdf_inst/cdf_wr_data_reg[7]_i_398/CO[3]
                         net (fo=1, routed)           0.000    29.856    clipper_cdf_inst/cdf_wr_data_reg[7]_i_398_n_0
    SLICE_X103Y90        CARRY4 (Prop_carry4_CI_CO[3])
                                                      0.089    29.945 r  clipper_cdf_inst/cdf_wr_data_reg[7]_i_265/CO[3]
                         net (fo=1, routed)           0.000    29.945    clipper_cdf_inst/cdf_wr_data_reg[7]_i_265_n_0
    SLICE_X103Y91        CARRY4 (Prop_carry4_CI_CO[3])
                                                      0.089    30.034 r  clipper_cdf_inst/cdf_wr_data_reg[7]_i_134/CO[3]
                         net (fo=1, routed)           0.000    30.034    clipper_cdf_inst/cdf_wr_data_reg[7]_i_134_n_0
    SLICE_X103Y92        CARRY4 (Prop_carry4_CI_CO[1])
                                                      0.120    30.154 r  clipper_cdf_inst/cdf_wr_data_reg[7]_i_53/CO[1]
                         net (fo=20, routed)          0.425    30.579    clipper_cdf_inst/cdf_wr_data_reg[7]_i_100_0[14]
    SLICE_X102Y91        LUT3 (Prop_lut3_I0_O)        0.249    30.828 r  clipper_cdf_inst/cdf_wr_data[7]_i_582/O
                         net (fo=1, routed)           0.000    30.828    clipper_cdf_inst/cdf_wr_data[7]_i_582_n_0
    SLICE_X102Y91        CARRY4 (Prop_carry4_S[1]_CO[3])
                                                      0.402    31.230 r  clipper_cdf_inst/cdf_wr_data_reg[7]_i_503/CO[3]
                         net (fo=1, routed)           0.000    31.230    clipper_cdf_inst/cdf_wr_data_reg[7]_i_503_n_0
    SLICE_X102Y92        CARRY4 (Prop_carry4_CI_CO[3])
                                                      0.092    31.322 r  clipper_cdf_inst/cdf_wr_data_reg[7]_i_393/CO[3]
                         net (fo=1, routed)           0.000    31.322    clipper_cdf_inst/cdf_wr_data_reg[7]_i_393_n_0
    SLICE_X102Y93        CARRY4 (Prop_carry4_CI_CO[3])
                                                      0.092    31.414 r  clipper_cdf_inst/cdf_wr_data_reg[7]_i_260/CO[3]
                         net (fo=1, routed)           0.000    31.414    clipper_cdf_inst/cdf_wr_data_reg[7]_i_260_n_0
    SLICE_X102Y94        CARRY4 (Prop_carry4_CI_CO[3])
                                                      0.092    31.506 r  clipper_cdf_inst/cdf_wr_data_reg[7]_i_128/CO[3]
                         net (fo=1, routed)           0.000    31.506    clipper_cdf_inst/cdf_wr_data_reg[7]_i_128_n_0
    SLICE_X102Y95        CARRY4 (Prop_carry4_CI_CO[1])
                                                      0.119    31.625 r  clipper_cdf_inst/cdf_wr_data_reg[7]_i_54/CO[1]
                         net (fo=20, routed)          0.374    31.999    clipper_cdf_inst/cdf_wr_data_reg[7]_i_100_0[13]
    SLICE_X103Y94        LUT3 (Prop_lut3_I0_O)        0.251    32.250 r  clipper_cdf_inst/cdf_wr_data[7]_i_519/O
                         net (fo=1, routed)           0.000    32.250    clipper_cdf_inst/cdf_wr_data[7]_i_519_n_0
    SLICE_X103Y94        CARRY4 (Prop_carry4_S[1]_CO[3])
                                                      0.412    32.662 r  clipper_cdf_inst/cdf_wr_data_reg[7]_i_411/CO[3]
                         net (fo=1, routed)           0.000    32.662    clipper_cdf_inst/cdf_wr_data_reg[7]_i_411_n_0
    SLICE_X103Y95        CARRY4 (Prop_carry4_CI_CO[3])
                                                      0.089    32.751 r  clipper_cdf_inst/cdf_wr_data_reg[7]_i_392/CO[3]
                         net (fo=1, routed)           0.000    32.751    clipper_cdf_inst/cdf_wr_data_reg[7]_i_392_n_0
    SLICE_X103Y96        CARRY4 (Prop_carry4_CI_CO[3])
                                                      0.089    32.840 r  clipper_cdf_inst/cdf_wr_data_reg[7]_i_259/CO[3]
                         net (fo=1, routed)           0.000    32.840    clipper_cdf_inst/cdf_wr_data_reg[7]_i_259_n_0
    SLICE_X103Y97        CARRY4 (Prop_carry4_CI_CO[3])
                                                      0.089    32.929 r  clipper_cdf_inst/cdf_wr_data_reg[7]_i_127/CO[3]
                         net (fo=1, routed)           0.000    32.929    clipper_cdf_inst/cdf_wr_data_reg[7]_i_127_n_0
    SLICE_X103Y98        CARRY4 (Prop_carry4_CI_CO[1])
                                                      0.120    33.049 r  clipper_cdf_inst/cdf_wr_data_reg[7]_i_51/CO[1]
                         net (fo=20, routed)          0.415    33.465    clipper_cdf_inst/cdf_wr_data_reg[7]_i_100_0[12]
    SLICE_X104Y97        LUT3 (Prop_lut3_I0_O)        0.249    33.714 r  clipper_cdf_inst/cdf_wr_data[7]_i_418/O
                         net (fo=1, routed)           0.000    33.714    clipper_cdf_inst/cdf_wr_data[7]_i_418_n_0
    SLICE_X104Y97        CARRY4 (Prop_carry4_S[1]_CO[3])
                                                      0.402    34.116 r  clipper_cdf_inst/cdf_wr_data_reg[7]_i_300/CO[3]
                         net (fo=1, routed)           0.000    34.116    clipper_cdf_inst/cdf_wr_data_reg[7]_i_300_n_0
    SLICE_X104Y98        CARRY4 (Prop_carry4_CI_CO[3])
                                                      0.092    34.208 r  clipper_cdf_inst/cdf_wr_data_reg[7]_i_295/CO[3]
                         net (fo=1, routed)           0.000    34.208    clipper_cdf_inst/cdf_wr_data_reg[7]_i_295_n_0
    SLICE_X104Y99        CARRY4 (Prop_carry4_CI_CO[3])
                                                      0.092    34.300 r  clipper_cdf_inst/cdf_wr_data_reg[7]_i_270/CO[3]
                         net (fo=1, routed)           0.001    34.300    clipper_cdf_inst/cdf_wr_data_reg[7]_i_270_n_0
    SLICE_X104Y100       CARRY4 (Prop_carry4_CI_CO[3])
                                                      0.092    34.392 r  clipper_cdf_inst/cdf_wr_data_reg[7]_i_131/CO[3]
                         net (fo=1, routed)           0.000    34.392    clipper_cdf_inst/cdf_wr_data_reg[7]_i_131_n_0
    SLICE_X104Y101       CARRY4 (Prop_carry4_CI_CO[1])
                                                      0.119    34.511 r  clipper_cdf_inst/cdf_wr_data_reg[7]_i_52/CO[1]
                         net (fo=20, routed)          0.391    34.902    clipper_cdf_inst/cdf_wr_data_reg[7]_i_100_0[11]
    SLICE_X103Y100       LUT3 (Prop_lut3_I0_O)        0.251    35.153 r  clipper_cdf_inst/cdf_wr_data[7]_i_307/O
                         net (fo=1, routed)           0.000    35.153    clipper_cdf_inst/cdf_wr_data[7]_i_307_n_0
    SLICE_X103Y100       CARRY4 (Prop_carry4_S[1]_CO[3])
                                                      0.412    35.565 r  clipper_cdf_inst/cdf_wr_data_reg[7]_i_170/CO[3]
                         net (fo=1, routed)           0.000    35.565    clipper_cdf_inst/cdf_wr_data_reg[7]_i_170_n_0
    SLICE_X103Y101       CARRY4 (Prop_carry4_CI_CO[3])
                                                      0.089    35.654 r  clipper_cdf_inst/cdf_wr_data_reg[7]_i_165/CO[3]
                         net (fo=1, routed)           0.000    35.654    clipper_cdf_inst/cdf_wr_data_reg[7]_i_165_n_0
    SLICE_X103Y102       CARRY4 (Prop_carry4_CI_CO[3])
                                                      0.089    35.743 r  clipper_cdf_inst/cdf_wr_data_reg[7]_i_160/CO[3]
                         net (fo=1, routed)           0.000    35.743    clipper_cdf_inst/cdf_wr_data_reg[7]_i_160_n_0
    SLICE_X103Y103       CARRY4 (Prop_carry4_CI_CO[3])
                                                      0.089    35.832 r  clipper_cdf_inst/cdf_wr_data_reg[7]_i_139/CO[3]
                         net (fo=1, routed)           0.000    35.832    clipper_cdf_inst/cdf_wr_data_reg[7]_i_139_n_0
    SLICE_X103Y104       CARRY4 (Prop_carry4_CI_CO[1])
                                                      0.120    35.952 r  clipper_cdf_inst/cdf_wr_data_reg[7]_i_55/CO[1]
                         net (fo=20, routed)          0.403    36.355    clipper_cdf_inst/cdf_wr_data_reg[7]_i_100_0[10]
    SLICE_X104Y103       LUT3 (Prop_lut3_I0_O)        0.249    36.604 r  clipper_cdf_inst/cdf_wr_data[7]_i_294/O
                         net (fo=1, routed)           0.000    36.604    clipper_cdf_inst/cdf_wr_data[7]_i_294_n_0
    SLICE_X104Y103       CARRY4 (Prop_carry4_S[1]_CO[3])
                                                      0.402    37.006 r  clipper_cdf_inst/cdf_wr_data_reg[7]_i_155/CO[3]
                         net (fo=1, routed)           0.000    37.006    clipper_cdf_inst/cdf_wr_data_reg[7]_i_155_n_0
    SLICE_X104Y104       CARRY4 (Prop_carry4_CI_CO[3])
                                                      0.092    37.098 r  clipper_cdf_inst/cdf_wr_data_reg[7]_i_76/CO[3]
                         net (fo=1, routed)           0.000    37.098    clipper_cdf_inst/cdf_wr_data_reg[7]_i_76_n_0
    SLICE_X104Y105       CARRY4 (Prop_carry4_CI_CO[3])
                                                      0.092    37.190 r  clipper_cdf_inst/cdf_wr_data_reg[7]_i_71/CO[3]
                         net (fo=1, routed)           0.000    37.190    clipper_cdf_inst/cdf_wr_data_reg[7]_i_71_n_0
    SLICE_X104Y106       CARRY4 (Prop_carry4_CI_CO[3])
                                                      0.092    37.282 r  clipper_cdf_inst/cdf_wr_data_reg[7]_i_68/CO[3]
                         net (fo=1, routed)           0.000    37.282    clipper_cdf_inst/cdf_wr_data_reg[7]_i_68_n_0
    SLICE_X104Y107       CARRY4 (Prop_carry4_CI_CO[1])
                                                      0.119    37.401 r  clipper_cdf_inst/cdf_wr_data_reg[7]_i_56/CO[1]
                         net (fo=20, routed)          0.506    37.906    clipper_cdf_inst/cdf_wr_data_reg[7]_i_100_0[9]
    SLICE_X102Y105       LUT3 (Prop_lut3_I0_O)        0.251    38.157 r  clipper_cdf_inst/cdf_wr_data[7]_i_291/O
                         net (fo=1, routed)           0.000    38.157    clipper_cdf_inst/cdf_wr_data[7]_i_291_n_0
    SLICE_X102Y105       CARRY4 (Prop_carry4_S[1]_CO[3])
                                                      0.402    38.559 r  clipper_cdf_inst/cdf_wr_data_reg[7]_i_150/CO[3]
                         net (fo=1, routed)           0.000    38.559    clipper_cdf_inst/cdf_wr_data_reg[7]_i_150_n_0
    SLICE_X102Y106       CARRY4 (Prop_carry4_CI_CO[3])
                                                      0.092    38.651 r  clipper_cdf_inst/cdf_wr_data_reg[7]_i_63/CO[3]
                         net (fo=1, routed)           0.000    38.651    clipper_cdf_inst/cdf_wr_data_reg[7]_i_63_n_0
    SLICE_X102Y107       CARRY4 (Prop_carry4_CI_CO[3])
                                                      0.092    38.743 r  clipper_cdf_inst/cdf_wr_data_reg[7]_i_30/CO[3]
                         net (fo=1, routed)           0.000    38.743    clipper_cdf_inst/cdf_wr_data_reg[7]_i_30_n_0
    SLICE_X102Y108       CARRY4 (Prop_carry4_CI_CO[3])
                                                      0.092    38.835 r  clipper_cdf_inst/cdf_wr_data_reg[7]_i_27/CO[3]
                         net (fo=1, routed)           0.000    38.835    clipper_cdf_inst/cdf_wr_data_reg[7]_i_27_n_0
    SLICE_X102Y109       CARRY4 (Prop_carry4_CI_CO[1])
                                                      0.119    38.954 r  clipper_cdf_inst/cdf_wr_data_reg[7]_i_26/CO[1]
                         net (fo=20, routed)          0.387    39.341    clipper_cdf_inst/cdf_wr_data_reg[7]_i_100_0[8]
    SLICE_X103Y108       LUT3 (Prop_lut3_I0_O)        0.251    39.592 r  clipper_cdf_inst/cdf_wr_data[7]_i_288/O
                         net (fo=1, routed)           0.000    39.592    clipper_cdf_inst/cdf_wr_data[7]_i_288_n_0
    SLICE_X103Y108       CARRY4 (Prop_carry4_S[1]_CO[3])
                                                      0.412    40.004 r  clipper_cdf_inst/cdf_wr_data_reg[7]_i_145/CO[3]
                         net (fo=1, routed)           0.000    40.004    clipper_cdf_inst/cdf_wr_data_reg[7]_i_145_n_0
    SLICE_X103Y109       CARRY4 (Prop_carry4_CI_CO[3])
                                                      0.089    40.093 r  clipper_cdf_inst/cdf_wr_data_reg[7]_i_58/CO[3]
                         net (fo=1, routed)           0.000    40.093    clipper_cdf_inst/cdf_wr_data_reg[7]_i_58_n_0
    SLICE_X103Y110       CARRY4 (Prop_carry4_CI_CO[3])
                                                      0.089    40.182 r  clipper_cdf_inst/cdf_wr_data_reg[7]_i_21/CO[3]
                         net (fo=1, routed)           0.000    40.182    clipper_cdf_inst/cdf_wr_data_reg[7]_i_21_n_0
    SLICE_X103Y111       CARRY4 (Prop_carry4_CI_CO[3])
                                                      0.089    40.271 r  clipper_cdf_inst/cdf_wr_data_reg[7]_i_10/CO[3]
                         net (fo=1, routed)           0.000    40.271    clipper_cdf_inst/cdf_wr_data_reg[7]_i_10_n_0
    SLICE_X103Y112       CARRY4 (Prop_carry4_CI_CO[1])
                                                      0.120    40.391 r  clipper_cdf_inst/cdf_wr_data_reg[7]_i_9/CO[1]
                         net (fo=20, routed)          0.569    40.960    clipper_cdf_inst/cdf_wr_data_reg[7]_i_100_0[7]
    SLICE_X104Y113       LUT3 (Prop_lut3_I0_O)        0.249    41.209 r  clipper_cdf_inst/cdf_wr_data[7]_i_147/O
                         net (fo=1, routed)           0.000    41.209    clipper_cdf_inst/cdf_wr_data[7]_i_147_n_0
    SLICE_X104Y113       CARRY4 (Prop_carry4_S[2]_CO[3])
                                                      0.286    41.495 r  clipper_cdf_inst/cdf_wr_data_reg[7]_i_57/CO[3]
                         net (fo=1, routed)           0.000    41.495    clipper_cdf_inst/cdf_wr_data_reg[7]_i_57_n_0
    SLICE_X104Y114       CARRY4 (Prop_carry4_CI_CO[3])
                                                      0.092    41.587 r  clipper_cdf_inst/cdf_wr_data_reg[7]_i_20/CO[3]
                         net (fo=1, routed)           0.000    41.587    clipper_cdf_inst/cdf_wr_data_reg[7]_i_20_n_0
    SLICE_X104Y115       CARRY4 (Prop_carry4_CI_CO[3])
                                                      0.092    41.679 r  clipper_cdf_inst/cdf_wr_data_reg[7]_i_8/CO[3]
                         net (fo=1, routed)           0.000    41.679    clipper_cdf_inst/cdf_wr_data_reg[7]_i_8_n_0
    SLICE_X104Y116       CARRY4 (Prop_carry4_CI_CO[1])
                                                      0.119    41.798 r  clipper_cdf_inst/cdf_wr_data_reg[7]_i_4/CO[1]
                         net (fo=20, routed)          0.525    42.323    clipper_cdf_inst/cdf_wr_data_reg[7]_i_100_0[6]
    SLICE_X103Y114       CARRY4 (Prop_carry4_CYINIT_CO[3])
                                                      0.586    42.909 r  clipper_cdf_inst/cdf_wr_data_reg[6]_i_16/CO[3]
                         net (fo=1, routed)           0.000    42.909    clipper_cdf_inst/cdf_wr_data_reg[6]_i_16_n_0
    SLICE_X103Y115       CARRY4 (Prop_carry4_CI_CO[3])
                                                      0.089    42.998 r  clipper_cdf_inst/cdf_wr_data_reg[6]_i_11/CO[3]
                         net (fo=1, routed)           0.000    42.998    clipper_cdf_inst/cdf_wr_data_reg[6]_i_11_n_0
    SLICE_X103Y116       CARRY4 (Prop_carry4_CI_CO[3])
                                                      0.089    43.087 r  clipper_cdf_inst/cdf_wr_data_reg[6]_i_6/CO[3]
                         net (fo=1, routed)           0.000    43.087    clipper_cdf_inst/cdf_wr_data_reg[6]_i_6_n_0
    SLICE_X103Y117       CARRY4 (Prop_carry4_CI_CO[3])
                                                      0.089    43.176 r  clipper_cdf_inst/cdf_wr_data_reg[6]_i_3/CO[3]
                         net (fo=1, routed)           0.000    43.176    clipper_cdf_inst/cdf_wr_data_reg[6]_i_3_n_0
    SLICE_X103Y118       CARRY4 (Prop_carry4_CI_CO[1])
                                                      0.120    43.296 r  clipper_cdf_inst/cdf_wr_data_reg[6]_i_2/CO[1]
                         net (fo=20, routed)          0.574    43.870    clipper_cdf_inst/cdf_wr_data_reg[7]_i_100_0[5]
    SLICE_X102Y114       LUT3 (Prop_lut3_I0_O)        0.249    44.119 r  clipper_cdf_inst/cdf_wr_data[5]_i_23/O
                         net (fo=1, routed)           0.000    44.119    clipper_cdf_inst/cdf_wr_data[5]_i_23_n_0
    SLICE_X102Y114       CARRY4 (Prop_carry4_S[1]_CO[3])
                                                      0.402    44.521 r  clipper_cdf_inst/cdf_wr_data_reg[5]_i_16/CO[3]
                         net (fo=1, routed)           0.000    44.521    clipper_cdf_inst/cdf_wr_data_reg[5]_i_16_n_0
    SLICE_X102Y115       CARRY4 (Prop_carry4_CI_CO[3])
                                                      0.092    44.613 r  clipper_cdf_inst/cdf_wr_data_reg[5]_i_11/CO[3]
                         net (fo=1, routed)           0.000    44.613    clipper_cdf_inst/cdf_wr_data_reg[5]_i_11_n_0
    SLICE_X102Y116       CARRY4 (Prop_carry4_CI_CO[3])
                                                      0.092    44.705 r  clipper_cdf_inst/cdf_wr_data_reg[5]_i_6/CO[3]
                         net (fo=1, routed)           0.000    44.705    clipper_cdf_inst/cdf_wr_data_reg[5]_i_6_n_0
    SLICE_X102Y117       CARRY4 (Prop_carry4_CI_CO[3])
                                                      0.092    44.797 r  clipper_cdf_inst/cdf_wr_data_reg[5]_i_3/CO[3]
                         net (fo=1, routed)           0.000    44.797    clipper_cdf_inst/cdf_wr_data_reg[5]_i_3_n_0
    SLICE_X102Y118       CARRY4 (Prop_carry4_CI_CO[1])
                                                      0.119    44.916 r  clipper_cdf_inst/cdf_wr_data_reg[5]_i_2/CO[1]
                         net (fo=20, routed)          0.520    45.435    clipper_cdf_inst/cdf_wr_data_reg[7]_i_100_0[4]
    SLICE_X105Y116       CARRY4 (Prop_carry4_CYINIT_CO[3])
                                                      0.586    46.021 r  clipper_cdf_inst/cdf_wr_data_reg[4]_i_16/CO[3]
                         net (fo=1, routed)           0.000    46.021    clipper_cdf_inst/cdf_wr_data_reg[4]_i_16_n_0
    SLICE_X105Y117       CARRY4 (Prop_carry4_CI_CO[3])
                                                      0.089    46.110 r  clipper_cdf_inst/cdf_wr_data_reg[4]_i_11/CO[3]
                         net (fo=1, routed)           0.000    46.110    clipper_cdf_inst/cdf_wr_data_reg[4]_i_11_n_0
    SLICE_X105Y118       CARRY4 (Prop_carry4_CI_CO[3])
                                                      0.089    46.199 r  clipper_cdf_inst/cdf_wr_data_reg[4]_i_6/CO[3]
                         net (fo=1, routed)           0.000    46.199    clipper_cdf_inst/cdf_wr_data_reg[4]_i_6_n_0
    SLICE_X105Y119       CARRY4 (Prop_carry4_CI_CO[3])
                                                      0.089    46.288 r  clipper_cdf_inst/cdf_wr_data_reg[4]_i_3/CO[3]
                         net (fo=1, routed)           0.000    46.288    clipper_cdf_inst/cdf_wr_data_reg[4]_i_3_n_0
    SLICE_X105Y120       CARRY4 (Prop_carry4_CI_CO[1])
                                                      0.120    46.408 r  clipper_cdf_inst/cdf_wr_data_reg[4]_i_2/CO[1]
                         net (fo=20, routed)          0.408    46.817    clipper_cdf_inst/cdf_wr_data_reg[7]_i_100_0[3]
    SLICE_X104Y119       LUT3 (Prop_lut3_I0_O)        0.249    47.066 r  clipper_cdf_inst/cdf_wr_data[3]_i_23/O
                         net (fo=1, routed)           0.000    47.066    clipper_cdf_inst/cdf_wr_data[3]_i_23_n_0
    SLICE_X104Y119       CARRY4 (Prop_carry4_S[1]_CO[3])
                                                      0.402    47.468 r  clipper_cdf_inst/cdf_wr_data_reg[3]_i_16/CO[3]
                         net (fo=1, routed)           0.000    47.468    clipper_cdf_inst/cdf_wr_data_reg[3]_i_16_n_0
    SLICE_X104Y120       CARRY4 (Prop_carry4_CI_CO[3])
                                                      0.092    47.560 r  clipper_cdf_inst/cdf_wr_data_reg[3]_i_11/CO[3]
                         net (fo=1, routed)           0.000    47.560    clipper_cdf_inst/cdf_wr_data_reg[3]_i_11_n_0
    SLICE_X104Y121       CARRY4 (Prop_carry4_CI_CO[3])
                                                      0.092    47.652 r  clipper_cdf_inst/cdf_wr_data_reg[3]_i_6/CO[3]
                         net (fo=1, routed)           0.000    47.652    clipper_cdf_inst/cdf_wr_data_reg[3]_i_6_n_0
    SLICE_X104Y122       CARRY4 (Prop_carry4_CI_CO[3])
                                                      0.092    47.744 r  clipper_cdf_inst/cdf_wr_data_reg[3]_i_3/CO[3]
                         net (fo=1, routed)           0.000    47.744    clipper_cdf_inst/cdf_wr_data_reg[3]_i_3_n_0
    SLICE_X104Y123       CARRY4 (Prop_carry4_CI_CO[1])
                                                      0.119    47.863 r  clipper_cdf_inst/cdf_wr_data_reg[3]_i_2/CO[1]
                         net (fo=20, routed)          0.277    48.140    clipper_cdf_inst/cdf_wr_data_reg[7]_i_100_0[2]
    SLICE_X105Y123       LUT3 (Prop_lut3_I0_O)        0.251    48.391 r  clipper_cdf_inst/cdf_wr_data[3]_i_1/O
                         net (fo=1, routed)           0.000    48.391    clipper_cdf_inst/norm_saturated[3]
    SLICE_X105Y123       FDCE                                         r  clipper_cdf_inst/cdf_wr_data_reg[3]/D
  -------------------------------------------------------------------    -------------------

                         (clock pclk rise edge)      13.500    13.500 r  
    U7                                                0.000    13.500 r  pclk (IN)
                         net (fo=0)                   0.000    13.500    pclk
    U7                   IBUF (Prop_ibuf_I_O)         0.776    14.276 r  pclk_IBUF_inst/O
                         net (fo=1, routed)           1.484    15.759    pclk_IBUF
    BUFGCTRL_X0Y0        BUFG (Prop_bufg_I_O)         0.072    15.831 r  pclk_IBUF_BUFG_inst/O
                         net (fo=647, routed)         1.345    17.177    clipper_cdf_inst/pclk_IBUF_BUFG
    SLICE_X105Y123       FDCE                                         r  clipper_cdf_inst/cdf_wr_data_reg[3]/C
                         clock pessimism              0.302    17.479    
                         clock uncertainty           -0.035    17.444    
    SLICE_X105Y123       FDCE (Setup_fdce_C_D)        0.032    17.476    clipper_cdf_inst/cdf_wr_data_reg[3]
  -------------------------------------------------------------------
                         required time                         17.476    
                         arrival time                         -48.391    
  -------------------------------------------------------------------
                         slack                                -30.916    

Slack (VIOLATED) :        -29.572ns  (required time - arrival time)
  Source:                 clipper_cdf_inst/cdf_range_reg[1]/C
                            (rising edge-triggered cell FDCE clocked by pclk  {rise@0.000ns fall@6.750ns period=13.500ns})
  Destination:            clipper_cdf_inst/cdf_wr_data_reg[4]/D
                            (rising edge-triggered cell FDCE clocked by pclk  {rise@0.000ns fall@6.750ns period=13.500ns})
  Path Group:             pclk
  Path Type:              Setup (Max at Slow Process Corner)
  Requirement:            13.500ns  (pclk rise@13.500ns - pclk rise@0.000ns)
  Data Path Delay:        43.007ns  (logic 29.315ns (68.163%)  route 13.692ns (31.837%))
  Logic Levels:           164  (CARRY4=137 LUT1=1 LUT2=6 LUT3=20)
  Clock Path Skew:        -0.060ns (DCD - SCD + CPR)
    Destination Clock Delay (DCD):    3.682ns = ( 17.182 - 13.500 ) 
    Source Clock Delay      (SCD):    4.044ns
    Clock Pessimism Removal (CPR):    0.302ns
  Clock Uncertainty:      0.035ns  ((TSJ^2 + TIJ^2)^1/2 + DJ) / 2 + PE
    Total System Jitter     (TSJ):    0.071ns
    Total Input Jitter      (TIJ):    0.000ns
    Discrete Jitter          (DJ):    0.000ns
    Phase Error              (PE):    0.000ns

    Location             Delay type                Incr(ns)  Path(ns)    Netlist Resource(s)
  -------------------------------------------------------------------    -------------------
                         (clock pclk rise edge)       0.000     0.000 r  
    U7                                                0.000     0.000 r  pclk (IN)
                         net (fo=0)                   0.000     0.000    pclk
    U7                   IBUF (Prop_ibuf_I_O)         0.908     0.908 r  pclk_IBUF_inst/O
                         net (fo=1, routed)           1.636     2.544    pclk_IBUF
    BUFGCTRL_X0Y0        BUFG (Prop_bufg_I_O)         0.079     2.623 r  pclk_IBUF_BUFG_inst/O
                         net (fo=647, routed)         1.421     4.044    clipper_cdf_inst/pclk_IBUF_BUFG
    SLICE_X109Y51        FDCE                                         r  clipper_cdf_inst/cdf_range_reg[1]/C
  -------------------------------------------------------------------    -------------------
    SLICE_X109Y51        FDCE (Prop_fdce_C_Q)         0.341     4.385 f  clipper_cdf_inst/cdf_range_reg[1]/Q
                         net (fo=34, routed)          0.322     4.707    clipper_cdf_inst/cdf_range[1]
    SLICE_X108Y52        LUT1 (Prop_lut1_I0_O)        0.097     4.804 r  clipper_cdf_inst/cdf_wr_data[7]_i_554/O
                         net (fo=1, routed)           0.000     4.804    clipper_cdf_inst/cdf_wr_data[7]_i_554_n_0
    SLICE_X108Y52        CARRY4 (Prop_carry4_S[1]_CO[3])
                                                      0.402     5.206 r  clipper_cdf_inst/cdf_wr_data_reg[7]_i_450/CO[3]
                         net (fo=1, routed)           0.000     5.206    clipper_cdf_inst/cdf_wr_data_reg[7]_i_450_n_0
    SLICE_X108Y53        CARRY4 (Prop_carry4_CI_CO[3])
                                                      0.092     5.298 r  clipper_cdf_inst/cdf_wr_data_reg[7]_i_339/CO[3]
                         net (fo=1, routed)           0.000     5.298    clipper_cdf_inst/cdf_wr_data_reg[7]_i_339_n_0
    SLICE_X108Y54        CARRY4 (Prop_carry4_CI_CO[3])
                                                      0.092     5.390 r  clipper_cdf_inst/cdf_wr_data_reg[7]_i_206/CO[3]
                         net (fo=1, routed)           0.000     5.390    clipper_cdf_inst/cdf_wr_data_reg[7]_i_206_n_0
    SLICE_X108Y55        CARRY4 (Prop_carry4_CI_CO[3])
                                                      0.092     5.482 r  clipper_cdf_inst/cdf_wr_data_reg[7]_i_100/CO[3]
                         net (fo=1, routed)           0.000     5.482    clipper_cdf_inst/cdf_wr_data_reg[7]_i_100_n_0
    SLICE_X108Y56        CARRY4 (Prop_carry4_CI_CO[0])
                                                      0.184     5.666 r  clipper_cdf_inst/cdf_wr_data_reg[7]_i_41/CO[0]
                         net (fo=21, routed)          0.731     6.396    clipper_cdf_inst/cdf_wr_data_reg[7]_i_100_0[30]
    SLICE_X107Y52        LUT3 (Prop_lut3_I0_O)        0.262     6.658 r  clipper_cdf_inst/cdf_wr_data[7]_i_453/O
                         net (fo=1, routed)           0.000     6.658    clipper_cdf_inst/cdf_wr_data[7]_i_453_n_0
    SLICE_X107Y52        CARRY4 (Prop_carry4_S[1]_CO[3])
                                                      0.412     7.070 r  clipper_cdf_inst/cdf_wr_data_reg[7]_i_334/CO[3]
                         net (fo=1, routed)           0.000     7.070    clipper_cdf_inst/cdf_wr_data_reg[7]_i_334_n_0
    SLICE_X107Y53        CARRY4 (Prop_carry4_CI_CO[3])
                                                      0.089     7.159 r  clipper_cdf_inst/cdf_wr_data_reg[7]_i_201/CO[3]
                         net (fo=1, routed)           0.000     7.159    clipper_cdf_inst/cdf_wr_data_reg[7]_i_201_n_0
    SLICE_X107Y54        CARRY4 (Prop_carry4_CI_CO[3])
                                                      0.089     7.248 r  clipper_cdf_inst/cdf_wr_data_reg[7]_i_95/CO[3]
                         net (fo=1, routed)           0.000     7.248    clipper_cdf_inst/cdf_wr_data_reg[7]_i_95_n_0
    SLICE_X107Y55        CARRY4 (Prop_carry4_CI_CO[1])
                                                      0.120     7.368 r  clipper_cdf_inst/cdf_wr_data_reg[7]_i_42/CO[1]
                         net (fo=21, routed)          0.585     7.953    clipper_cdf_inst/cdf_wr_data_reg[7]_i_100_0[29]
    SLICE_X106Y51        LUT2 (Prop_lut2_I1_O)        0.249     8.202 r  clipper_cdf_inst/cdf_wr_data[7]_i_539/O
                         net (fo=1, routed)           0.000     8.202    clipper_cdf_inst/cdf_wr_data[7]_i_539_n_0
    SLICE_X106Y51        CARRY4 (Prop_carry4_S[1]_CO[3])
                                                      0.412     8.614 r  clipper_cdf_inst/cdf_wr_data_reg[7]_i_435/CO[3]
                         net (fo=1, routed)           0.000     8.614    clipper_cdf_inst/cdf_wr_data_reg[7]_i_435_n_0
    SLICE_X106Y52        CARRY4 (Prop_carry4_CI_CO[3])
                                                      0.089     8.703 r  clipper_cdf_inst/cdf_wr_data_reg[7]_i_329/CO[3]
                         net (fo=1, routed)           0.000     8.703    clipper_cdf_inst/cdf_wr_data_reg[7]_i_329_n_0
    SLICE_X106Y53        CARRY4 (Prop_carry4_CI_CO[3])
                                                      0.089     8.792 r  clipper_cdf_inst/cdf_wr_data_reg[7]_i_196/CO[3]
                         net (fo=1, routed)           0.000     8.792    clipper_cdf_inst/cdf_wr_data_reg[7]_i_196_n_0
    SLICE_X106Y54        CARRY4 (Prop_carry4_CI_CO[3])
                                                      0.089     8.881 r  clipper_cdf_inst/cdf_wr_data_reg[7]_i_94/CO[3]
                         net (fo=1, routed)           0.000     8.881    clipper_cdf_inst/cdf_wr_data_reg[7]_i_94_n_0
    SLICE_X106Y55        CARRY4 (Prop_carry4_CI_CO[1])
                                                      0.120     9.001 r  clipper_cdf_inst/cdf_wr_data_reg[7]_i_39/CO[1]
                         net (fo=21, routed)          0.635     9.636    clipper_cdf_inst/cdf_wr_data_reg[7]_i_100_0[28]
    SLICE_X105Y53        LUT2 (Prop_lut2_I1_O)        0.249     9.885 r  clipper_cdf_inst/cdf_wr_data[7]_i_535/O
                         net (fo=1, routed)           0.000     9.885    clipper_cdf_inst/cdf_wr_data[7]_i_535_n_0
    SLICE_X105Y53        CARRY4 (Prop_carry4_S[1]_CO[3])
                                                      0.412    10.297 r  clipper_cdf_inst/cdf_wr_data_reg[7]_i_430/CO[3]
                         net (fo=1, routed)           0.000    10.297    clipper_cdf_inst/cdf_wr_data_reg[7]_i_430_n_0
    SLICE_X105Y54        CARRY4 (Prop_carry4_CI_CO[3])
                                                      0.089    10.386 r  clipper_cdf_inst/cdf_wr_data_reg[7]_i_319/CO[3]
                         net (fo=1, routed)           0.000    10.386    clipper_cdf_inst/cdf_wr_data_reg[7]_i_319_n_0
    SLICE_X105Y55        CARRY4 (Prop_carry4_CI_CO[3])
                                                      0.089    10.475 r  clipper_cdf_inst/cdf_wr_data_reg[7]_i_191/CO[3]
                         net (fo=1, routed)           0.000    10.475    clipper_cdf_inst/cdf_wr_data_reg[7]_i_191_n_0
    SLICE_X105Y56        CARRY4 (Prop_carry4_CI_CO[3])
                                                      0.089    10.564 r  clipper_cdf_inst/cdf_wr_data_reg[7]_i_89/CO[3]
                         net (fo=1, routed)           0.000    10.564    clipper_cdf_inst/cdf_wr_data_reg[7]_i_89_n_0
    SLICE_X105Y57        CARRY4 (Prop_carry4_CI_CO[1])
                                                      0.120    10.684 r  clipper_cdf_inst/cdf_wr_data_reg[7]_i_40/CO[1]
                         net (fo=21, routed)          0.506    11.190    clipper_cdf_inst/cdf_wr_data_reg[7]_i_100_0[27]
    SLICE_X104Y55        LUT2 (Prop_lut2_I1_O)        0.249    11.439 r  clipper_cdf_inst/cdf_wr_data[7]_i_531/O
                         net (fo=1, routed)           0.000    11.439    clipper_cdf_inst/cdf_wr_data[7]_i_531_n_0
    SLICE_X104Y55        CARRY4 (Prop_carry4_S[1]_CO[3])
                                                      0.402    11.841 r  clipper_cdf_inst/cdf_wr_data_reg[7]_i_425/CO[3]
                         net (fo=1, routed)           0.000    11.841    clipper_cdf_inst/cdf_wr_data_reg[7]_i_425_n_0
    SLICE_X104Y56        CARRY4 (Prop_carry4_CI_CO[3])
                                                      0.092    11.933 r  clipper_cdf_inst/cdf_wr_data_reg[7]_i_314/CO[3]
                         net (fo=1, routed)           0.000    11.933    clipper_cdf_inst/cdf_wr_data_reg[7]_i_314_n_0
    SLICE_X104Y57        CARRY4 (Prop_carry4_CI_CO[3])
                                                      0.092    12.025 r  clipper_cdf_inst/cdf_wr_data_reg[7]_i_181/CO[3]
                         net (fo=1, routed)           0.000    12.025    clipper_cdf_inst/cdf_wr_data_reg[7]_i_181_n_0
    SLICE_X104Y58        CARRY4 (Prop_carry4_CI_CO[3])
                                                      0.092    12.117 r  clipper_cdf_inst/cdf_wr_data_reg[7]_i_88/CO[3]
                         net (fo=1, routed)           0.000    12.117    clipper_cdf_inst/cdf_wr_data_reg[7]_i_88_n_0
    SLICE_X104Y59        CARRY4 (Prop_carry4_CI_CO[1])
                                                      0.119    12.236 r  clipper_cdf_inst/cdf_wr_data_reg[7]_i_37/CO[1]
                         net (fo=21, routed)          0.604    12.841    clipper_cdf_inst/cdf_wr_data_reg[7]_i_100_0[26]
    SLICE_X103Y57        LUT2 (Prop_lut2_I1_O)        0.251    13.092 r  clipper_cdf_inst/cdf_wr_data[7]_i_527/O
                         net (fo=1, routed)           0.000    13.092    clipper_cdf_inst/cdf_wr_data[7]_i_527_n_0
    SLICE_X103Y57        CARRY4 (Prop_carry4_S[1]_CO[3])
                                                      0.412    13.504 r  clipper_cdf_inst/cdf_wr_data_reg[7]_i_420/CO[3]
                         net (fo=1, routed)           0.000    13.504    clipper_cdf_inst/cdf_wr_data_reg[7]_i_420_n_0
    SLICE_X103Y58        CARRY4 (Prop_carry4_CI_CO[3])
                                                      0.089    13.593 r  clipper_cdf_inst/cdf_wr_data_reg[7]_i_309/CO[3]
                         net (fo=1, routed)           0.000    13.593    clipper_cdf_inst/cdf_wr_data_reg[7]_i_309_n_0
    SLICE_X103Y59        CARRY4 (Prop_carry4_CI_CO[3])
                                                      0.089    13.682 r  clipper_cdf_inst/cdf_wr_data_reg[7]_i_176/CO[3]
                         net (fo=1, routed)           0.000    13.682    clipper_cdf_inst/cdf_wr_data_reg[7]_i_176_n_0
    SLICE_X103Y60        CARRY4 (Prop_carry4_CI_CO[3])
                                                      0.089    13.771 r  clipper_cdf_inst/cdf_wr_data_reg[7]_i_82/CO[3]
                         net (fo=1, routed)           0.000    13.771    clipper_cdf_inst/cdf_wr_data_reg[7]_i_82_n_0
    SLICE_X103Y61        CARRY4 (Prop_carry4_CI_CO[1])
                                                      0.120    13.891 r  clipper_cdf_inst/cdf_wr_data_reg[7]_i_38/CO[1]
                         net (fo=21, routed)          0.477    14.368    clipper_cdf_inst/cdf_wr_data_reg[7]_i_100_0[25]
    SLICE_X102Y60        LUT2 (Prop_lut2_I1_O)        0.249    14.617 r  clipper_cdf_inst/cdf_wr_data[7]_i_523/O
                         net (fo=1, routed)           0.000    14.617    clipper_cdf_inst/cdf_wr_data[7]_i_523_n_0
    SLICE_X102Y60        CARRY4 (Prop_carry4_S[1]_CO[3])
                                                      0.402    15.019 r  clipper_cdf_inst/cdf_wr_data_reg[7]_i_419/CO[3]
                         net (fo=1, routed)           0.000    15.019    clipper_cdf_inst/cdf_wr_data_reg[7]_i_419_n_0
    SLICE_X102Y61        CARRY4 (Prop_carry4_CI_CO[3])
                                                      0.092    15.111 r  clipper_cdf_inst/cdf_wr_data_reg[7]_i_308/CO[3]
                         net (fo=1, routed)           0.000    15.111    clipper_cdf_inst/cdf_wr_data_reg[7]_i_308_n_0
    SLICE_X102Y62        CARRY4 (Prop_carry4_CI_CO[3])
                                                      0.092    15.203 r  clipper_cdf_inst/cdf_wr_data_reg[7]_i_175/CO[3]
                         net (fo=1, routed)           0.000    15.203    clipper_cdf_inst/cdf_wr_data_reg[7]_i_175_n_0
    SLICE_X102Y63        CARRY4 (Prop_carry4_CI_CO[3])
                                                      0.092    15.295 r  clipper_cdf_inst/cdf_wr_data_reg[7]_i_81/CO[3]
                         net (fo=1, routed)           0.000    15.295    clipper_cdf_inst/cdf_wr_data_reg[7]_i_81_n_0
    SLICE_X102Y64        CARRY4 (Prop_carry4_CI_CO[1])
                                                      0.119    15.414 r  clipper_cdf_inst/cdf_wr_data_reg[7]_i_35/CO[1]
                         net (fo=21, routed)          0.479    15.893    clipper_cdf_inst/cdf_wr_data_reg[7]_i_100_0[24]
    SLICE_X103Y63        LUT2 (Prop_lut2_I1_O)        0.251    16.144 r  clipper_cdf_inst/cdf_wr_data[7]_i_543/O
                         net (fo=1, routed)           0.000    16.144    clipper_cdf_inst/cdf_wr_data[7]_i_543_n_0
    SLICE_X103Y63        CARRY4 (Prop_carry4_S[1]_CO[3])
                                                      0.412    16.556 r  clipper_cdf_inst/cdf_wr_data_reg[7]_i_440/CO[3]
                         net (fo=1, routed)           0.000    16.556    clipper_cdf_inst/cdf_wr_data_reg[7]_i_440_n_0
    SLICE_X103Y64        CARRY4 (Prop_carry4_CI_CO[3])
                                                      0.089    16.645 r  clipper_cdf_inst/cdf_wr_data_reg[7]_i_324/CO[3]
                         net (fo=1, routed)           0.000    16.645    clipper_cdf_inst/cdf_wr_data_reg[7]_i_324_n_0
    SLICE_X103Y65        CARRY4 (Prop_carry4_CI_CO[3])
                                                      0.089    16.734 r  clipper_cdf_inst/cdf_wr_data_reg[7]_i_186/CO[3]
                         net (fo=1, routed)           0.000    16.734    clipper_cdf_inst/cdf_wr_data_reg[7]_i_186_n_0
    SLICE_X103Y66        CARRY4 (Prop_carry4_CI_CO[3])
                                                      0.089    16.823 r  clipper_cdf_inst/cdf_wr_data_reg[7]_i_85/CO[3]
                         net (fo=1, routed)           0.000    16.823    clipper_cdf_inst/cdf_wr_data_reg[7]_i_85_n_0
    SLICE_X103Y67        CARRY4 (Prop_carry4_CI_CO[1])
                                                      0.120    16.943 r  clipper_cdf_inst/cdf_wr_data_reg[7]_i_36/CO[1]
                         net (fo=20, routed)          0.424    17.367    clipper_cdf_inst/cdf_wr_data_reg[7]_i_100_0[23]
    SLICE_X102Y65        LUT3 (Prop_lut3_I0_O)        0.249    17.616 r  clipper_cdf_inst/cdf_wr_data[7]_i_579/O
                         net (fo=1, routed)           0.000    17.616    clipper_cdf_inst/cdf_wr_data[7]_i_579_n_0
    SLICE_X102Y65        CARRY4 (Prop_carry4_S[1]_CO[3])
                                                      0.402    18.018 r  clipper_cdf_inst/cdf_wr_data_reg[7]_i_494/CO[3]
                         net (fo=1, routed)           0.000    18.018    clipper_cdf_inst/cdf_wr_data_reg[7]_i_494_n_0
    SLICE_X102Y66        CARRY4 (Prop_carry4_CI_CO[3])
                                                      0.092    18.110 r  clipper_cdf_inst/cdf_wr_data_reg[7]_i_383/CO[3]
                         net (fo=1, routed)           0.000    18.110    clipper_cdf_inst/cdf_wr_data_reg[7]_i_383_n_0
    SLICE_X102Y67        CARRY4 (Prop_carry4_CI_CO[3])
                                                      0.092    18.202 r  clipper_cdf_inst/cdf_wr_data_reg[7]_i_250/CO[3]
                         net (fo=1, routed)           0.000    18.202    clipper_cdf_inst/cdf_wr_data_reg[7]_i_250_n_0
    SLICE_X102Y68        CARRY4 (Prop_carry4_CI_CO[3])
                                                      0.092    18.294 r  clipper_cdf_inst/cdf_wr_data_reg[7]_i_122/CO[3]
                         net (fo=1, routed)           0.000    18.294    clipper_cdf_inst/cdf_wr_data_reg[7]_i_122_n_0
    SLICE_X102Y69        CARRY4 (Prop_carry4_CI_CO[1])
                                                      0.119    18.413 r  clipper_cdf_inst/cdf_wr_data_reg[7]_i_49/CO[1]
                         net (fo=20, routed)          0.374    18.788    clipper_cdf_inst/cdf_wr_data_reg[7]_i_100_0[22]
    SLICE_X103Y68        LUT3 (Prop_lut3_I0_O)        0.251    19.039 r  clipper_cdf_inst/cdf_wr_data[7]_i_576/O
                         net (fo=1, routed)           0.000    19.039    clipper_cdf_inst/cdf_wr_data[7]_i_576_n_0
    SLICE_X103Y68        CARRY4 (Prop_carry4_S[1]_CO[3])
                                                      0.412    19.451 r  clipper_cdf_inst/cdf_wr_data_reg[7]_i_489/CO[3]
                         net (fo=1, routed)           0.000    19.451    clipper_cdf_inst/cdf_wr_data_reg[7]_i_489_n_0
    SLICE_X103Y69        CARRY4 (Prop_carry4_CI_CO[3])
                                                      0.089    19.540 r  clipper_cdf_inst/cdf_wr_data_reg[7]_i_378/CO[3]
                         net (fo=1, routed)           0.000    19.540    clipper_cdf_inst/cdf_wr_data_reg[7]_i_378_n_0
    SLICE_X103Y70        CARRY4 (Prop_carry4_CI_CO[3])
                                                      0.089    19.629 r  clipper_cdf_inst/cdf_wr_data_reg[7]_i_245/CO[3]
                         net (fo=1, routed)           0.000    19.629    clipper_cdf_inst/cdf_wr_data_reg[7]_i_245_n_0
    SLICE_X103Y71        CARRY4 (Prop_carry4_CI_CO[3])
                                                      0.089    19.718 r  clipper_cdf_inst/cdf_wr_data_reg[7]_i_117/CO[3]
                         net (fo=1, routed)           0.000    19.718    clipper_cdf_inst/cdf_wr_data_reg[7]_i_117_n_0
    SLICE_X103Y72        CARRY4 (Prop_carry4_CI_CO[1])
                                                      0.120    19.838 r  clipper_cdf_inst/cdf_wr_data_reg[7]_i_50/CO[1]
                         net (fo=20, routed)          0.413    20.250    clipper_cdf_inst/cdf_wr_data_reg[7]_i_100_0[21]
    SLICE_X102Y71        LUT3 (Prop_lut3_I0_O)        0.249    20.499 r  clipper_cdf_inst/cdf_wr_data[7]_i_570/O
                         net (fo=1, routed)           0.000    20.499    clipper_cdf_inst/cdf_wr_data[7]_i_570_n_0
    SLICE_X102Y71        CARRY4 (Prop_carry4_S[1]_CO[3])
                                                      0.402    20.901 r  clipper_cdf_inst/cdf_wr_data_reg[7]_i_479/CO[3]
                         net (fo=1, routed)           0.000    20.901    clipper_cdf_inst/cdf_wr_data_reg[7]_i_479_n_0
    SLICE_X102Y72        CARRY4 (Prop_carry4_CI_CO[3])
                                                      0.092    20.993 r  clipper_cdf_inst/cdf_wr_data_reg[7]_i_373/CO[3]
                         net (fo=1, routed)           0.000    20.993    clipper_cdf_inst/cdf_wr_data_reg[7]_i_373_n_0
    SLICE_X102Y73        CARRY4 (Prop_carry4_CI_CO[3])
                                                      0.092    21.085 r  clipper_cdf_inst/cdf_wr_data_reg[7]_i_240/CO[3]
                         net (fo=1, routed)           0.000    21.085    clipper_cdf_inst/cdf_wr_data_reg[7]_i_240_n_0
    SLICE_X102Y74        CARRY4 (Prop_carry4_CI_CO[3])
                                                      0.092    21.177 r  clipper_cdf_inst/cdf_wr_data_reg[7]_i_116/CO[3]
                         net (fo=1, routed)           0.007    21.185    clipper_cdf_inst/cdf_wr_data_reg[7]_i_116_n_0
    SLICE_X102Y75        CARRY4 (Prop_carry4_CI_CO[1])
                                                      0.119    21.304 r  clipper_cdf_inst/cdf_wr_data_reg[7]_i_47/CO[1]
                         net (fo=20, routed)          0.413    21.717    clipper_cdf_inst/cdf_wr_data_reg[7]_i_100_0[20]
    SLICE_X103Y74        LUT3 (Prop_lut3_I0_O)        0.251    21.968 r  clipper_cdf_inst/cdf_wr_data[7]_i_567/O
                         net (fo=1, routed)           0.000    21.968    clipper_cdf_inst/cdf_wr_data[7]_i_567_n_0
    SLICE_X103Y74        CARRY4 (Prop_carry4_S[1]_CO[3])
                                                      0.412    22.380 r  clipper_cdf_inst/cdf_wr_data_reg[7]_i_474/CO[3]
                         net (fo=1, routed)           0.007    22.387    clipper_cdf_inst/cdf_wr_data_reg[7]_i_474_n_0
    SLICE_X103Y75        CARRY4 (Prop_carry4_CI_CO[3])
                                                      0.089    22.476 r  clipper_cdf_inst/cdf_wr_data_reg[7]_i_363/CO[3]
                         net (fo=1, routed)           0.000    22.476    clipper_cdf_inst/cdf_wr_data_reg[7]_i_363_n_0
    SLICE_X103Y76        CARRY4 (Prop_carry4_CI_CO[3])
                                                      0.089    22.565 r  clipper_cdf_inst/cdf_wr_data_reg[7]_i_235/CO[3]
                         net (fo=1, routed)           0.000    22.565    clipper_cdf_inst/cdf_wr_data_reg[7]_i_235_n_0
    SLICE_X103Y77        CARRY4 (Prop_carry4_CI_CO[3])
                                                      0.089    22.654 r  clipper_cdf_inst/cdf_wr_data_reg[7]_i_111/CO[3]
                         net (fo=1, routed)           0.000    22.654    clipper_cdf_inst/cdf_wr_data_reg[7]_i_111_n_0
    SLICE_X103Y78        CARRY4 (Prop_carry4_CI_CO[1])
                                                      0.120    22.774 r  clipper_cdf_inst/cdf_wr_data_reg[7]_i_48/CO[1]
                         net (fo=20, routed)          0.544    23.319    clipper_cdf_inst/cdf_wr_data_reg[7]_i_100_0[19]
    SLICE_X102Y78        LUT3 (Prop_lut3_I0_O)        0.249    23.568 r  clipper_cdf_inst/cdf_wr_data[7]_i_477/O
                         net (fo=1, routed)           0.000    23.568    clipper_cdf_inst/cdf_wr_data[7]_i_477_n_0
    SLICE_X102Y78        CARRY4 (Prop_carry4_S[1]_CO[3])
                                                      0.402    23.970 r  clipper_cdf_inst/cdf_wr_data_reg[7]_i_358/CO[3]
                         net (fo=1, routed)           0.000    23.970    clipper_cdf_inst/cdf_wr_data_reg[7]_i_358_n_0
    SLICE_X102Y79        CARRY4 (Prop_carry4_CI_CO[3])
                                                      0.092    24.062 r  clipper_cdf_inst/cdf_wr_data_reg[7]_i_225/CO[3]
                         net (fo=1, routed)           0.000    24.062    clipper_cdf_inst/cdf_wr_data_reg[7]_i_225_n_0
    SLICE_X102Y80        CARRY4 (Prop_carry4_CI_CO[3])
                                                      0.092    24.154 r  clipper_cdf_inst/cdf_wr_data_reg[7]_i_110/CO[3]
                         net (fo=1, routed)           0.000    24.154    clipper_cdf_inst/cdf_wr_data_reg[7]_i_110_n_0
    SLICE_X102Y81        CARRY4 (Prop_carry4_CI_CO[1])
                                                      0.119    24.273 r  clipper_cdf_inst/cdf_wr_data_reg[7]_i_45/CO[1]
                         net (fo=20, routed)          0.403    24.675    clipper_cdf_inst/cdf_wr_data_reg[7]_i_100_0[18]
    SLICE_X104Y80        LUT3 (Prop_lut3_I0_O)        0.251    24.926 r  clipper_cdf_inst/cdf_wr_data[7]_i_561/O
                         net (fo=1, routed)           0.000    24.926    clipper_cdf_inst/cdf_wr_data[7]_i_561_n_0
    SLICE_X104Y80        CARRY4 (Prop_carry4_S[1]_CO[3])
                                                      0.402    25.328 r  clipper_cdf_inst/cdf_wr_data_reg[7]_i_464/CO[3]
                         net (fo=1, routed)           0.000    25.328    clipper_cdf_inst/cdf_wr_data_reg[7]_i_464_n_0
    SLICE_X104Y81        CARRY4 (Prop_carry4_CI_CO[3])
                                                      0.092    25.420 r  clipper_cdf_inst/cdf_wr_data_reg[7]_i_353/CO[3]
                         net (fo=1, routed)           0.000    25.420    clipper_cdf_inst/cdf_wr_data_reg[7]_i_353_n_0
    SLICE_X104Y82        CARRY4 (Prop_carry4_CI_CO[3])
                                                      0.092    25.512 r  clipper_cdf_inst/cdf_wr_data_reg[7]_i_220/CO[3]
                         net (fo=1, routed)           0.000    25.512    clipper_cdf_inst/cdf_wr_data_reg[7]_i_220_n_0
    SLICE_X104Y83        CARRY4 (Prop_carry4_CI_CO[3])
                                                      0.092    25.604 r  clipper_cdf_inst/cdf_wr_data_reg[7]_i_104/CO[3]
                         net (fo=1, routed)           0.000    25.604    clipper_cdf_inst/cdf_wr_data_reg[7]_i_104_n_0
    SLICE_X104Y84        CARRY4 (Prop_carry4_CI_CO[1])
                                                      0.119    25.723 r  clipper_cdf_inst/cdf_wr_data_reg[7]_i_46/CO[1]
                         net (fo=20, routed)          0.441    26.165    clipper_cdf_inst/cdf_wr_data_reg[7]_i_100_0[17]
    SLICE_X103Y83        LUT3 (Prop_lut3_I0_O)        0.251    26.416 r  clipper_cdf_inst/cdf_wr_data[7]_i_558/O
                         net (fo=1, routed)           0.000    26.416    clipper_cdf_inst/cdf_wr_data[7]_i_558_n_0
    SLICE_X103Y83        CARRY4 (Prop_carry4_S[1]_CO[3])
                                                      0.412    26.828 r  clipper_cdf_inst/cdf_wr_data_reg[7]_i_463/CO[3]
                         net (fo=1, routed)           0.000    26.828    clipper_cdf_inst/cdf_wr_data_reg[7]_i_463_n_0
    SLICE_X103Y84        CARRY4 (Prop_carry4_CI_CO[3])
                                                      0.089    26.917 r  clipper_cdf_inst/cdf_wr_data_reg[7]_i_352/CO[3]
                         net (fo=1, routed)           0.000    26.917    clipper_cdf_inst/cdf_wr_data_reg[7]_i_352_n_0
    SLICE_X103Y85        CARRY4 (Prop_carry4_CI_CO[3])
                                                      0.089    27.006 r  clipper_cdf_inst/cdf_wr_data_reg[7]_i_219/CO[3]
                         net (fo=1, routed)           0.000    27.006    clipper_cdf_inst/cdf_wr_data_reg[7]_i_219_n_0
    SLICE_X103Y86        CARRY4 (Prop_carry4_CI_CO[3])
                                                      0.089    27.095 r  clipper_cdf_inst/cdf_wr_data_reg[7]_i_103/CO[3]
                         net (fo=1, routed)           0.000    27.095    clipper_cdf_inst/cdf_wr_data_reg[7]_i_103_n_0
    SLICE_X103Y87        CARRY4 (Prop_carry4_CI_CO[1])
                                                      0.120    27.215 r  clipper_cdf_inst/cdf_wr_data_reg[7]_i_43/CO[1]
                         net (fo=20, routed)          0.444    27.658    clipper_cdf_inst/cdf_wr_data_reg[7]_i_100_0[16]
    SLICE_X102Y85        LUT3 (Prop_lut3_I0_O)        0.249    27.907 r  clipper_cdf_inst/cdf_wr_data[7]_i_573/O
                         net (fo=1, routed)           0.000    27.907    clipper_cdf_inst/cdf_wr_data[7]_i_573_n_0
    SLICE_X102Y85        CARRY4 (Prop_carry4_S[1]_CO[3])
                                                      0.402    28.309 r  clipper_cdf_inst/cdf_wr_data_reg[7]_i_484/CO[3]
                         net (fo=1, routed)           0.000    28.309    clipper_cdf_inst/cdf_wr_data_reg[7]_i_484_n_0
    SLICE_X102Y86        CARRY4 (Prop_carry4_CI_CO[3])
                                                      0.092    28.401 r  clipper_cdf_inst/cdf_wr_data_reg[7]_i_368/CO[3]
                         net (fo=1, routed)           0.000    28.401    clipper_cdf_inst/cdf_wr_data_reg[7]_i_368_n_0
    SLICE_X102Y87        CARRY4 (Prop_carry4_CI_CO[3])
                                                      0.092    28.493 r  clipper_cdf_inst/cdf_wr_data_reg[7]_i_230/CO[3]
                         net (fo=1, routed)           0.000    28.493    clipper_cdf_inst/cdf_wr_data_reg[7]_i_230_n_0
    SLICE_X102Y88        CARRY4 (Prop_carry4_CI_CO[3])
                                                      0.092    28.585 r  clipper_cdf_inst/cdf_wr_data_reg[7]_i_107/CO[3]
                         net (fo=1, routed)           0.000    28.585    clipper_cdf_inst/cdf_wr_data_reg[7]_i_107_n_0
    SLICE_X102Y89        CARRY4 (Prop_carry4_CI_CO[1])
                                                      0.119    28.704 r  clipper_cdf_inst/cdf_wr_data_reg[7]_i_44/CO[1]
                         net (fo=20, routed)          0.399    29.104    clipper_cdf_inst/cdf_wr_data_reg[7]_i_100_0[15]
    SLICE_X103Y88        LUT3 (Prop_lut3_I0_O)        0.251    29.355 r  clipper_cdf_inst/cdf_wr_data[7]_i_585/O
                         net (fo=1, routed)           0.000    29.355    clipper_cdf_inst/cdf_wr_data[7]_i_585_n_0
    SLICE_X103Y88        CARRY4 (Prop_carry4_S[1]_CO[3])
                                                      0.412    29.767 r  clipper_cdf_inst/cdf_wr_data_reg[7]_i_508/CO[3]
                         net (fo=1, routed)           0.000    29.767    clipper_cdf_inst/cdf_wr_data_reg[7]_i_508_n_0
    SLICE_X103Y89        CARRY4 (Prop_carry4_CI_CO[3])
                                                      0.089    29.856 r  clipper_cdf_inst/cdf_wr_data_reg[7]_i_398/CO[3]
                         net (fo=1, routed)           0.000    29.856    clipper_cdf_inst/cdf_wr_data_reg[7]_i_398_n_0
    SLICE_X103Y90        CARRY4 (Prop_carry4_CI_CO[3])
                                                      0.089    29.945 r  clipper_cdf_inst/cdf_wr_data_reg[7]_i_265/CO[3]
                         net (fo=1, routed)           0.000    29.945    clipper_cdf_inst/cdf_wr_data_reg[7]_i_265_n_0
    SLICE_X103Y91        CARRY4 (Prop_carry4_CI_CO[3])
                                                      0.089    30.034 r  clipper_cdf_inst/cdf_wr_data_reg[7]_i_134/CO[3]
                         net (fo=1, routed)           0.000    30.034    clipper_cdf_inst/cdf_wr_data_reg[7]_i_134_n_0
    SLICE_X103Y92        CARRY4 (Prop_carry4_CI_CO[1])
                                                      0.120    30.154 r  clipper_cdf_inst/cdf_wr_data_reg[7]_i_53/CO[1]
                         net (fo=20, routed)          0.425    30.579    clipper_cdf_inst/cdf_wr_data_reg[7]_i_100_0[14]
    SLICE_X102Y91        LUT3 (Prop_lut3_I0_O)        0.249    30.828 r  clipper_cdf_inst/cdf_wr_data[7]_i_582/O
                         net (fo=1, routed)           0.000    30.828    clipper_cdf_inst/cdf_wr_data[7]_i_582_n_0
    SLICE_X102Y91        CARRY4 (Prop_carry4_S[1]_CO[3])
                                                      0.402    31.230 r  clipper_cdf_inst/cdf_wr_data_reg[7]_i_503/CO[3]
                         net (fo=1, routed)           0.000    31.230    clipper_cdf_inst/cdf_wr_data_reg[7]_i_503_n_0
    SLICE_X102Y92        CARRY4 (Prop_carry4_CI_CO[3])
                                                      0.092    31.322 r  clipper_cdf_inst/cdf_wr_data_reg[7]_i_393/CO[3]
                         net (fo=1, routed)           0.000    31.322    clipper_cdf_inst/cdf_wr_data_reg[7]_i_393_n_0
    SLICE_X102Y93        CARRY4 (Prop_carry4_CI_CO[3])
                                                      0.092    31.414 r  clipper_cdf_inst/cdf_wr_data_reg[7]_i_260/CO[3]
                         net (fo=1, routed)           0.000    31.414    clipper_cdf_inst/cdf_wr_data_reg[7]_i_260_n_0
    SLICE_X102Y94        CARRY4 (Prop_carry4_CI_CO[3])
                                                      0.092    31.506 r  clipper_cdf_inst/cdf_wr_data_reg[7]_i_128/CO[3]
                         net (fo=1, routed)           0.000    31.506    clipper_cdf_inst/cdf_wr_data_reg[7]_i_128_n_0
    SLICE_X102Y95        CARRY4 (Prop_carry4_CI_CO[1])
                                                      0.119    31.625 r  clipper_cdf_inst/cdf_wr_data_reg[7]_i_54/CO[1]
                         net (fo=20, routed)          0.374    31.999    clipper_cdf_inst/cdf_wr_data_reg[7]_i_100_0[13]
    SLICE_X103Y94        LUT3 (Prop_lut3_I0_O)        0.251    32.250 r  clipper_cdf_inst/cdf_wr_data[7]_i_519/O
                         net (fo=1, routed)           0.000    32.250    clipper_cdf_inst/cdf_wr_data[7]_i_519_n_0
    SLICE_X103Y94        CARRY4 (Prop_carry4_S[1]_CO[3])
                                                      0.412    32.662 r  clipper_cdf_inst/cdf_wr_data_reg[7]_i_411/CO[3]
                         net (fo=1, routed)           0.000    32.662    clipper_cdf_inst/cdf_wr_data_reg[7]_i_411_n_0
    SLICE_X103Y95        CARRY4 (Prop_carry4_CI_CO[3])
                                                      0.089    32.751 r  clipper_cdf_inst/cdf_wr_data_reg[7]_i_392/CO[3]
                         net (fo=1, routed)           0.000    32.751    clipper_cdf_inst/cdf_wr_data_reg[7]_i_392_n_0
    SLICE_X103Y96        CARRY4 (Prop_carry4_CI_CO[3])
                                                      0.089    32.840 r  clipper_cdf_inst/cdf_wr_data_reg[7]_i_259/CO[3]
                         net (fo=1, routed)           0.000    32.840    clipper_cdf_inst/cdf_wr_data_reg[7]_i_259_n_0
    SLICE_X103Y97        CARRY4 (Prop_carry4_CI_CO[3])
                                                      0.089    32.929 r  clipper_cdf_inst/cdf_wr_data_reg[7]_i_127/CO[3]
                         net (fo=1, routed)           0.000    32.929    clipper_cdf_inst/cdf_wr_data_reg[7]_i_127_n_0
    SLICE_X103Y98        CARRY4 (Prop_carry4_CI_CO[1])
                                                      0.120    33.049 r  clipper_cdf_inst/cdf_wr_data_reg[7]_i_51/CO[1]
                         net (fo=20, routed)          0.415    33.465    clipper_cdf_inst/cdf_wr_data_reg[7]_i_100_0[12]
    SLICE_X104Y97        LUT3 (Prop_lut3_I0_O)        0.249    33.714 r  clipper_cdf_inst/cdf_wr_data[7]_i_418/O
                         net (fo=1, routed)           0.000    33.714    clipper_cdf_inst/cdf_wr_data[7]_i_418_n_0
    SLICE_X104Y97        CARRY4 (Prop_carry4_S[1]_CO[3])
                                                      0.402    34.116 r  clipper_cdf_inst/cdf_wr_data_reg[7]_i_300/CO[3]
                         net (fo=1, routed)           0.000    34.116    clipper_cdf_inst/cdf_wr_data_reg[7]_i_300_n_0
    SLICE_X104Y98        CARRY4 (Prop_carry4_CI_CO[3])
                                                      0.092    34.208 r  clipper_cdf_inst/cdf_wr_data_reg[7]_i_295/CO[3]
                         net (fo=1, routed)           0.000    34.208    clipper_cdf_inst/cdf_wr_data_reg[7]_i_295_n_0
    SLICE_X104Y99        CARRY4 (Prop_carry4_CI_CO[3])
                                                      0.092    34.300 r  clipper_cdf_inst/cdf_wr_data_reg[7]_i_270/CO[3]
                         net (fo=1, routed)           0.001    34.300    clipper_cdf_inst/cdf_wr_data_reg[7]_i_270_n_0
    SLICE_X104Y100       CARRY4 (Prop_carry4_CI_CO[3])
                                                      0.092    34.392 r  clipper_cdf_inst/cdf_wr_data_reg[7]_i_131/CO[3]
                         net (fo=1, routed)           0.000    34.392    clipper_cdf_inst/cdf_wr_data_reg[7]_i_131_n_0
    SLICE_X104Y101       CARRY4 (Prop_carry4_CI_CO[1])
                                                      0.119    34.511 r  clipper_cdf_inst/cdf_wr_data_reg[7]_i_52/CO[1]
                         net (fo=20, routed)          0.391    34.902    clipper_cdf_inst/cdf_wr_data_reg[7]_i_100_0[11]
    SLICE_X103Y100       LUT3 (Prop_lut3_I0_O)        0.251    35.153 r  clipper_cdf_inst/cdf_wr_data[7]_i_307/O
                         net (fo=1, routed)           0.000    35.153    clipper_cdf_inst/cdf_wr_data[7]_i_307_n_0
    SLICE_X103Y100       CARRY4 (Prop_carry4_S[1]_CO[3])
                                                      0.412    35.565 r  clipper_cdf_inst/cdf_wr_data_reg[7]_i_170/CO[3]
                         net (fo=1, routed)           0.000    35.565    clipper_cdf_inst/cdf_wr_data_reg[7]_i_170_n_0
    SLICE_X103Y101       CARRY4 (Prop_carry4_CI_CO[3])
                                                      0.089    35.654 r  clipper_cdf_inst/cdf_wr_data_reg[7]_i_165/CO[3]
                         net (fo=1, routed)           0.000    35.654    clipper_cdf_inst/cdf_wr_data_reg[7]_i_165_n_0
    SLICE_X103Y102       CARRY4 (Prop_carry4_CI_CO[3])
                                                      0.089    35.743 r  clipper_cdf_inst/cdf_wr_data_reg[7]_i_160/CO[3]
                         net (fo=1, routed)           0.000    35.743    clipper_cdf_inst/cdf_wr_data_reg[7]_i_160_n_0
    SLICE_X103Y103       CARRY4 (Prop_carry4_CI_CO[3])
                                                      0.089    35.832 r  clipper_cdf_inst/cdf_wr_data_reg[7]_i_139/CO[3]
                         net (fo=1, routed)           0.000    35.832    clipper_cdf_inst/cdf_wr_data_reg[7]_i_139_n_0
    SLICE_X103Y104       CARRY4 (Prop_carry4_CI_CO[1])
                                                      0.120    35.952 r  clipper_cdf_inst/cdf_wr_data_reg[7]_i_55/CO[1]
                         net (fo=20, routed)          0.403    36.355    clipper_cdf_inst/cdf_wr_data_reg[7]_i_100_0[10]
    SLICE_X104Y103       LUT3 (Prop_lut3_I0_O)        0.249    36.604 r  clipper_cdf_inst/cdf_wr_data[7]_i_294/O
                         net (fo=1, routed)           0.000    36.604    clipper_cdf_inst/cdf_wr_data[7]_i_294_n_0
    SLICE_X104Y103       CARRY4 (Prop_carry4_S[1]_CO[3])
                                                      0.402    37.006 r  clipper_cdf_inst/cdf_wr_data_reg[7]_i_155/CO[3]
                         net (fo=1, routed)           0.000    37.006    clipper_cdf_inst/cdf_wr_data_reg[7]_i_155_n_0
    SLICE_X104Y104       CARRY4 (Prop_carry4_CI_CO[3])
                                                      0.092    37.098 r  clipper_cdf_inst/cdf_wr_data_reg[7]_i_76/CO[3]
                         net (fo=1, routed)           0.000    37.098    clipper_cdf_inst/cdf_wr_data_reg[7]_i_76_n_0
    SLICE_X104Y105       CARRY4 (Prop_carry4_CI_CO[3])
                                                      0.092    37.190 r  clipper_cdf_inst/cdf_wr_data_reg[7]_i_71/CO[3]
                         net (fo=1, routed)           0.000    37.190    clipper_cdf_inst/cdf_wr_data_reg[7]_i_71_n_0
    SLICE_X104Y106       CARRY4 (Prop_carry4_CI_CO[3])
                                                      0.092    37.282 r  clipper_cdf_inst/cdf_wr_data_reg[7]_i_68/CO[3]
                         net (fo=1, routed)           0.000    37.282    clipper_cdf_inst/cdf_wr_data_reg[7]_i_68_n_0
    SLICE_X104Y107       CARRY4 (Prop_carry4_CI_CO[1])
                                                      0.119    37.401 r  clipper_cdf_inst/cdf_wr_data_reg[7]_i_56/CO[1]
                         net (fo=20, routed)          0.506    37.906    clipper_cdf_inst/cdf_wr_data_reg[7]_i_100_0[9]
    SLICE_X102Y105       LUT3 (Prop_lut3_I0_O)        0.251    38.157 r  clipper_cdf_inst/cdf_wr_data[7]_i_291/O
                         net (fo=1, routed)           0.000    38.157    clipper_cdf_inst/cdf_wr_data[7]_i_291_n_0
    SLICE_X102Y105       CARRY4 (Prop_carry4_S[1]_CO[3])
                                                      0.402    38.559 r  clipper_cdf_inst/cdf_wr_data_reg[7]_i_150/CO[3]
                         net (fo=1, routed)           0.000    38.559    clipper_cdf_inst/cdf_wr_data_reg[7]_i_150_n_0
    SLICE_X102Y106       CARRY4 (Prop_carry4_CI_CO[3])
                                                      0.092    38.651 r  clipper_cdf_inst/cdf_wr_data_reg[7]_i_63/CO[3]
                         net (fo=1, routed)           0.000    38.651    clipper_cdf_inst/cdf_wr_data_reg[7]_i_63_n_0
    SLICE_X102Y107       CARRY4 (Prop_carry4_CI_CO[3])
                                                      0.092    38.743 r  clipper_cdf_inst/cdf_wr_data_reg[7]_i_30/CO[3]
                         net (fo=1, routed)           0.000    38.743    clipper_cdf_inst/cdf_wr_data_reg[7]_i_30_n_0
    SLICE_X102Y108       CARRY4 (Prop_carry4_CI_CO[3])
                                                      0.092    38.835 r  clipper_cdf_inst/cdf_wr_data_reg[7]_i_27/CO[3]
                         net (fo=1, routed)           0.000    38.835    clipper_cdf_inst/cdf_wr_data_reg[7]_i_27_n_0
    SLICE_X102Y109       CARRY4 (Prop_carry4_CI_CO[1])
                                                      0.119    38.954 r  clipper_cdf_inst/cdf_wr_data_reg[7]_i_26/CO[1]
                         net (fo=20, routed)          0.387    39.341    clipper_cdf_inst/cdf_wr_data_reg[7]_i_100_0[8]
    SLICE_X103Y108       LUT3 (Prop_lut3_I0_O)        0.251    39.592 r  clipper_cdf_inst/cdf_wr_data[7]_i_288/O
                         net (fo=1, routed)           0.000    39.592    clipper_cdf_inst/cdf_wr_data[7]_i_288_n_0
    SLICE_X103Y108       CARRY4 (Prop_carry4_S[1]_CO[3])
                                                      0.412    40.004 r  clipper_cdf_inst/cdf_wr_data_reg[7]_i_145/CO[3]
                         net (fo=1, routed)           0.000    40.004    clipper_cdf_inst/cdf_wr_data_reg[7]_i_145_n_0
    SLICE_X103Y109       CARRY4 (Prop_carry4_CI_CO[3])
                                                      0.089    40.093 r  clipper_cdf_inst/cdf_wr_data_reg[7]_i_58/CO[3]
                         net (fo=1, routed)           0.000    40.093    clipper_cdf_inst/cdf_wr_data_reg[7]_i_58_n_0
    SLICE_X103Y110       CARRY4 (Prop_carry4_CI_CO[3])
                                                      0.089    40.182 r  clipper_cdf_inst/cdf_wr_data_reg[7]_i_21/CO[3]
                         net (fo=1, routed)           0.000    40.182    clipper_cdf_inst/cdf_wr_data_reg[7]_i_21_n_0
    SLICE_X103Y111       CARRY4 (Prop_carry4_CI_CO[3])
                                                      0.089    40.271 r  clipper_cdf_inst/cdf_wr_data_reg[7]_i_10/CO[3]
                         net (fo=1, routed)           0.000    40.271    clipper_cdf_inst/cdf_wr_data_reg[7]_i_10_n_0
    SLICE_X103Y112       CARRY4 (Prop_carry4_CI_CO[1])
                                                      0.120    40.391 r  clipper_cdf_inst/cdf_wr_data_reg[7]_i_9/CO[1]
                         net (fo=20, routed)          0.569    40.960    clipper_cdf_inst/cdf_wr_data_reg[7]_i_100_0[7]
    SLICE_X104Y113       LUT3 (Prop_lut3_I0_O)        0.249    41.209 r  clipper_cdf_inst/cdf_wr_data[7]_i_147/O
                         net (fo=1, routed)           0.000    41.209    clipper_cdf_inst/cdf_wr_data[7]_i_147_n_0
    SLICE_X104Y113       CARRY4 (Prop_carry4_S[2]_CO[3])
                                                      0.286    41.495 r  clipper_cdf_inst/cdf_wr_data_reg[7]_i_57/CO[3]
                         net (fo=1, routed)           0.000    41.495    clipper_cdf_inst/cdf_wr_data_reg[7]_i_57_n_0
    SLICE_X104Y114       CARRY4 (Prop_carry4_CI_CO[3])
                                                      0.092    41.587 r  clipper_cdf_inst/cdf_wr_data_reg[7]_i_20/CO[3]
                         net (fo=1, routed)           0.000    41.587    clipper_cdf_inst/cdf_wr_data_reg[7]_i_20_n_0
    SLICE_X104Y115       CARRY4 (Prop_carry4_CI_CO[3])
                                                      0.092    41.679 r  clipper_cdf_inst/cdf_wr_data_reg[7]_i_8/CO[3]
                         net (fo=1, routed)           0.000    41.679    clipper_cdf_inst/cdf_wr_data_reg[7]_i_8_n_0
    SLICE_X104Y116       CARRY4 (Prop_carry4_CI_CO[1])
                                                      0.119    41.798 r  clipper_cdf_inst/cdf_wr_data_reg[7]_i_4/CO[1]
                         net (fo=20, routed)          0.525    42.323    clipper_cdf_inst/cdf_wr_data_reg[7]_i_100_0[6]
    SLICE_X103Y114       CARRY4 (Prop_carry4_CYINIT_CO[3])
                                                      0.586    42.909 r  clipper_cdf_inst/cdf_wr_data_reg[6]_i_16/CO[3]
                         net (fo=1, routed)           0.000    42.909    clipper_cdf_inst/cdf_wr_data_reg[6]_i_16_n_0
    SLICE_X103Y115       CARRY4 (Prop_carry4_CI_CO[3])
                                                      0.089    42.998 r  clipper_cdf_inst/cdf_wr_data_reg[6]_i_11/CO[3]
                         net (fo=1, routed)           0.000    42.998    clipper_cdf_inst/cdf_wr_data_reg[6]_i_11_n_0
    SLICE_X103Y116       CARRY4 (Prop_carry4_CI_CO[3])
                                                      0.089    43.087 r  clipper_cdf_inst/cdf_wr_data_reg[6]_i_6/CO[3]
                         net (fo=1, routed)           0.000    43.087    clipper_cdf_inst/cdf_wr_data_reg[6]_i_6_n_0
    SLICE_X103Y117       CARRY4 (Prop_carry4_CI_CO[3])
                                                      0.089    43.176 r  clipper_cdf_inst/cdf_wr_data_reg[6]_i_3/CO[3]
                         net (fo=1, routed)           0.000    43.176    clipper_cdf_inst/cdf_wr_data_reg[6]_i_3_n_0
    SLICE_X103Y118       CARRY4 (Prop_carry4_CI_CO[1])
                                                      0.120    43.296 r  clipper_cdf_inst/cdf_wr_data_reg[6]_i_2/CO[1]
                         net (fo=20, routed)          0.574    43.870    clipper_cdf_inst/cdf_wr_data_reg[7]_i_100_0[5]
    SLICE_X102Y114       LUT3 (Prop_lut3_I0_O)        0.249    44.119 r  clipper_cdf_inst/cdf_wr_data[5]_i_23/O
                         net (fo=1, routed)           0.000    44.119    clipper_cdf_inst/cdf_wr_data[5]_i_23_n_0
    SLICE_X102Y114       CARRY4 (Prop_carry4_S[1]_CO[3])
                                                      0.402    44.521 r  clipper_cdf_inst/cdf_wr_data_reg[5]_i_16/CO[3]
                         net (fo=1, routed)           0.000    44.521    clipper_cdf_inst/cdf_wr_data_reg[5]_i_16_n_0
    SLICE_X102Y115       CARRY4 (Prop_carry4_CI_CO[3])
                                                      0.092    44.613 r  clipper_cdf_inst/cdf_wr_data_reg[5]_i_11/CO[3]
                         net (fo=1, routed)           0.000    44.613    clipper_cdf_inst/cdf_wr_data_reg[5]_i_11_n_0
    SLICE_X102Y116       CARRY4 (Prop_carry4_CI_CO[3])
                                                      0.092    44.705 r  clipper_cdf_inst/cdf_wr_data_reg[5]_i_6/CO[3]
                         net (fo=1, routed)           0.000    44.705    clipper_cdf_inst/cdf_wr_data_reg[5]_i_6_n_0
    SLICE_X102Y117       CARRY4 (Prop_carry4_CI_CO[3])
                                                      0.092    44.797 r  clipper_cdf_inst/cdf_wr_data_reg[5]_i_3/CO[3]
                         net (fo=1, routed)           0.000    44.797    clipper_cdf_inst/cdf_wr_data_reg[5]_i_3_n_0
    SLICE_X102Y118       CARRY4 (Prop_carry4_CI_CO[1])
                                                      0.119    44.916 r  clipper_cdf_inst/cdf_wr_data_reg[5]_i_2/CO[1]
                         net (fo=20, routed)          0.520    45.435    clipper_cdf_inst/cdf_wr_data_reg[7]_i_100_0[4]
    SLICE_X105Y116       CARRY4 (Prop_carry4_CYINIT_CO[3])
                                                      0.586    46.021 r  clipper_cdf_inst/cdf_wr_data_reg[4]_i_16/CO[3]
                         net (fo=1, routed)           0.000    46.021    clipper_cdf_inst/cdf_wr_data_reg[4]_i_16_n_0
    SLICE_X105Y117       CARRY4 (Prop_carry4_CI_CO[3])
                                                      0.089    46.110 r  clipper_cdf_inst/cdf_wr_data_reg[4]_i_11/CO[3]
                         net (fo=1, routed)           0.000    46.110    clipper_cdf_inst/cdf_wr_data_reg[4]_i_11_n_0
    SLICE_X105Y118       CARRY4 (Prop_carry4_CI_CO[3])
                                                      0.089    46.199 r  clipper_cdf_inst/cdf_wr_data_reg[4]_i_6/CO[3]
                         net (fo=1, routed)           0.000    46.199    clipper_cdf_inst/cdf_wr_data_reg[4]_i_6_n_0
    SLICE_X105Y119       CARRY4 (Prop_carry4_CI_CO[3])
                                                      0.089    46.288 r  clipper_cdf_inst/cdf_wr_data_reg[4]_i_3/CO[3]
                         net (fo=1, routed)           0.000    46.288    clipper_cdf_inst/cdf_wr_data_reg[4]_i_3_n_0
    SLICE_X105Y120       CARRY4 (Prop_carry4_CI_CO[1])
                                                      0.120    46.408 r  clipper_cdf_inst/cdf_wr_data_reg[4]_i_2/CO[1]
                         net (fo=20, routed)          0.393    46.802    clipper_cdf_inst/cdf_wr_data_reg[7]_i_100_0[3]
    SLICE_X103Y119       LUT3 (Prop_lut3_I0_O)        0.249    47.051 r  clipper_cdf_inst/cdf_wr_data[4]_i_1/O
                         net (fo=1, routed)           0.000    47.051    clipper_cdf_inst/norm_saturated[4]
    SLICE_X103Y119       FDCE                                         r  clipper_cdf_inst/cdf_wr_data_reg[4]/D
  -------------------------------------------------------------------    -------------------

                         (clock pclk rise edge)      13.500    13.500 r  
    U7                                                0.000    13.500 r  pclk (IN)
                         net (fo=0)                   0.000    13.500    pclk
    U7                   IBUF (Prop_ibuf_I_O)         0.776    14.276 r  pclk_IBUF_inst/O
                         net (fo=1, routed)           1.484    15.759    pclk_IBUF
    BUFGCTRL_X0Y0        BUFG (Prop_bufg_I_O)         0.072    15.831 r  pclk_IBUF_BUFG_inst/O
                         net (fo=647, routed)         1.350    17.182    clipper_cdf_inst/pclk_IBUF_BUFG
    SLICE_X103Y119       FDCE                                         r  clipper_cdf_inst/cdf_wr_data_reg[4]/C
                         clock pessimism              0.302    17.484    
                         clock uncertainty           -0.035    17.449    
    SLICE_X103Y119       FDCE (Setup_fdce_C_D)        0.030    17.479    clipper_cdf_inst/cdf_wr_data_reg[4]
  -------------------------------------------------------------------
                         required time                         17.479    
                         arrival time                         -47.051    
  -------------------------------------------------------------------
                         slack                                -29.572    

Slack (VIOLATED) :        -28.098ns  (required time - arrival time)
  Source:                 clipper_cdf_inst/cdf_range_reg[1]/C
                            (rising edge-triggered cell FDCE clocked by pclk  {rise@0.000ns fall@6.750ns period=13.500ns})
  Destination:            clipper_cdf_inst/cdf_wr_data_reg[5]/D
                            (rising edge-triggered cell FDCE clocked by pclk  {rise@0.000ns fall@6.750ns period=13.500ns})
  Path Group:             pclk
  Path Type:              Setup (Max at Slow Process Corner)
  Requirement:            13.500ns  (pclk rise@13.500ns - pclk rise@0.000ns)
  Data Path Delay:        41.594ns  (logic 28.344ns (68.145%)  route 13.250ns (31.855%))
  Logic Levels:           159  (CARRY4=132 LUT1=1 LUT2=6 LUT3=20)
  Clock Path Skew:        -0.001ns (DCD - SCD + CPR)
    Destination Clock Delay (DCD):    3.741ns = ( 17.241 - 13.500 ) 
    Source Clock Delay      (SCD):    4.044ns
    Clock Pessimism Removal (CPR):    0.302ns
  Clock Uncertainty:      0.035ns  ((TSJ^2 + TIJ^2)^1/2 + DJ) / 2 + PE
    Total System Jitter     (TSJ):    0.071ns
    Total Input Jitter      (TIJ):    0.000ns
    Discrete Jitter          (DJ):    0.000ns
    Phase Error              (PE):    0.000ns

    Location             Delay type                Incr(ns)  Path(ns)    Netlist Resource(s)
  -------------------------------------------------------------------    -------------------
                         (clock pclk rise edge)       0.000     0.000 r  
    U7                                                0.000     0.000 r  pclk (IN)
                         net (fo=0)                   0.000     0.000    pclk
    U7                   IBUF (Prop_ibuf_I_O)         0.908     0.908 r  pclk_IBUF_inst/O
                         net (fo=1, routed)           1.636     2.544    pclk_IBUF
    BUFGCTRL_X0Y0        BUFG (Prop_bufg_I_O)         0.079     2.623 r  pclk_IBUF_BUFG_inst/O
                         net (fo=647, routed)         1.421     4.044    clipper_cdf_inst/pclk_IBUF_BUFG
    SLICE_X109Y51        FDCE                                         r  clipper_cdf_inst/cdf_range_reg[1]/C
  -------------------------------------------------------------------    -------------------
    SLICE_X109Y51        FDCE (Prop_fdce_C_Q)         0.341     4.385 f  clipper_cdf_inst/cdf_range_reg[1]/Q
                         net (fo=34, routed)          0.322     4.707    clipper_cdf_inst/cdf_range[1]
    SLICE_X108Y52        LUT1 (Prop_lut1_I0_O)        0.097     4.804 r  clipper_cdf_inst/cdf_wr_data[7]_i_554/O
                         net (fo=1, routed)           0.000     4.804    clipper_cdf_inst/cdf_wr_data[7]_i_554_n_0
    SLICE_X108Y52        CARRY4 (Prop_carry4_S[1]_CO[3])
                                                      0.402     5.206 r  clipper_cdf_inst/cdf_wr_data_reg[7]_i_450/CO[3]
                         net (fo=1, routed)           0.000     5.206    clipper_cdf_inst/cdf_wr_data_reg[7]_i_450_n_0
    SLICE_X108Y53        CARRY4 (Prop_carry4_CI_CO[3])
                                                      0.092     5.298 r  clipper_cdf_inst/cdf_wr_data_reg[7]_i_339/CO[3]
                         net (fo=1, routed)           0.000     5.298    clipper_cdf_inst/cdf_wr_data_reg[7]_i_339_n_0
    SLICE_X108Y54        CARRY4 (Prop_carry4_CI_CO[3])
                                                      0.092     5.390 r  clipper_cdf_inst/cdf_wr_data_reg[7]_i_206/CO[3]
                         net (fo=1, routed)           0.000     5.390    clipper_cdf_inst/cdf_wr_data_reg[7]_i_206_n_0
    SLICE_X108Y55        CARRY4 (Prop_carry4_CI_CO[3])
                                                      0.092     5.482 r  clipper_cdf_inst/cdf_wr_data_reg[7]_i_100/CO[3]
                         net (fo=1, routed)           0.000     5.482    clipper_cdf_inst/cdf_wr_data_reg[7]_i_100_n_0
    SLICE_X108Y56        CARRY4 (Prop_carry4_CI_CO[0])
                                                      0.184     5.666 r  clipper_cdf_inst/cdf_wr_data_reg[7]_i_41/CO[0]
                         net (fo=21, routed)          0.731     6.396    clipper_cdf_inst/cdf_wr_data_reg[7]_i_100_0[30]
    SLICE_X107Y52        LUT3 (Prop_lut3_I0_O)        0.262     6.658 r  clipper_cdf_inst/cdf_wr_data[7]_i_453/O
                         net (fo=1, routed)           0.000     6.658    clipper_cdf_inst/cdf_wr_data[7]_i_453_n_0
    SLICE_X107Y52        CARRY4 (Prop_carry4_S[1]_CO[3])
                                                      0.412     7.070 r  clipper_cdf_inst/cdf_wr_data_reg[7]_i_334/CO[3]
                         net (fo=1, routed)           0.000     7.070    clipper_cdf_inst/cdf_wr_data_reg[7]_i_334_n_0
    SLICE_X107Y53        CARRY4 (Prop_carry4_CI_CO[3])
                                                      0.089     7.159 r  clipper_cdf_inst/cdf_wr_data_reg[7]_i_201/CO[3]
                         net (fo=1, routed)           0.000     7.159    clipper_cdf_inst/cdf_wr_data_reg[7]_i_201_n_0
    SLICE_X107Y54        CARRY4 (Prop_carry4_CI_CO[3])
                                                      0.089     7.248 r  clipper_cdf_inst/cdf_wr_data_reg[7]_i_95/CO[3]
                         net (fo=1, routed)           0.000     7.248    clipper_cdf_inst/cdf_wr_data_reg[7]_i_95_n_0
    SLICE_X107Y55        CARRY4 (Prop_carry4_CI_CO[1])
                                                      0.120     7.368 r  clipper_cdf_inst/cdf_wr_data_reg[7]_i_42/CO[1]
                         net (fo=21, routed)          0.585     7.953    clipper_cdf_inst/cdf_wr_data_reg[7]_i_100_0[29]
    SLICE_X106Y51        LUT2 (Prop_lut2_I1_O)        0.249     8.202 r  clipper_cdf_inst/cdf_wr_data[7]_i_539/O
                         net (fo=1, routed)           0.000     8.202    clipper_cdf_inst/cdf_wr_data[7]_i_539_n_0
    SLICE_X106Y51        CARRY4 (Prop_carry4_S[1]_CO[3])
                                                      0.412     8.614 r  clipper_cdf_inst/cdf_wr_data_reg[7]_i_435/CO[3]
                         net (fo=1, routed)           0.000     8.614    clipper_cdf_inst/cdf_wr_data_reg[7]_i_435_n_0
    SLICE_X106Y52        CARRY4 (Prop_carry4_CI_CO[3])
                                                      0.089     8.703 r  clipper_cdf_inst/cdf_wr_data_reg[7]_i_329/CO[3]
                         net (fo=1, routed)           0.000     8.703    clipper_cdf_inst/cdf_wr_data_reg[7]_i_329_n_0
    SLICE_X106Y53        CARRY4 (Prop_carry4_CI_CO[3])
                                                      0.089     8.792 r  clipper_cdf_inst/cdf_wr_data_reg[7]_i_196/CO[3]
                         net (fo=1, routed)           0.000     8.792    clipper_cdf_inst/cdf_wr_data_reg[7]_i_196_n_0
    SLICE_X106Y54        CARRY4 (Prop_carry4_CI_CO[3])
                                                      0.089     8.881 r  clipper_cdf_inst/cdf_wr_data_reg[7]_i_94/CO[3]
                         net (fo=1, routed)           0.000     8.881    clipper_cdf_inst/cdf_wr_data_reg[7]_i_94_n_0
    SLICE_X106Y55        CARRY4 (Prop_carry4_CI_CO[1])
                                                      0.120     9.001 r  clipper_cdf_inst/cdf_wr_data_reg[7]_i_39/CO[1]
                         net (fo=21, routed)          0.635     9.636    clipper_cdf_inst/cdf_wr_data_reg[7]_i_100_0[28]
    SLICE_X105Y53        LUT2 (Prop_lut2_I1_O)        0.249     9.885 r  clipper_cdf_inst/cdf_wr_data[7]_i_535/O
                         net (fo=1, routed)           0.000     9.885    clipper_cdf_inst/cdf_wr_data[7]_i_535_n_0
    SLICE_X105Y53        CARRY4 (Prop_carry4_S[1]_CO[3])
                                                      0.412    10.297 r  clipper_cdf_inst/cdf_wr_data_reg[7]_i_430/CO[3]
                         net (fo=1, routed)           0.000    10.297    clipper_cdf_inst/cdf_wr_data_reg[7]_i_430_n_0
    SLICE_X105Y54        CARRY4 (Prop_carry4_CI_CO[3])
                                                      0.089    10.386 r  clipper_cdf_inst/cdf_wr_data_reg[7]_i_319/CO[3]
                         net (fo=1, routed)           0.000    10.386    clipper_cdf_inst/cdf_wr_data_reg[7]_i_319_n_0
    SLICE_X105Y55        CARRY4 (Prop_carry4_CI_CO[3])
                                                      0.089    10.475 r  clipper_cdf_inst/cdf_wr_data_reg[7]_i_191/CO[3]
                         net (fo=1, routed)           0.000    10.475    clipper_cdf_inst/cdf_wr_data_reg[7]_i_191_n_0
    SLICE_X105Y56        CARRY4 (Prop_carry4_CI_CO[3])
                                                      0.089    10.564 r  clipper_cdf_inst/cdf_wr_data_reg[7]_i_89/CO[3]
                         net (fo=1, routed)           0.000    10.564    clipper_cdf_inst/cdf_wr_data_reg[7]_i_89_n_0
    SLICE_X105Y57        CARRY4 (Prop_carry4_CI_CO[1])
                                                      0.120    10.684 r  clipper_cdf_inst/cdf_wr_data_reg[7]_i_40/CO[1]
                         net (fo=21, routed)          0.506    11.190    clipper_cdf_inst/cdf_wr_data_reg[7]_i_100_0[27]
    SLICE_X104Y55        LUT2 (Prop_lut2_I1_O)        0.249    11.439 r  clipper_cdf_inst/cdf_wr_data[7]_i_531/O
                         net (fo=1, routed)           0.000    11.439    clipper_cdf_inst/cdf_wr_data[7]_i_531_n_0
    SLICE_X104Y55        CARRY4 (Prop_carry4_S[1]_CO[3])
                                                      0.402    11.841 r  clipper_cdf_inst/cdf_wr_data_reg[7]_i_425/CO[3]
                         net (fo=1, routed)           0.000    11.841    clipper_cdf_inst/cdf_wr_data_reg[7]_i_425_n_0
    SLICE_X104Y56        CARRY4 (Prop_carry4_CI_CO[3])
                                                      0.092    11.933 r  clipper_cdf_inst/cdf_wr_data_reg[7]_i_314/CO[3]
                         net (fo=1, routed)           0.000    11.933    clipper_cdf_inst/cdf_wr_data_reg[7]_i_314_n_0
    SLICE_X104Y57        CARRY4 (Prop_carry4_CI_CO[3])
                                                      0.092    12.025 r  clipper_cdf_inst/cdf_wr_data_reg[7]_i_181/CO[3]
                         net (fo=1, routed)           0.000    12.025    clipper_cdf_inst/cdf_wr_data_reg[7]_i_181_n_0
    SLICE_X104Y58        CARRY4 (Prop_carry4_CI_CO[3])
                                                      0.092    12.117 r  clipper_cdf_inst/cdf_wr_data_reg[7]_i_88/CO[3]
                         net (fo=1, routed)           0.000    12.117    clipper_cdf_inst/cdf_wr_data_reg[7]_i_88_n_0
    SLICE_X104Y59        CARRY4 (Prop_carry4_CI_CO[1])
                                                      0.119    12.236 r  clipper_cdf_inst/cdf_wr_data_reg[7]_i_37/CO[1]
                         net (fo=21, routed)          0.604    12.841    clipper_cdf_inst/cdf_wr_data_reg[7]_i_100_0[26]
    SLICE_X103Y57        LUT2 (Prop_lut2_I1_O)        0.251    13.092 r  clipper_cdf_inst/cdf_wr_data[7]_i_527/O
                         net (fo=1, routed)           0.000    13.092    clipper_cdf_inst/cdf_wr_data[7]_i_527_n_0
    SLICE_X103Y57        CARRY4 (Prop_carry4_S[1]_CO[3])
                                                      0.412    13.504 r  clipper_cdf_inst/cdf_wr_data_reg[7]_i_420/CO[3]
                         net (fo=1, routed)           0.000    13.504    clipper_cdf_inst/cdf_wr_data_reg[7]_i_420_n_0
    SLICE_X103Y58        CARRY4 (Prop_carry4_CI_CO[3])
                                                      0.089    13.593 r  clipper_cdf_inst/cdf_wr_data_reg[7]_i_309/CO[3]
                         net (fo=1, routed)           0.000    13.593    clipper_cdf_inst/cdf_wr_data_reg[7]_i_309_n_0
    SLICE_X103Y59        CARRY4 (Prop_carry4_CI_CO[3])
                                                      0.089    13.682 r  clipper_cdf_inst/cdf_wr_data_reg[7]_i_176/CO[3]
                         net (fo=1, routed)           0.000    13.682    clipper_cdf_inst/cdf_wr_data_reg[7]_i_176_n_0
    SLICE_X103Y60        CARRY4 (Prop_carry4_CI_CO[3])
                                                      0.089    13.771 r  clipper_cdf_inst/cdf_wr_data_reg[7]_i_82/CO[3]
                         net (fo=1, routed)           0.000    13.771    clipper_cdf_inst/cdf_wr_data_reg[7]_i_82_n_0
    SLICE_X103Y61        CARRY4 (Prop_carry4_CI_CO[1])
                                                      0.120    13.891 r  clipper_cdf_inst/cdf_wr_data_reg[7]_i_38/CO[1]
                         net (fo=21, routed)          0.477    14.368    clipper_cdf_inst/cdf_wr_data_reg[7]_i_100_0[25]
    SLICE_X102Y60        LUT2 (Prop_lut2_I1_O)        0.249    14.617 r  clipper_cdf_inst/cdf_wr_data[7]_i_523/O
                         net (fo=1, routed)           0.000    14.617    clipper_cdf_inst/cdf_wr_data[7]_i_523_n_0
    SLICE_X102Y60        CARRY4 (Prop_carry4_S[1]_CO[3])
                                                      0.402    15.019 r  clipper_cdf_inst/cdf_wr_data_reg[7]_i_419/CO[3]
                         net (fo=1, routed)           0.000    15.019    clipper_cdf_inst/cdf_wr_data_reg[7]_i_419_n_0
    SLICE_X102Y61        CARRY4 (Prop_carry4_CI_CO[3])
                                                      0.092    15.111 r  clipper_cdf_inst/cdf_wr_data_reg[7]_i_308/CO[3]
                         net (fo=1, routed)           0.000    15.111    clipper_cdf_inst/cdf_wr_data_reg[7]_i_308_n_0
    SLICE_X102Y62        CARRY4 (Prop_carry4_CI_CO[3])
                                                      0.092    15.203 r  clipper_cdf_inst/cdf_wr_data_reg[7]_i_175/CO[3]
                         net (fo=1, routed)           0.000    15.203    clipper_cdf_inst/cdf_wr_data_reg[7]_i_175_n_0
    SLICE_X102Y63        CARRY4 (Prop_carry4_CI_CO[3])
                                                      0.092    15.295 r  clipper_cdf_inst/cdf_wr_data_reg[7]_i_81/CO[3]
                         net (fo=1, routed)           0.000    15.295    clipper_cdf_inst/cdf_wr_data_reg[7]_i_81_n_0
    SLICE_X102Y64        CARRY4 (Prop_carry4_CI_CO[1])
                                                      0.119    15.414 r  clipper_cdf_inst/cdf_wr_data_reg[7]_i_35/CO[1]
                         net (fo=21, routed)          0.479    15.893    clipper_cdf_inst/cdf_wr_data_reg[7]_i_100_0[24]
    SLICE_X103Y63        LUT2 (Prop_lut2_I1_O)        0.251    16.144 r  clipper_cdf_inst/cdf_wr_data[7]_i_543/O
                         net (fo=1, routed)           0.000    16.144    clipper_cdf_inst/cdf_wr_data[7]_i_543_n_0
    SLICE_X103Y63        CARRY4 (Prop_carry4_S[1]_CO[3])
                                                      0.412    16.556 r  clipper_cdf_inst/cdf_wr_data_reg[7]_i_440/CO[3]
                         net (fo=1, routed)           0.000    16.556    clipper_cdf_inst/cdf_wr_data_reg[7]_i_440_n_0
    SLICE_X103Y64        CARRY4 (Prop_carry4_CI_CO[3])
                                                      0.089    16.645 r  clipper_cdf_inst/cdf_wr_data_reg[7]_i_324/CO[3]
                         net (fo=1, routed)           0.000    16.645    clipper_cdf_inst/cdf_wr_data_reg[7]_i_324_n_0
    SLICE_X103Y65        CARRY4 (Prop_carry4_CI_CO[3])
                                                      0.089    16.734 r  clipper_cdf_inst/cdf_wr_data_reg[7]_i_186/CO[3]
                         net (fo=1, routed)           0.000    16.734    clipper_cdf_inst/cdf_wr_data_reg[7]_i_186_n_0
    SLICE_X103Y66        CARRY4 (Prop_carry4_CI_CO[3])
                                                      0.089    16.823 r  clipper_cdf_inst/cdf_wr_data_reg[7]_i_85/CO[3]
                         net (fo=1, routed)           0.000    16.823    clipper_cdf_inst/cdf_wr_data_reg[7]_i_85_n_0
    SLICE_X103Y67        CARRY4 (Prop_carry4_CI_CO[1])
                                                      0.120    16.943 r  clipper_cdf_inst/cdf_wr_data_reg[7]_i_36/CO[1]
                         net (fo=20, routed)          0.424    17.367    clipper_cdf_inst/cdf_wr_data_reg[7]_i_100_0[23]
    SLICE_X102Y65        LUT3 (Prop_lut3_I0_O)        0.249    17.616 r  clipper_cdf_inst/cdf_wr_data[7]_i_579/O
                         net (fo=1, routed)           0.000    17.616    clipper_cdf_inst/cdf_wr_data[7]_i_579_n_0
    SLICE_X102Y65        CARRY4 (Prop_carry4_S[1]_CO[3])
                                                      0.402    18.018 r  clipper_cdf_inst/cdf_wr_data_reg[7]_i_494/CO[3]
                         net (fo=1, routed)           0.000    18.018    clipper_cdf_inst/cdf_wr_data_reg[7]_i_494_n_0
    SLICE_X102Y66        CARRY4 (Prop_carry4_CI_CO[3])
                                                      0.092    18.110 r  clipper_cdf_inst/cdf_wr_data_reg[7]_i_383/CO[3]
                         net (fo=1, routed)           0.000    18.110    clipper_cdf_inst/cdf_wr_data_reg[7]_i_383_n_0
    SLICE_X102Y67        CARRY4 (Prop_carry4_CI_CO[3])
                                                      0.092    18.202 r  clipper_cdf_inst/cdf_wr_data_reg[7]_i_250/CO[3]
                         net (fo=1, routed)           0.000    18.202    clipper_cdf_inst/cdf_wr_data_reg[7]_i_250_n_0
    SLICE_X102Y68        CARRY4 (Prop_carry4_CI_CO[3])
                                                      0.092    18.294 r  clipper_cdf_inst/cdf_wr_data_reg[7]_i_122/CO[3]
                         net (fo=1, routed)           0.000    18.294    clipper_cdf_inst/cdf_wr_data_reg[7]_i_122_n_0
    SLICE_X102Y69        CARRY4 (Prop_carry4_CI_CO[1])
                                                      0.119    18.413 r  clipper_cdf_inst/cdf_wr_data_reg[7]_i_49/CO[1]
                         net (fo=20, routed)          0.374    18.788    clipper_cdf_inst/cdf_wr_data_reg[7]_i_100_0[22]
    SLICE_X103Y68        LUT3 (Prop_lut3_I0_O)        0.251    19.039 r  clipper_cdf_inst/cdf_wr_data[7]_i_576/O
                         net (fo=1, routed)           0.000    19.039    clipper_cdf_inst/cdf_wr_data[7]_i_576_n_0
    SLICE_X103Y68        CARRY4 (Prop_carry4_S[1]_CO[3])
                                                      0.412    19.451 r  clipper_cdf_inst/cdf_wr_data_reg[7]_i_489/CO[3]
                         net (fo=1, routed)           0.000    19.451    clipper_cdf_inst/cdf_wr_data_reg[7]_i_489_n_0
    SLICE_X103Y69        CARRY4 (Prop_carry4_CI_CO[3])
                                                      0.089    19.540 r  clipper_cdf_inst/cdf_wr_data_reg[7]_i_378/CO[3]
                         net (fo=1, routed)           0.000    19.540    clipper_cdf_inst/cdf_wr_data_reg[7]_i_378_n_0
    SLICE_X103Y70        CARRY4 (Prop_carry4_CI_CO[3])
                                                      0.089    19.629 r  clipper_cdf_inst/cdf_wr_data_reg[7]_i_245/CO[3]
                         net (fo=1, routed)           0.000    19.629    clipper_cdf_inst/cdf_wr_data_reg[7]_i_245_n_0
    SLICE_X103Y71        CARRY4 (Prop_carry4_CI_CO[3])
                                                      0.089    19.718 r  clipper_cdf_inst/cdf_wr_data_reg[7]_i_117/CO[3]
                         net (fo=1, routed)           0.000    19.718    clipper_cdf_inst/cdf_wr_data_reg[7]_i_117_n_0
    SLICE_X103Y72        CARRY4 (Prop_carry4_CI_CO[1])
                                                      0.120    19.838 r  clipper_cdf_inst/cdf_wr_data_reg[7]_i_50/CO[1]
                         net (fo=20, routed)          0.413    20.250    clipper_cdf_inst/cdf_wr_data_reg[7]_i_100_0[21]
    SLICE_X102Y71        LUT3 (Prop_lut3_I0_O)        0.249    20.499 r  clipper_cdf_inst/cdf_wr_data[7]_i_570/O
                         net (fo=1, routed)           0.000    20.499    clipper_cdf_inst/cdf_wr_data[7]_i_570_n_0
    SLICE_X102Y71        CARRY4 (Prop_carry4_S[1]_CO[3])
                                                      0.402    20.901 r  clipper_cdf_inst/cdf_wr_data_reg[7]_i_479/CO[3]
                         net (fo=1, routed)           0.000    20.901    clipper_cdf_inst/cdf_wr_data_reg[7]_i_479_n_0
    SLICE_X102Y72        CARRY4 (Prop_carry4_CI_CO[3])
                                                      0.092    20.993 r  clipper_cdf_inst/cdf_wr_data_reg[7]_i_373/CO[3]
                         net (fo=1, routed)           0.000    20.993    clipper_cdf_inst/cdf_wr_data_reg[7]_i_373_n_0
    SLICE_X102Y73        CARRY4 (Prop_carry4_CI_CO[3])
                                                      0.092    21.085 r  clipper_cdf_inst/cdf_wr_data_reg[7]_i_240/CO[3]
                         net (fo=1, routed)           0.000    21.085    clipper_cdf_inst/cdf_wr_data_reg[7]_i_240_n_0
    SLICE_X102Y74        CARRY4 (Prop_carry4_CI_CO[3])
                                                      0.092    21.177 r  clipper_cdf_inst/cdf_wr_data_reg[7]_i_116/CO[3]
                         net (fo=1, routed)           0.007    21.185    clipper_cdf_inst/cdf_wr_data_reg[7]_i_116_n_0
    SLICE_X102Y75        CARRY4 (Prop_carry4_CI_CO[1])
                                                      0.119    21.304 r  clipper_cdf_inst/cdf_wr_data_reg[7]_i_47/CO[1]
                         net (fo=20, routed)          0.413    21.717    clipper_cdf_inst/cdf_wr_data_reg[7]_i_100_0[20]
    SLICE_X103Y74        LUT3 (Prop_lut3_I0_O)        0.251    21.968 r  clipper_cdf_inst/cdf_wr_data[7]_i_567/O
                         net (fo=1, routed)           0.000    21.968    clipper_cdf_inst/cdf_wr_data[7]_i_567_n_0
    SLICE_X103Y74        CARRY4 (Prop_carry4_S[1]_CO[3])
                                                      0.412    22.380 r  clipper_cdf_inst/cdf_wr_data_reg[7]_i_474/CO[3]
                         net (fo=1, routed)           0.007    22.387    clipper_cdf_inst/cdf_wr_data_reg[7]_i_474_n_0
    SLICE_X103Y75        CARRY4 (Prop_carry4_CI_CO[3])
                                                      0.089    22.476 r  clipper_cdf_inst/cdf_wr_data_reg[7]_i_363/CO[3]
                         net (fo=1, routed)           0.000    22.476    clipper_cdf_inst/cdf_wr_data_reg[7]_i_363_n_0
    SLICE_X103Y76        CARRY4 (Prop_carry4_CI_CO[3])
                                                      0.089    22.565 r  clipper_cdf_inst/cdf_wr_data_reg[7]_i_235/CO[3]
                         net (fo=1, routed)           0.000    22.565    clipper_cdf_inst/cdf_wr_data_reg[7]_i_235_n_0
    SLICE_X103Y77        CARRY4 (Prop_carry4_CI_CO[3])
                                                      0.089    22.654 r  clipper_cdf_inst/cdf_wr_data_reg[7]_i_111/CO[3]
                         net (fo=1, routed)           0.000    22.654    clipper_cdf_inst/cdf_wr_data_reg[7]_i_111_n_0
    SLICE_X103Y78        CARRY4 (Prop_carry4_CI_CO[1])
                                                      0.120    22.774 r  clipper_cdf_inst/cdf_wr_data_reg[7]_i_48/CO[1]
                         net (fo=20, routed)          0.544    23.319    clipper_cdf_inst/cdf_wr_data_reg[7]_i_100_0[19]
    SLICE_X102Y78        LUT3 (Prop_lut3_I0_O)        0.249    23.568 r  clipper_cdf_inst/cdf_wr_data[7]_i_477/O
                         net (fo=1, routed)           0.000    23.568    clipper_cdf_inst/cdf_wr_data[7]_i_477_n_0
    SLICE_X102Y78        CARRY4 (Prop_carry4_S[1]_CO[3])
                                                      0.402    23.970 r  clipper_cdf_inst/cdf_wr_data_reg[7]_i_358/CO[3]
                         net (fo=1, routed)           0.000    23.970    clipper_cdf_inst/cdf_wr_data_reg[7]_i_358_n_0
    SLICE_X102Y79        CARRY4 (Prop_carry4_CI_CO[3])
                                                      0.092    24.062 r  clipper_cdf_inst/cdf_wr_data_reg[7]_i_225/CO[3]
                         net (fo=1, routed)           0.000    24.062    clipper_cdf_inst/cdf_wr_data_reg[7]_i_225_n_0
    SLICE_X102Y80        CARRY4 (Prop_carry4_CI_CO[3])
                                                      0.092    24.154 r  clipper_cdf_inst/cdf_wr_data_reg[7]_i_110/CO[3]
                         net (fo=1, routed)           0.000    24.154    clipper_cdf_inst/cdf_wr_data_reg[7]_i_110_n_0
    SLICE_X102Y81        CARRY4 (Prop_carry4_CI_CO[1])
                                                      0.119    24.273 r  clipper_cdf_inst/cdf_wr_data_reg[7]_i_45/CO[1]
                         net (fo=20, routed)          0.403    24.675    clipper_cdf_inst/cdf_wr_data_reg[7]_i_100_0[18]
    SLICE_X104Y80        LUT3 (Prop_lut3_I0_O)        0.251    24.926 r  clipper_cdf_inst/cdf_wr_data[7]_i_561/O
                         net (fo=1, routed)           0.000    24.926    clipper_cdf_inst/cdf_wr_data[7]_i_561_n_0
    SLICE_X104Y80        CARRY4 (Prop_carry4_S[1]_CO[3])
                                                      0.402    25.328 r  clipper_cdf_inst/cdf_wr_data_reg[7]_i_464/CO[3]
                         net (fo=1, routed)           0.000    25.328    clipper_cdf_inst/cdf_wr_data_reg[7]_i_464_n_0
    SLICE_X104Y81        CARRY4 (Prop_carry4_CI_CO[3])
                                                      0.092    25.420 r  clipper_cdf_inst/cdf_wr_data_reg[7]_i_353/CO[3]
                         net (fo=1, routed)           0.000    25.420    clipper_cdf_inst/cdf_wr_data_reg[7]_i_353_n_0
    SLICE_X104Y82        CARRY4 (Prop_carry4_CI_CO[3])
                                                      0.092    25.512 r  clipper_cdf_inst/cdf_wr_data_reg[7]_i_220/CO[3]
                         net (fo=1, routed)           0.000    25.512    clipper_cdf_inst/cdf_wr_data_reg[7]_i_220_n_0
    SLICE_X104Y83        CARRY4 (Prop_carry4_CI_CO[3])
                                                      0.092    25.604 r  clipper_cdf_inst/cdf_wr_data_reg[7]_i_104/CO[3]
                         net (fo=1, routed)           0.000    25.604    clipper_cdf_inst/cdf_wr_data_reg[7]_i_104_n_0
    SLICE_X104Y84        CARRY4 (Prop_carry4_CI_CO[1])
                                                      0.119    25.723 r  clipper_cdf_inst/cdf_wr_data_reg[7]_i_46/CO[1]
                         net (fo=20, routed)          0.441    26.165    clipper_cdf_inst/cdf_wr_data_reg[7]_i_100_0[17]
    SLICE_X103Y83        LUT3 (Prop_lut3_I0_O)        0.251    26.416 r  clipper_cdf_inst/cdf_wr_data[7]_i_558/O
                         net (fo=1, routed)           0.000    26.416    clipper_cdf_inst/cdf_wr_data[7]_i_558_n_0
    SLICE_X103Y83        CARRY4 (Prop_carry4_S[1]_CO[3])
                                                      0.412    26.828 r  clipper_cdf_inst/cdf_wr_data_reg[7]_i_463/CO[3]
                         net (fo=1, routed)           0.000    26.828    clipper_cdf_inst/cdf_wr_data_reg[7]_i_463_n_0
    SLICE_X103Y84        CARRY4 (Prop_carry4_CI_CO[3])
                                                      0.089    26.917 r  clipper_cdf_inst/cdf_wr_data_reg[7]_i_352/CO[3]
                         net (fo=1, routed)           0.000    26.917    clipper_cdf_inst/cdf_wr_data_reg[7]_i_352_n_0
    SLICE_X103Y85        CARRY4 (Prop_carry4_CI_CO[3])
                                                      0.089    27.006 r  clipper_cdf_inst/cdf_wr_data_reg[7]_i_219/CO[3]
                         net (fo=1, routed)           0.000    27.006    clipper_cdf_inst/cdf_wr_data_reg[7]_i_219_n_0
    SLICE_X103Y86        CARRY4 (Prop_carry4_CI_CO[3])
                                                      0.089    27.095 r  clipper_cdf_inst/cdf_wr_data_reg[7]_i_103/CO[3]
                         net (fo=1, routed)           0.000    27.095    clipper_cdf_inst/cdf_wr_data_reg[7]_i_103_n_0
    SLICE_X103Y87        CARRY4 (Prop_carry4_CI_CO[1])
                                                      0.120    27.215 r  clipper_cdf_inst/cdf_wr_data_reg[7]_i_43/CO[1]
                         net (fo=20, routed)          0.444    27.658    clipper_cdf_inst/cdf_wr_data_reg[7]_i_100_0[16]
    SLICE_X102Y85        LUT3 (Prop_lut3_I0_O)        0.249    27.907 r  clipper_cdf_inst/cdf_wr_data[7]_i_573/O
                         net (fo=1, routed)           0.000    27.907    clipper_cdf_inst/cdf_wr_data[7]_i_573_n_0
    SLICE_X102Y85        CARRY4 (Prop_carry4_S[1]_CO[3])
                                                      0.402    28.309 r  clipper_cdf_inst/cdf_wr_data_reg[7]_i_484/CO[3]
                         net (fo=1, routed)           0.000    28.309    clipper_cdf_inst/cdf_wr_data_reg[7]_i_484_n_0
    SLICE_X102Y86        CARRY4 (Prop_carry4_CI_CO[3])
                                                      0.092    28.401 r  clipper_cdf_inst/cdf_wr_data_reg[7]_i_368/CO[3]
                         net (fo=1, routed)           0.000    28.401    clipper_cdf_inst/cdf_wr_data_reg[7]_i_368_n_0
    SLICE_X102Y87        CARRY4 (Prop_carry4_CI_CO[3])
                                                      0.092    28.493 r  clipper_cdf_inst/cdf_wr_data_reg[7]_i_230/CO[3]
                         net (fo=1, routed)           0.000    28.493    clipper_cdf_inst/cdf_wr_data_reg[7]_i_230_n_0
    SLICE_X102Y88        CARRY4 (Prop_carry4_CI_CO[3])
                                                      0.092    28.585 r  clipper_cdf_inst/cdf_wr_data_reg[7]_i_107/CO[3]
                         net (fo=1, routed)           0.000    28.585    clipper_cdf_inst/cdf_wr_data_reg[7]_i_107_n_0
    SLICE_X102Y89        CARRY4 (Prop_carry4_CI_CO[1])
                                                      0.119    28.704 r  clipper_cdf_inst/cdf_wr_data_reg[7]_i_44/CO[1]
                         net (fo=20, routed)          0.399    29.104    clipper_cdf_inst/cdf_wr_data_reg[7]_i_100_0[15]
    SLICE_X103Y88        LUT3 (Prop_lut3_I0_O)        0.251    29.355 r  clipper_cdf_inst/cdf_wr_data[7]_i_585/O
                         net (fo=1, routed)           0.000    29.355    clipper_cdf_inst/cdf_wr_data[7]_i_585_n_0
    SLICE_X103Y88        CARRY4 (Prop_carry4_S[1]_CO[3])
                                                      0.412    29.767 r  clipper_cdf_inst/cdf_wr_data_reg[7]_i_508/CO[3]
                         net (fo=1, routed)           0.000    29.767    clipper_cdf_inst/cdf_wr_data_reg[7]_i_508_n_0
    SLICE_X103Y89        CARRY4 (Prop_carry4_CI_CO[3])
                                                      0.089    29.856 r  clipper_cdf_inst/cdf_wr_data_reg[7]_i_398/CO[3]
                         net (fo=1, routed)           0.000    29.856    clipper_cdf_inst/cdf_wr_data_reg[7]_i_398_n_0
    SLICE_X103Y90        CARRY4 (Prop_carry4_CI_CO[3])
                                                      0.089    29.945 r  clipper_cdf_inst/cdf_wr_data_reg[7]_i_265/CO[3]
                         net (fo=1, routed)           0.000    29.945    clipper_cdf_inst/cdf_wr_data_reg[7]_i_265_n_0
    SLICE_X103Y91        CARRY4 (Prop_carry4_CI_CO[3])
                                                      0.089    30.034 r  clipper_cdf_inst/cdf_wr_data_reg[7]_i_134/CO[3]
                         net (fo=1, routed)           0.000    30.034    clipper_cdf_inst/cdf_wr_data_reg[7]_i_134_n_0
    SLICE_X103Y92        CARRY4 (Prop_carry4_CI_CO[1])
                                                      0.120    30.154 r  clipper_cdf_inst/cdf_wr_data_reg[7]_i_53/CO[1]
                         net (fo=20, routed)          0.425    30.579    clipper_cdf_inst/cdf_wr_data_reg[7]_i_100_0[14]
    SLICE_X102Y91        LUT3 (Prop_lut3_I0_O)        0.249    30.828 r  clipper_cdf_inst/cdf_wr_data[7]_i_582/O
                         net (fo=1, routed)           0.000    30.828    clipper_cdf_inst/cdf_wr_data[7]_i_582_n_0
    SLICE_X102Y91        CARRY4 (Prop_carry4_S[1]_CO[3])
                                                      0.402    31.230 r  clipper_cdf_inst/cdf_wr_data_reg[7]_i_503/CO[3]
                         net (fo=1, routed)           0.000    31.230    clipper_cdf_inst/cdf_wr_data_reg[7]_i_503_n_0
    SLICE_X102Y92        CARRY4 (Prop_carry4_CI_CO[3])
                                                      0.092    31.322 r  clipper_cdf_inst/cdf_wr_data_reg[7]_i_393/CO[3]
                         net (fo=1, routed)           0.000    31.322    clipper_cdf_inst/cdf_wr_data_reg[7]_i_393_n_0
    SLICE_X102Y93        CARRY4 (Prop_carry4_CI_CO[3])
                                                      0.092    31.414 r  clipper_cdf_inst/cdf_wr_data_reg[7]_i_260/CO[3]
                         net (fo=1, routed)           0.000    31.414    clipper_cdf_inst/cdf_wr_data_reg[7]_i_260_n_0
    SLICE_X102Y94        CARRY4 (Prop_carry4_CI_CO[3])
                                                      0.092    31.506 r  clipper_cdf_inst/cdf_wr_data_reg[7]_i_128/CO[3]
                         net (fo=1, routed)           0.000    31.506    clipper_cdf_inst/cdf_wr_data_reg[7]_i_128_n_0
    SLICE_X102Y95        CARRY4 (Prop_carry4_CI_CO[1])
                                                      0.119    31.625 r  clipper_cdf_inst/cdf_wr_data_reg[7]_i_54/CO[1]
                         net (fo=20, routed)          0.374    31.999    clipper_cdf_inst/cdf_wr_data_reg[7]_i_100_0[13]
    SLICE_X103Y94        LUT3 (Prop_lut3_I0_O)        0.251    32.250 r  clipper_cdf_inst/cdf_wr_data[7]_i_519/O
                         net (fo=1, routed)           0.000    32.250    clipper_cdf_inst/cdf_wr_data[7]_i_519_n_0
    SLICE_X103Y94        CARRY4 (Prop_carry4_S[1]_CO[3])
                                                      0.412    32.662 r  clipper_cdf_inst/cdf_wr_data_reg[7]_i_411/CO[3]
                         net (fo=1, routed)           0.000    32.662    clipper_cdf_inst/cdf_wr_data_reg[7]_i_411_n_0
    SLICE_X103Y95        CARRY4 (Prop_carry4_CI_CO[3])
                                                      0.089    32.751 r  clipper_cdf_inst/cdf_wr_data_reg[7]_i_392/CO[3]
                         net (fo=1, routed)           0.000    32.751    clipper_cdf_inst/cdf_wr_data_reg[7]_i_392_n_0
    SLICE_X103Y96        CARRY4 (Prop_carry4_CI_CO[3])
                                                      0.089    32.840 r  clipper_cdf_inst/cdf_wr_data_reg[7]_i_259/CO[3]
                         net (fo=1, routed)           0.000    32.840    clipper_cdf_inst/cdf_wr_data_reg[7]_i_259_n_0
    SLICE_X103Y97        CARRY4 (Prop_carry4_CI_CO[3])
                                                      0.089    32.929 r  clipper_cdf_inst/cdf_wr_data_reg[7]_i_127/CO[3]
                         net (fo=1, routed)           0.000    32.929    clipper_cdf_inst/cdf_wr_data_reg[7]_i_127_n_0
    SLICE_X103Y98        CARRY4 (Prop_carry4_CI_CO[1])
                                                      0.120    33.049 r  clipper_cdf_inst/cdf_wr_data_reg[7]_i_51/CO[1]
                         net (fo=20, routed)          0.415    33.465    clipper_cdf_inst/cdf_wr_data_reg[7]_i_100_0[12]
    SLICE_X104Y97        LUT3 (Prop_lut3_I0_O)        0.249    33.714 r  clipper_cdf_inst/cdf_wr_data[7]_i_418/O
                         net (fo=1, routed)           0.000    33.714    clipper_cdf_inst/cdf_wr_data[7]_i_418_n_0
    SLICE_X104Y97        CARRY4 (Prop_carry4_S[1]_CO[3])
                                                      0.402    34.116 r  clipper_cdf_inst/cdf_wr_data_reg[7]_i_300/CO[3]
                         net (fo=1, routed)           0.000    34.116    clipper_cdf_inst/cdf_wr_data_reg[7]_i_300_n_0
    SLICE_X104Y98        CARRY4 (Prop_carry4_CI_CO[3])
                                                      0.092    34.208 r  clipper_cdf_inst/cdf_wr_data_reg[7]_i_295/CO[3]
                         net (fo=1, routed)           0.000    34.208    clipper_cdf_inst/cdf_wr_data_reg[7]_i_295_n_0
    SLICE_X104Y99        CARRY4 (Prop_carry4_CI_CO[3])
                                                      0.092    34.300 r  clipper_cdf_inst/cdf_wr_data_reg[7]_i_270/CO[3]
                         net (fo=1, routed)           0.001    34.300    clipper_cdf_inst/cdf_wr_data_reg[7]_i_270_n_0
    SLICE_X104Y100       CARRY4 (Prop_carry4_CI_CO[3])
                                                      0.092    34.392 r  clipper_cdf_inst/cdf_wr_data_reg[7]_i_131/CO[3]
                         net (fo=1, routed)           0.000    34.392    clipper_cdf_inst/cdf_wr_data_reg[7]_i_131_n_0
    SLICE_X104Y101       CARRY4 (Prop_carry4_CI_CO[1])
                                                      0.119    34.511 r  clipper_cdf_inst/cdf_wr_data_reg[7]_i_52/CO[1]
                         net (fo=20, routed)          0.391    34.902    clipper_cdf_inst/cdf_wr_data_reg[7]_i_100_0[11]
    SLICE_X103Y100       LUT3 (Prop_lut3_I0_O)        0.251    35.153 r  clipper_cdf_inst/cdf_wr_data[7]_i_307/O
                         net (fo=1, routed)           0.000    35.153    clipper_cdf_inst/cdf_wr_data[7]_i_307_n_0
    SLICE_X103Y100       CARRY4 (Prop_carry4_S[1]_CO[3])
                                                      0.412    35.565 r  clipper_cdf_inst/cdf_wr_data_reg[7]_i_170/CO[3]
                         net (fo=1, routed)           0.000    35.565    clipper_cdf_inst/cdf_wr_data_reg[7]_i_170_n_0
    SLICE_X103Y101       CARRY4 (Prop_carry4_CI_CO[3])
                                                      0.089    35.654 r  clipper_cdf_inst/cdf_wr_data_reg[7]_i_165/CO[3]
                         net (fo=1, routed)           0.000    35.654    clipper_cdf_inst/cdf_wr_data_reg[7]_i_165_n_0
    SLICE_X103Y102       CARRY4 (Prop_carry4_CI_CO[3])
                                                      0.089    35.743 r  clipper_cdf_inst/cdf_wr_data_reg[7]_i_160/CO[3]
                         net (fo=1, routed)           0.000    35.743    clipper_cdf_inst/cdf_wr_data_reg[7]_i_160_n_0
    SLICE_X103Y103       CARRY4 (Prop_carry4_CI_CO[3])
                                                      0.089    35.832 r  clipper_cdf_inst/cdf_wr_data_reg[7]_i_139/CO[3]
                         net (fo=1, routed)           0.000    35.832    clipper_cdf_inst/cdf_wr_data_reg[7]_i_139_n_0
    SLICE_X103Y104       CARRY4 (Prop_carry4_CI_CO[1])
                                                      0.120    35.952 r  clipper_cdf_inst/cdf_wr_data_reg[7]_i_55/CO[1]
                         net (fo=20, routed)          0.403    36.355    clipper_cdf_inst/cdf_wr_data_reg[7]_i_100_0[10]
    SLICE_X104Y103       LUT3 (Prop_lut3_I0_O)        0.249    36.604 r  clipper_cdf_inst/cdf_wr_data[7]_i_294/O
                         net (fo=1, routed)           0.000    36.604    clipper_cdf_inst/cdf_wr_data[7]_i_294_n_0
    SLICE_X104Y103       CARRY4 (Prop_carry4_S[1]_CO[3])
                                                      0.402    37.006 r  clipper_cdf_inst/cdf_wr_data_reg[7]_i_155/CO[3]
                         net (fo=1, routed)           0.000    37.006    clipper_cdf_inst/cdf_wr_data_reg[7]_i_155_n_0
    SLICE_X104Y104       CARRY4 (Prop_carry4_CI_CO[3])
                                                      0.092    37.098 r  clipper_cdf_inst/cdf_wr_data_reg[7]_i_76/CO[3]
                         net (fo=1, routed)           0.000    37.098    clipper_cdf_inst/cdf_wr_data_reg[7]_i_76_n_0
    SLICE_X104Y105       CARRY4 (Prop_carry4_CI_CO[3])
                                                      0.092    37.190 r  clipper_cdf_inst/cdf_wr_data_reg[7]_i_71/CO[3]
                         net (fo=1, routed)           0.000    37.190    clipper_cdf_inst/cdf_wr_data_reg[7]_i_71_n_0
    SLICE_X104Y106       CARRY4 (Prop_carry4_CI_CO[3])
                                                      0.092    37.282 r  clipper_cdf_inst/cdf_wr_data_reg[7]_i_68/CO[3]
                         net (fo=1, routed)           0.000    37.282    clipper_cdf_inst/cdf_wr_data_reg[7]_i_68_n_0
    SLICE_X104Y107       CARRY4 (Prop_carry4_CI_CO[1])
                                                      0.119    37.401 r  clipper_cdf_inst/cdf_wr_data_reg[7]_i_56/CO[1]
                         net (fo=20, routed)          0.506    37.906    clipper_cdf_inst/cdf_wr_data_reg[7]_i_100_0[9]
    SLICE_X102Y105       LUT3 (Prop_lut3_I0_O)        0.251    38.157 r  clipper_cdf_inst/cdf_wr_data[7]_i_291/O
                         net (fo=1, routed)           0.000    38.157    clipper_cdf_inst/cdf_wr_data[7]_i_291_n_0
    SLICE_X102Y105       CARRY4 (Prop_carry4_S[1]_CO[3])
                                                      0.402    38.559 r  clipper_cdf_inst/cdf_wr_data_reg[7]_i_150/CO[3]
                         net (fo=1, routed)           0.000    38.559    clipper_cdf_inst/cdf_wr_data_reg[7]_i_150_n_0
    SLICE_X102Y106       CARRY4 (Prop_carry4_CI_CO[3])
                                                      0.092    38.651 r  clipper_cdf_inst/cdf_wr_data_reg[7]_i_63/CO[3]
                         net (fo=1, routed)           0.000    38.651    clipper_cdf_inst/cdf_wr_data_reg[7]_i_63_n_0
    SLICE_X102Y107       CARRY4 (Prop_carry4_CI_CO[3])
                                                      0.092    38.743 r  clipper_cdf_inst/cdf_wr_data_reg[7]_i_30/CO[3]
                         net (fo=1, routed)           0.000    38.743    clipper_cdf_inst/cdf_wr_data_reg[7]_i_30_n_0
    SLICE_X102Y108       CARRY4 (Prop_carry4_CI_CO[3])
                                                      0.092    38.835 r  clipper_cdf_inst/cdf_wr_data_reg[7]_i_27/CO[3]
                         net (fo=1, routed)           0.000    38.835    clipper_cdf_inst/cdf_wr_data_reg[7]_i_27_n_0
    SLICE_X102Y109       CARRY4 (Prop_carry4_CI_CO[1])
                                                      0.119    38.954 r  clipper_cdf_inst/cdf_wr_data_reg[7]_i_26/CO[1]
                         net (fo=20, routed)          0.387    39.341    clipper_cdf_inst/cdf_wr_data_reg[7]_i_100_0[8]
    SLICE_X103Y108       LUT3 (Prop_lut3_I0_O)        0.251    39.592 r  clipper_cdf_inst/cdf_wr_data[7]_i_288/O
                         net (fo=1, routed)           0.000    39.592    clipper_cdf_inst/cdf_wr_data[7]_i_288_n_0
    SLICE_X103Y108       CARRY4 (Prop_carry4_S[1]_CO[3])
                                                      0.412    40.004 r  clipper_cdf_inst/cdf_wr_data_reg[7]_i_145/CO[3]
                         net (fo=1, routed)           0.000    40.004    clipper_cdf_inst/cdf_wr_data_reg[7]_i_145_n_0
    SLICE_X103Y109       CARRY4 (Prop_carry4_CI_CO[3])
                                                      0.089    40.093 r  clipper_cdf_inst/cdf_wr_data_reg[7]_i_58/CO[3]
                         net (fo=1, routed)           0.000    40.093    clipper_cdf_inst/cdf_wr_data_reg[7]_i_58_n_0
    SLICE_X103Y110       CARRY4 (Prop_carry4_CI_CO[3])
                                                      0.089    40.182 r  clipper_cdf_inst/cdf_wr_data_reg[7]_i_21/CO[3]
                         net (fo=1, routed)           0.000    40.182    clipper_cdf_inst/cdf_wr_data_reg[7]_i_21_n_0
    SLICE_X103Y111       CARRY4 (Prop_carry4_CI_CO[3])
                                                      0.089    40.271 r  clipper_cdf_inst/cdf_wr_data_reg[7]_i_10/CO[3]
                         net (fo=1, routed)           0.000    40.271    clipper_cdf_inst/cdf_wr_data_reg[7]_i_10_n_0
    SLICE_X103Y112       CARRY4 (Prop_carry4_CI_CO[1])
                                                      0.120    40.391 r  clipper_cdf_inst/cdf_wr_data_reg[7]_i_9/CO[1]
                         net (fo=20, routed)          0.569    40.960    clipper_cdf_inst/cdf_wr_data_reg[7]_i_100_0[7]
    SLICE_X104Y113       LUT3 (Prop_lut3_I0_O)        0.249    41.209 r  clipper_cdf_inst/cdf_wr_data[7]_i_147/O
                         net (fo=1, routed)           0.000    41.209    clipper_cdf_inst/cdf_wr_data[7]_i_147_n_0
    SLICE_X104Y113       CARRY4 (Prop_carry4_S[2]_CO[3])
                                                      0.286    41.495 r  clipper_cdf_inst/cdf_wr_data_reg[7]_i_57/CO[3]
                         net (fo=1, routed)           0.000    41.495    clipper_cdf_inst/cdf_wr_data_reg[7]_i_57_n_0
    SLICE_X104Y114       CARRY4 (Prop_carry4_CI_CO[3])
                                                      0.092    41.587 r  clipper_cdf_inst/cdf_wr_data_reg[7]_i_20/CO[3]
                         net (fo=1, routed)           0.000    41.587    clipper_cdf_inst/cdf_wr_data_reg[7]_i_20_n_0
    SLICE_X104Y115       CARRY4 (Prop_carry4_CI_CO[3])
                                                      0.092    41.679 r  clipper_cdf_inst/cdf_wr_data_reg[7]_i_8/CO[3]
                         net (fo=1, routed)           0.000    41.679    clipper_cdf_inst/cdf_wr_data_reg[7]_i_8_n_0
    SLICE_X104Y116       CARRY4 (Prop_carry4_CI_CO[1])
                                                      0.119    41.798 r  clipper_cdf_inst/cdf_wr_data_reg[7]_i_4/CO[1]
                         net (fo=20, routed)          0.525    42.323    clipper_cdf_inst/cdf_wr_data_reg[7]_i_100_0[6]
    SLICE_X103Y114       CARRY4 (Prop_carry4_CYINIT_CO[3])
                                                      0.586    42.909 r  clipper_cdf_inst/cdf_wr_data_reg[6]_i_16/CO[3]
                         net (fo=1, routed)           0.000    42.909    clipper_cdf_inst/cdf_wr_data_reg[6]_i_16_n_0
    SLICE_X103Y115       CARRY4 (Prop_carry4_CI_CO[3])
                                                      0.089    42.998 r  clipper_cdf_inst/cdf_wr_data_reg[6]_i_11/CO[3]
                         net (fo=1, routed)           0.000    42.998    clipper_cdf_inst/cdf_wr_data_reg[6]_i_11_n_0
    SLICE_X103Y116       CARRY4 (Prop_carry4_CI_CO[3])
                                                      0.089    43.087 r  clipper_cdf_inst/cdf_wr_data_reg[6]_i_6/CO[3]
                         net (fo=1, routed)           0.000    43.087    clipper_cdf_inst/cdf_wr_data_reg[6]_i_6_n_0
    SLICE_X103Y117       CARRY4 (Prop_carry4_CI_CO[3])
                                                      0.089    43.176 r  clipper_cdf_inst/cdf_wr_data_reg[6]_i_3/CO[3]
                         net (fo=1, routed)           0.000    43.176    clipper_cdf_inst/cdf_wr_data_reg[6]_i_3_n_0
    SLICE_X103Y118       CARRY4 (Prop_carry4_CI_CO[1])
                                                      0.120    43.296 r  clipper_cdf_inst/cdf_wr_data_reg[6]_i_2/CO[1]
                         net (fo=20, routed)          0.574    43.870    clipper_cdf_inst/cdf_wr_data_reg[7]_i_100_0[5]
    SLICE_X102Y114       LUT3 (Prop_lut3_I0_O)        0.249    44.119 r  clipper_cdf_inst/cdf_wr_data[5]_i_23/O
                         net (fo=1, routed)           0.000    44.119    clipper_cdf_inst/cdf_wr_data[5]_i_23_n_0
    SLICE_X102Y114       CARRY4 (Prop_carry4_S[1]_CO[3])
                                                      0.402    44.521 r  clipper_cdf_inst/cdf_wr_data_reg[5]_i_16/CO[3]
                         net (fo=1, routed)           0.000    44.521    clipper_cdf_inst/cdf_wr_data_reg[5]_i_16_n_0
    SLICE_X102Y115       CARRY4 (Prop_carry4_CI_CO[3])
                                                      0.092    44.613 r  clipper_cdf_inst/cdf_wr_data_reg[5]_i_11/CO[3]
                         net (fo=1, routed)           0.000    44.613    clipper_cdf_inst/cdf_wr_data_reg[5]_i_11_n_0
    SLICE_X102Y116       CARRY4 (Prop_carry4_CI_CO[3])
                                                      0.092    44.705 r  clipper_cdf_inst/cdf_wr_data_reg[5]_i_6/CO[3]
                         net (fo=1, routed)           0.000    44.705    clipper_cdf_inst/cdf_wr_data_reg[5]_i_6_n_0
    SLICE_X102Y117       CARRY4 (Prop_carry4_CI_CO[3])
                                                      0.092    44.797 r  clipper_cdf_inst/cdf_wr_data_reg[5]_i_3/CO[3]
                         net (fo=1, routed)           0.000    44.797    clipper_cdf_inst/cdf_wr_data_reg[5]_i_3_n_0
    SLICE_X102Y118       CARRY4 (Prop_carry4_CI_CO[1])
                                                      0.119    44.916 r  clipper_cdf_inst/cdf_wr_data_reg[5]_i_2/CO[1]
                         net (fo=20, routed)          0.471    45.386    clipper_cdf_inst/cdf_wr_data_reg[7]_i_100_0[4]
    SLICE_X107Y118       LUT3 (Prop_lut3_I0_O)        0.251    45.637 r  clipper_cdf_inst/cdf_wr_data[5]_i_1/O
                         net (fo=1, routed)           0.000    45.637    clipper_cdf_inst/norm_saturated[5]
    SLICE_X107Y118       FDCE                                         r  clipper_cdf_inst/cdf_wr_data_reg[5]/D
  -------------------------------------------------------------------    -------------------

                         (clock pclk rise edge)      13.500    13.500 r  
    U7                                                0.000    13.500 r  pclk (IN)
                         net (fo=0)                   0.000    13.500    pclk
    U7                   IBUF (Prop_ibuf_I_O)         0.776    14.276 r  pclk_IBUF_inst/O
                         net (fo=1, routed)           1.484    15.759    pclk_IBUF
    BUFGCTRL_X0Y0        BUFG (Prop_bufg_I_O)         0.072    15.831 r  pclk_IBUF_BUFG_inst/O
                         net (fo=647, routed)         1.409    17.241    clipper_cdf_inst/pclk_IBUF_BUFG
    SLICE_X107Y118       FDCE                                         r  clipper_cdf_inst/cdf_wr_data_reg[5]/C
                         clock pessimism              0.302    17.543    
                         clock uncertainty           -0.035    17.508    
    SLICE_X107Y118       FDCE (Setup_fdce_C_D)        0.032    17.540    clipper_cdf_inst/cdf_wr_data_reg[5]
  -------------------------------------------------------------------
                         required time                         17.540    
                         arrival time                         -45.637    
  -------------------------------------------------------------------
                         slack                                -28.098    

Slack (VIOLATED) :        -26.426ns  (required time - arrival time)
  Source:                 clipper_cdf_inst/cdf_range_reg[1]/C
                            (rising edge-triggered cell FDCE clocked by pclk  {rise@0.000ns fall@6.750ns period=13.500ns})
  Destination:            clipper_cdf_inst/cdf_wr_data_reg[6]/D
                            (rising edge-triggered cell FDCE clocked by pclk  {rise@0.000ns fall@6.750ns period=13.500ns})
  Path Group:             pclk
  Path Type:              Setup (Max at Slow Process Corner)
  Requirement:            13.500ns  (pclk rise@13.500ns - pclk rise@0.000ns)
  Data Path Delay:        39.920ns  (logic 27.296ns (68.377%)  route 12.624ns (31.623%))
  Logic Levels:           153  (CARRY4=127 LUT1=1 LUT2=6 LUT3=19)
  Clock Path Skew:        -0.001ns (DCD - SCD + CPR)
    Destination Clock Delay (DCD):    3.741ns = ( 17.241 - 13.500 ) 
    Source Clock Delay      (SCD):    4.044ns
    Clock Pessimism Removal (CPR):    0.302ns
  Clock Uncertainty:      0.035ns  ((TSJ^2 + TIJ^2)^1/2 + DJ) / 2 + PE
    Total System Jitter     (TSJ):    0.071ns
    Total Input Jitter      (TIJ):    0.000ns
    Discrete Jitter          (DJ):    0.000ns
    Phase Error              (PE):    0.000ns

    Location             Delay type                Incr(ns)  Path(ns)    Netlist Resource(s)
  -------------------------------------------------------------------    -------------------
                         (clock pclk rise edge)       0.000     0.000 r  
    U7                                                0.000     0.000 r  pclk (IN)
                         net (fo=0)                   0.000     0.000    pclk
    U7                   IBUF (Prop_ibuf_I_O)         0.908     0.908 r  pclk_IBUF_inst/O
                         net (fo=1, routed)           1.636     2.544    pclk_IBUF
    BUFGCTRL_X0Y0        BUFG (Prop_bufg_I_O)         0.079     2.623 r  pclk_IBUF_BUFG_inst/O
                         net (fo=647, routed)         1.421     4.044    clipper_cdf_inst/pclk_IBUF_BUFG
    SLICE_X109Y51        FDCE                                         r  clipper_cdf_inst/cdf_range_reg[1]/C
  -------------------------------------------------------------------    -------------------
    SLICE_X109Y51        FDCE (Prop_fdce_C_Q)         0.341     4.385 f  clipper_cdf_inst/cdf_range_reg[1]/Q
                         net (fo=34, routed)          0.322     4.707    clipper_cdf_inst/cdf_range[1]
    SLICE_X108Y52        LUT1 (Prop_lut1_I0_O)        0.097     4.804 r  clipper_cdf_inst/cdf_wr_data[7]_i_554/O
                         net (fo=1, routed)           0.000     4.804    clipper_cdf_inst/cdf_wr_data[7]_i_554_n_0
    SLICE_X108Y52        CARRY4 (Prop_carry4_S[1]_CO[3])
                                                      0.402     5.206 r  clipper_cdf_inst/cdf_wr_data_reg[7]_i_450/CO[3]
                         net (fo=1, routed)           0.000     5.206    clipper_cdf_inst/cdf_wr_data_reg[7]_i_450_n_0
    SLICE_X108Y53        CARRY4 (Prop_carry4_CI_CO[3])
                                                      0.092     5.298 r  clipper_cdf_inst/cdf_wr_data_reg[7]_i_339/CO[3]
                         net (fo=1, routed)           0.000     5.298    clipper_cdf_inst/cdf_wr_data_reg[7]_i_339_n_0
    SLICE_X108Y54        CARRY4 (Prop_carry4_CI_CO[3])
                                                      0.092     5.390 r  clipper_cdf_inst/cdf_wr_data_reg[7]_i_206/CO[3]
                         net (fo=1, routed)           0.000     5.390    clipper_cdf_inst/cdf_wr_data_reg[7]_i_206_n_0
    SLICE_X108Y55        CARRY4 (Prop_carry4_CI_CO[3])
                                                      0.092     5.482 r  clipper_cdf_inst/cdf_wr_data_reg[7]_i_100/CO[3]
                         net (fo=1, routed)           0.000     5.482    clipper_cdf_inst/cdf_wr_data_reg[7]_i_100_n_0
    SLICE_X108Y56        CARRY4 (Prop_carry4_CI_CO[0])
                                                      0.184     5.666 r  clipper_cdf_inst/cdf_wr_data_reg[7]_i_41/CO[0]
                         net (fo=21, routed)          0.731     6.396    clipper_cdf_inst/cdf_wr_data_reg[7]_i_100_0[30]
    SLICE_X107Y52        LUT3 (Prop_lut3_I0_O)        0.262     6.658 r  clipper_cdf_inst/cdf_wr_data[7]_i_453/O
                         net (fo=1, routed)           0.000     6.658    clipper_cdf_inst/cdf_wr_data[7]_i_453_n_0
    SLICE_X107Y52        CARRY4 (Prop_carry4_S[1]_CO[3])
                                                      0.412     7.070 r  clipper_cdf_inst/cdf_wr_data_reg[7]_i_334/CO[3]
                         net (fo=1, routed)           0.000     7.070    clipper_cdf_inst/cdf_wr_data_reg[7]_i_334_n_0
    SLICE_X107Y53        CARRY4 (Prop_carry4_CI_CO[3])
                                                      0.089     7.159 r  clipper_cdf_inst/cdf_wr_data_reg[7]_i_201/CO[3]
                         net (fo=1, routed)           0.000     7.159    clipper_cdf_inst/cdf_wr_data_reg[7]_i_201_n_0
    SLICE_X107Y54        CARRY4 (Prop_carry4_CI_CO[3])
                                                      0.089     7.248 r  clipper_cdf_inst/cdf_wr_data_reg[7]_i_95/CO[3]
                         net (fo=1, routed)           0.000     7.248    clipper_cdf_inst/cdf_wr_data_reg[7]_i_95_n_0
    SLICE_X107Y55        CARRY4 (Prop_carry4_CI_CO[1])
                                                      0.120     7.368 r  clipper_cdf_inst/cdf_wr_data_reg[7]_i_42/CO[1]
                         net (fo=21, routed)          0.585     7.953    clipper_cdf_inst/cdf_wr_data_reg[7]_i_100_0[29]
    SLICE_X106Y51        LUT2 (Prop_lut2_I1_O)        0.249     8.202 r  clipper_cdf_inst/cdf_wr_data[7]_i_539/O
                         net (fo=1, routed)           0.000     8.202    clipper_cdf_inst/cdf_wr_data[7]_i_539_n_0
    SLICE_X106Y51        CARRY4 (Prop_carry4_S[1]_CO[3])
                                                      0.412     8.614 r  clipper_cdf_inst/cdf_wr_data_reg[7]_i_435/CO[3]
                         net (fo=1, routed)           0.000     8.614    clipper_cdf_inst/cdf_wr_data_reg[7]_i_435_n_0
    SLICE_X106Y52        CARRY4 (Prop_carry4_CI_CO[3])
                                                      0.089     8.703 r  clipper_cdf_inst/cdf_wr_data_reg[7]_i_329/CO[3]
                         net (fo=1, routed)           0.000     8.703    clipper_cdf_inst/cdf_wr_data_reg[7]_i_329_n_0
    SLICE_X106Y53        CARRY4 (Prop_carry4_CI_CO[3])
                                                      0.089     8.792 r  clipper_cdf_inst/cdf_wr_data_reg[7]_i_196/CO[3]
                         net (fo=1, routed)           0.000     8.792    clipper_cdf_inst/cdf_wr_data_reg[7]_i_196_n_0
    SLICE_X106Y54        CARRY4 (Prop_carry4_CI_CO[3])
                                                      0.089     8.881 r  clipper_cdf_inst/cdf_wr_data_reg[7]_i_94/CO[3]
                         net (fo=1, routed)           0.000     8.881    clipper_cdf_inst/cdf_wr_data_reg[7]_i_94_n_0
    SLICE_X106Y55        CARRY4 (Prop_carry4_CI_CO[1])
                                                      0.120     9.001 r  clipper_cdf_inst/cdf_wr_data_reg[7]_i_39/CO[1]
                         net (fo=21, routed)          0.635     9.636    clipper_cdf_inst/cdf_wr_data_reg[7]_i_100_0[28]
    SLICE_X105Y53        LUT2 (Prop_lut2_I1_O)        0.249     9.885 r  clipper_cdf_inst/cdf_wr_data[7]_i_535/O
                         net (fo=1, routed)           0.000     9.885    clipper_cdf_inst/cdf_wr_data[7]_i_535_n_0
    SLICE_X105Y53        CARRY4 (Prop_carry4_S[1]_CO[3])
                                                      0.412    10.297 r  clipper_cdf_inst/cdf_wr_data_reg[7]_i_430/CO[3]
                         net (fo=1, routed)           0.000    10.297    clipper_cdf_inst/cdf_wr_data_reg[7]_i_430_n_0
    SLICE_X105Y54        CARRY4 (Prop_carry4_CI_CO[3])
                                                      0.089    10.386 r  clipper_cdf_inst/cdf_wr_data_reg[7]_i_319/CO[3]
                         net (fo=1, routed)           0.000    10.386    clipper_cdf_inst/cdf_wr_data_reg[7]_i_319_n_0
    SLICE_X105Y55        CARRY4 (Prop_carry4_CI_CO[3])
                                                      0.089    10.475 r  clipper_cdf_inst/cdf_wr_data_reg[7]_i_191/CO[3]
                         net (fo=1, routed)           0.000    10.475    clipper_cdf_inst/cdf_wr_data_reg[7]_i_191_n_0
    SLICE_X105Y56        CARRY4 (Prop_carry4_CI_CO[3])
                                                      0.089    10.564 r  clipper_cdf_inst/cdf_wr_data_reg[7]_i_89/CO[3]
                         net (fo=1, routed)           0.000    10.564    clipper_cdf_inst/cdf_wr_data_reg[7]_i_89_n_0
    SLICE_X105Y57        CARRY4 (Prop_carry4_CI_CO[1])
                                                      0.120    10.684 r  clipper_cdf_inst/cdf_wr_data_reg[7]_i_40/CO[1]
                         net (fo=21, routed)          0.506    11.190    clipper_cdf_inst/cdf_wr_data_reg[7]_i_100_0[27]
    SLICE_X104Y55        LUT2 (Prop_lut2_I1_O)        0.249    11.439 r  clipper_cdf_inst/cdf_wr_data[7]_i_531/O
                         net (fo=1, routed)           0.000    11.439    clipper_cdf_inst/cdf_wr_data[7]_i_531_n_0
    SLICE_X104Y55        CARRY4 (Prop_carry4_S[1]_CO[3])
                                                      0.402    11.841 r  clipper_cdf_inst/cdf_wr_data_reg[7]_i_425/CO[3]
                         net (fo=1, routed)           0.000    11.841    clipper_cdf_inst/cdf_wr_data_reg[7]_i_425_n_0
    SLICE_X104Y56        CARRY4 (Prop_carry4_CI_CO[3])
                                                      0.092    11.933 r  clipper_cdf_inst/cdf_wr_data_reg[7]_i_314/CO[3]
                         net (fo=1, routed)           0.000    11.933    clipper_cdf_inst/cdf_wr_data_reg[7]_i_314_n_0
    SLICE_X104Y57        CARRY4 (Prop_carry4_CI_CO[3])
                                                      0.092    12.025 r  clipper_cdf_inst/cdf_wr_data_reg[7]_i_181/CO[3]
                         net (fo=1, routed)           0.000    12.025    clipper_cdf_inst/cdf_wr_data_reg[7]_i_181_n_0
    SLICE_X104Y58        CARRY4 (Prop_carry4_CI_CO[3])
                                                      0.092    12.117 r  clipper_cdf_inst/cdf_wr_data_reg[7]_i_88/CO[3]
                         net (fo=1, routed)           0.000    12.117    clipper_cdf_inst/cdf_wr_data_reg[7]_i_88_n_0
    SLICE_X104Y59        CARRY4 (Prop_carry4_CI_CO[1])
                                                      0.119    12.236 r  clipper_cdf_inst/cdf_wr_data_reg[7]_i_37/CO[1]
                         net (fo=21, routed)          0.604    12.841    clipper_cdf_inst/cdf_wr_data_reg[7]_i_100_0[26]
    SLICE_X103Y57        LUT2 (Prop_lut2_I1_O)        0.251    13.092 r  clipper_cdf_inst/cdf_wr_data[7]_i_527/O
                         net (fo=1, routed)           0.000    13.092    clipper_cdf_inst/cdf_wr_data[7]_i_527_n_0
    SLICE_X103Y57        CARRY4 (Prop_carry4_S[1]_CO[3])
                                                      0.412    13.504 r  clipper_cdf_inst/cdf_wr_data_reg[7]_i_420/CO[3]
                         net (fo=1, routed)           0.000    13.504    clipper_cdf_inst/cdf_wr_data_reg[7]_i_420_n_0
    SLICE_X103Y58        CARRY4 (Prop_carry4_CI_CO[3])
                                                      0.089    13.593 r  clipper_cdf_inst/cdf_wr_data_reg[7]_i_309/CO[3]
                         net (fo=1, routed)           0.000    13.593    clipper_cdf_inst/cdf_wr_data_reg[7]_i_309_n_0
    SLICE_X103Y59        CARRY4 (Prop_carry4_CI_CO[3])
                                                      0.089    13.682 r  clipper_cdf_inst/cdf_wr_data_reg[7]_i_176/CO[3]
                         net (fo=1, routed)           0.000    13.682    clipper_cdf_inst/cdf_wr_data_reg[7]_i_176_n_0
    SLICE_X103Y60        CARRY4 (Prop_carry4_CI_CO[3])
                                                      0.089    13.771 r  clipper_cdf_inst/cdf_wr_data_reg[7]_i_82/CO[3]
                         net (fo=1, routed)           0.000    13.771    clipper_cdf_inst/cdf_wr_data_reg[7]_i_82_n_0
    SLICE_X103Y61        CARRY4 (Prop_carry4_CI_CO[1])
                                                      0.120    13.891 r  clipper_cdf_inst/cdf_wr_data_reg[7]_i_38/CO[1]
                         net (fo=21, routed)          0.477    14.368    clipper_cdf_inst/cdf_wr_data_reg[7]_i_100_0[25]
    SLICE_X102Y60        LUT2 (Prop_lut2_I1_O)        0.249    14.617 r  clipper_cdf_inst/cdf_wr_data[7]_i_523/O
                         net (fo=1, routed)           0.000    14.617    clipper_cdf_inst/cdf_wr_data[7]_i_523_n_0
    SLICE_X102Y60        CARRY4 (Prop_carry4_S[1]_CO[3])
                                                      0.402    15.019 r  clipper_cdf_inst/cdf_wr_data_reg[7]_i_419/CO[3]
                         net (fo=1, routed)           0.000    15.019    clipper_cdf_inst/cdf_wr_data_reg[7]_i_419_n_0
    SLICE_X102Y61        CARRY4 (Prop_carry4_CI_CO[3])
                                                      0.092    15.111 r  clipper_cdf_inst/cdf_wr_data_reg[7]_i_308/CO[3]
                         net (fo=1, routed)           0.000    15.111    clipper_cdf_inst/cdf_wr_data_reg[7]_i_308_n_0
    SLICE_X102Y62        CARRY4 (Prop_carry4_CI_CO[3])
                                                      0.092    15.203 r  clipper_cdf_inst/cdf_wr_data_reg[7]_i_175/CO[3]
                         net (fo=1, routed)           0.000    15.203    clipper_cdf_inst/cdf_wr_data_reg[7]_i_175_n_0
    SLICE_X102Y63        CARRY4 (Prop_carry4_CI_CO[3])
                                                      0.092    15.295 r  clipper_cdf_inst/cdf_wr_data_reg[7]_i_81/CO[3]
                         net (fo=1, routed)           0.000    15.295    clipper_cdf_inst/cdf_wr_data_reg[7]_i_81_n_0
    SLICE_X102Y64        CARRY4 (Prop_carry4_CI_CO[1])
                                                      0.119    15.414 r  clipper_cdf_inst/cdf_wr_data_reg[7]_i_35/CO[1]
                         net (fo=21, routed)          0.479    15.893    clipper_cdf_inst/cdf_wr_data_reg[7]_i_100_0[24]
    SLICE_X103Y63        LUT2 (Prop_lut2_I1_O)        0.251    16.144 r  clipper_cdf_inst/cdf_wr_data[7]_i_543/O
                         net (fo=1, routed)           0.000    16.144    clipper_cdf_inst/cdf_wr_data[7]_i_543_n_0
    SLICE_X103Y63        CARRY4 (Prop_carry4_S[1]_CO[3])
                                                      0.412    16.556 r  clipper_cdf_inst/cdf_wr_data_reg[7]_i_440/CO[3]
                         net (fo=1, routed)           0.000    16.556    clipper_cdf_inst/cdf_wr_data_reg[7]_i_440_n_0
    SLICE_X103Y64        CARRY4 (Prop_carry4_CI_CO[3])
                                                      0.089    16.645 r  clipper_cdf_inst/cdf_wr_data_reg[7]_i_324/CO[3]
                         net (fo=1, routed)           0.000    16.645    clipper_cdf_inst/cdf_wr_data_reg[7]_i_324_n_0
    SLICE_X103Y65        CARRY4 (Prop_carry4_CI_CO[3])
                                                      0.089    16.734 r  clipper_cdf_inst/cdf_wr_data_reg[7]_i_186/CO[3]
                         net (fo=1, routed)           0.000    16.734    clipper_cdf_inst/cdf_wr_data_reg[7]_i_186_n_0
    SLICE_X103Y66        CARRY4 (Prop_carry4_CI_CO[3])
                                                      0.089    16.823 r  clipper_cdf_inst/cdf_wr_data_reg[7]_i_85/CO[3]
                         net (fo=1, routed)           0.000    16.823    clipper_cdf_inst/cdf_wr_data_reg[7]_i_85_n_0
    SLICE_X103Y67        CARRY4 (Prop_carry4_CI_CO[1])
                                                      0.120    16.943 r  clipper_cdf_inst/cdf_wr_data_reg[7]_i_36/CO[1]
                         net (fo=20, routed)          0.424    17.367    clipper_cdf_inst/cdf_wr_data_reg[7]_i_100_0[23]
    SLICE_X102Y65        LUT3 (Prop_lut3_I0_O)        0.249    17.616 r  clipper_cdf_inst/cdf_wr_data[7]_i_579/O
                         net (fo=1, routed)           0.000    17.616    clipper_cdf_inst/cdf_wr_data[7]_i_579_n_0
    SLICE_X102Y65        CARRY4 (Prop_carry4_S[1]_CO[3])
                                                      0.402    18.018 r  clipper_cdf_inst/cdf_wr_data_reg[7]_i_494/CO[3]
                         net (fo=1, routed)           0.000    18.018    clipper_cdf_inst/cdf_wr_data_reg[7]_i_494_n_0
    SLICE_X102Y66        CARRY4 (Prop_carry4_CI_CO[3])
                                                      0.092    18.110 r  clipper_cdf_inst/cdf_wr_data_reg[7]_i_383/CO[3]
                         net (fo=1, routed)           0.000    18.110    clipper_cdf_inst/cdf_wr_data_reg[7]_i_383_n_0
    SLICE_X102Y67        CARRY4 (Prop_carry4_CI_CO[3])
                                                      0.092    18.202 r  clipper_cdf_inst/cdf_wr_data_reg[7]_i_250/CO[3]
                         net (fo=1, routed)           0.000    18.202    clipper_cdf_inst/cdf_wr_data_reg[7]_i_250_n_0
    SLICE_X102Y68        CARRY4 (Prop_carry4_CI_CO[3])
                                                      0.092    18.294 r  clipper_cdf_inst/cdf_wr_data_reg[7]_i_122/CO[3]
                         net (fo=1, routed)           0.000    18.294    clipper_cdf_inst/cdf_wr_data_reg[7]_i_122_n_0
    SLICE_X102Y69        CARRY4 (Prop_carry4_CI_CO[1])
                                                      0.119    18.413 r  clipper_cdf_inst/cdf_wr_data_reg[7]_i_49/CO[1]
                         net (fo=20, routed)          0.374    18.788    clipper_cdf_inst/cdf_wr_data_reg[7]_i_100_0[22]
    SLICE_X103Y68        LUT3 (Prop_lut3_I0_O)        0.251    19.039 r  clipper_cdf_inst/cdf_wr_data[7]_i_576/O
                         net (fo=1, routed)           0.000    19.039    clipper_cdf_inst/cdf_wr_data[7]_i_576_n_0
    SLICE_X103Y68        CARRY4 (Prop_carry4_S[1]_CO[3])
                                                      0.412    19.451 r  clipper_cdf_inst/cdf_wr_data_reg[7]_i_489/CO[3]
                         net (fo=1, routed)           0.000    19.451    clipper_cdf_inst/cdf_wr_data_reg[7]_i_489_n_0
    SLICE_X103Y69        CARRY4 (Prop_carry4_CI_CO[3])
                                                      0.089    19.540 r  clipper_cdf_inst/cdf_wr_data_reg[7]_i_378/CO[3]
                         net (fo=1, routed)           0.000    19.540    clipper_cdf_inst/cdf_wr_data_reg[7]_i_378_n_0
    SLICE_X103Y70        CARRY4 (Prop_carry4_CI_CO[3])
                                                      0.089    19.629 r  clipper_cdf_inst/cdf_wr_data_reg[7]_i_245/CO[3]
                         net (fo=1, routed)           0.000    19.629    clipper_cdf_inst/cdf_wr_data_reg[7]_i_245_n_0
    SLICE_X103Y71        CARRY4 (Prop_carry4_CI_CO[3])
                                                      0.089    19.718 r  clipper_cdf_inst/cdf_wr_data_reg[7]_i_117/CO[3]
                         net (fo=1, routed)           0.000    19.718    clipper_cdf_inst/cdf_wr_data_reg[7]_i_117_n_0
    SLICE_X103Y72        CARRY4 (Prop_carry4_CI_CO[1])
                                                      0.120    19.838 r  clipper_cdf_inst/cdf_wr_data_reg[7]_i_50/CO[1]
                         net (fo=20, routed)          0.413    20.250    clipper_cdf_inst/cdf_wr_data_reg[7]_i_100_0[21]
    SLICE_X102Y71        LUT3 (Prop_lut3_I0_O)        0.249    20.499 r  clipper_cdf_inst/cdf_wr_data[7]_i_570/O
                         net (fo=1, routed)           0.000    20.499    clipper_cdf_inst/cdf_wr_data[7]_i_570_n_0
    SLICE_X102Y71        CARRY4 (Prop_carry4_S[1]_CO[3])
                                                      0.402    20.901 r  clipper_cdf_inst/cdf_wr_data_reg[7]_i_479/CO[3]
                         net (fo=1, routed)           0.000    20.901    clipper_cdf_inst/cdf_wr_data_reg[7]_i_479_n_0
    SLICE_X102Y72        CARRY4 (Prop_carry4_CI_CO[3])
                                                      0.092    20.993 r  clipper_cdf_inst/cdf_wr_data_reg[7]_i_373/CO[3]
                         net (fo=1, routed)           0.000    20.993    clipper_cdf_inst/cdf_wr_data_reg[7]_i_373_n_0
    SLICE_X102Y73        CARRY4 (Prop_carry4_CI_CO[3])
                                                      0.092    21.085 r  clipper_cdf_inst/cdf_wr_data_reg[7]_i_240/CO[3]
                         net (fo=1, routed)           0.000    21.085    clipper_cdf_inst/cdf_wr_data_reg[7]_i_240_n_0
    SLICE_X102Y74        CARRY4 (Prop_carry4_CI_CO[3])
                                                      0.092    21.177 r  clipper_cdf_inst/cdf_wr_data_reg[7]_i_116/CO[3]
                         net (fo=1, routed)           0.007    21.185    clipper_cdf_inst/cdf_wr_data_reg[7]_i_116_n_0
    SLICE_X102Y75        CARRY4 (Prop_carry4_CI_CO[1])
                                                      0.119    21.304 r  clipper_cdf_inst/cdf_wr_data_reg[7]_i_47/CO[1]
                         net (fo=20, routed)          0.413    21.717    clipper_cdf_inst/cdf_wr_data_reg[7]_i_100_0[20]
    SLICE_X103Y74        LUT3 (Prop_lut3_I0_O)        0.251    21.968 r  clipper_cdf_inst/cdf_wr_data[7]_i_567/O
                         net (fo=1, routed)           0.000    21.968    clipper_cdf_inst/cdf_wr_data[7]_i_567_n_0
    SLICE_X103Y74        CARRY4 (Prop_carry4_S[1]_CO[3])
                                                      0.412    22.380 r  clipper_cdf_inst/cdf_wr_data_reg[7]_i_474/CO[3]
                         net (fo=1, routed)           0.007    22.387    clipper_cdf_inst/cdf_wr_data_reg[7]_i_474_n_0
    SLICE_X103Y75        CARRY4 (Prop_carry4_CI_CO[3])
                                                      0.089    22.476 r  clipper_cdf_inst/cdf_wr_data_reg[7]_i_363/CO[3]
                         net (fo=1, routed)           0.000    22.476    clipper_cdf_inst/cdf_wr_data_reg[7]_i_363_n_0
    SLICE_X103Y76        CARRY4 (Prop_carry4_CI_CO[3])
                                                      0.089    22.565 r  clipper_cdf_inst/cdf_wr_data_reg[7]_i_235/CO[3]
                         net (fo=1, routed)           0.000    22.565    clipper_cdf_inst/cdf_wr_data_reg[7]_i_235_n_0
    SLICE_X103Y77        CARRY4 (Prop_carry4_CI_CO[3])
                                                      0.089    22.654 r  clipper_cdf_inst/cdf_wr_data_reg[7]_i_111/CO[3]
                         net (fo=1, routed)           0.000    22.654    clipper_cdf_inst/cdf_wr_data_reg[7]_i_111_n_0
    SLICE_X103Y78        CARRY4 (Prop_carry4_CI_CO[1])
                                                      0.120    22.774 r  clipper_cdf_inst/cdf_wr_data_reg[7]_i_48/CO[1]
                         net (fo=20, routed)          0.544    23.319    clipper_cdf_inst/cdf_wr_data_reg[7]_i_100_0[19]
    SLICE_X102Y78        LUT3 (Prop_lut3_I0_O)        0.249    23.568 r  clipper_cdf_inst/cdf_wr_data[7]_i_477/O
                         net (fo=1, routed)           0.000    23.568    clipper_cdf_inst/cdf_wr_data[7]_i_477_n_0
    SLICE_X102Y78        CARRY4 (Prop_carry4_S[1]_CO[3])
                                                      0.402    23.970 r  clipper_cdf_inst/cdf_wr_data_reg[7]_i_358/CO[3]
                         net (fo=1, routed)           0.000    23.970    clipper_cdf_inst/cdf_wr_data_reg[7]_i_358_n_0
    SLICE_X102Y79        CARRY4 (Prop_carry4_CI_CO[3])
                                                      0.092    24.062 r  clipper_cdf_inst/cdf_wr_data_reg[7]_i_225/CO[3]
                         net (fo=1, routed)           0.000    24.062    clipper_cdf_inst/cdf_wr_data_reg[7]_i_225_n_0
    SLICE_X102Y80        CARRY4 (Prop_carry4_CI_CO[3])
                                                      0.092    24.154 r  clipper_cdf_inst/cdf_wr_data_reg[7]_i_110/CO[3]
                         net (fo=1, routed)           0.000    24.154    clipper_cdf_inst/cdf_wr_data_reg[7]_i_110_n_0
    SLICE_X102Y81        CARRY4 (Prop_carry4_CI_CO[1])
                                                      0.119    24.273 r  clipper_cdf_inst/cdf_wr_data_reg[7]_i_45/CO[1]
                         net (fo=20, routed)          0.403    24.675    clipper_cdf_inst/cdf_wr_data_reg[7]_i_100_0[18]
    SLICE_X104Y80        LUT3 (Prop_lut3_I0_O)        0.251    24.926 r  clipper_cdf_inst/cdf_wr_data[7]_i_561/O
                         net (fo=1, routed)           0.000    24.926    clipper_cdf_inst/cdf_wr_data[7]_i_561_n_0
    SLICE_X104Y80        CARRY4 (Prop_carry4_S[1]_CO[3])
                                                      0.402    25.328 r  clipper_cdf_inst/cdf_wr_data_reg[7]_i_464/CO[3]
                         net (fo=1, routed)           0.000    25.328    clipper_cdf_inst/cdf_wr_data_reg[7]_i_464_n_0
    SLICE_X104Y81        CARRY4 (Prop_carry4_CI_CO[3])
                                                      0.092    25.420 r  clipper_cdf_inst/cdf_wr_data_reg[7]_i_353/CO[3]
                         net (fo=1, routed)           0.000    25.420    clipper_cdf_inst/cdf_wr_data_reg[7]_i_353_n_0
    SLICE_X104Y82        CARRY4 (Prop_carry4_CI_CO[3])
                                                      0.092    25.512 r  clipper_cdf_inst/cdf_wr_data_reg[7]_i_220/CO[3]
                         net (fo=1, routed)           0.000    25.512    clipper_cdf_inst/cdf_wr_data_reg[7]_i_220_n_0
    SLICE_X104Y83        CARRY4 (Prop_carry4_CI_CO[3])
                                                      0.092    25.604 r  clipper_cdf_inst/cdf_wr_data_reg[7]_i_104/CO[3]
                         net (fo=1, routed)           0.000    25.604    clipper_cdf_inst/cdf_wr_data_reg[7]_i_104_n_0
    SLICE_X104Y84        CARRY4 (Prop_carry4_CI_CO[1])
                                                      0.119    25.723 r  clipper_cdf_inst/cdf_wr_data_reg[7]_i_46/CO[1]
                         net (fo=20, routed)          0.441    26.165    clipper_cdf_inst/cdf_wr_data_reg[7]_i_100_0[17]
    SLICE_X103Y83        LUT3 (Prop_lut3_I0_O)        0.251    26.416 r  clipper_cdf_inst/cdf_wr_data[7]_i_558/O
                         net (fo=1, routed)           0.000    26.416    clipper_cdf_inst/cdf_wr_data[7]_i_558_n_0
    SLICE_X103Y83        CARRY4 (Prop_carry4_S[1]_CO[3])
                                                      0.412    26.828 r  clipper_cdf_inst/cdf_wr_data_reg[7]_i_463/CO[3]
                         net (fo=1, routed)           0.000    26.828    clipper_cdf_inst/cdf_wr_data_reg[7]_i_463_n_0
    SLICE_X103Y84        CARRY4 (Prop_carry4_CI_CO[3])
                                                      0.089    26.917 r  clipper_cdf_inst/cdf_wr_data_reg[7]_i_352/CO[3]
                         net (fo=1, routed)           0.000    26.917    clipper_cdf_inst/cdf_wr_data_reg[7]_i_352_n_0
    SLICE_X103Y85        CARRY4 (Prop_carry4_CI_CO[3])
                                                      0.089    27.006 r  clipper_cdf_inst/cdf_wr_data_reg[7]_i_219/CO[3]
                         net (fo=1, routed)           0.000    27.006    clipper_cdf_inst/cdf_wr_data_reg[7]_i_219_n_0
    SLICE_X103Y86        CARRY4 (Prop_carry4_CI_CO[3])
                                                      0.089    27.095 r  clipper_cdf_inst/cdf_wr_data_reg[7]_i_103/CO[3]
                         net (fo=1, routed)           0.000    27.095    clipper_cdf_inst/cdf_wr_data_reg[7]_i_103_n_0
    SLICE_X103Y87        CARRY4 (Prop_carry4_CI_CO[1])
                                                      0.120    27.215 r  clipper_cdf_inst/cdf_wr_data_reg[7]_i_43/CO[1]
                         net (fo=20, routed)          0.444    27.658    clipper_cdf_inst/cdf_wr_data_reg[7]_i_100_0[16]
    SLICE_X102Y85        LUT3 (Prop_lut3_I0_O)        0.249    27.907 r  clipper_cdf_inst/cdf_wr_data[7]_i_573/O
                         net (fo=1, routed)           0.000    27.907    clipper_cdf_inst/cdf_wr_data[7]_i_573_n_0
    SLICE_X102Y85        CARRY4 (Prop_carry4_S[1]_CO[3])
                                                      0.402    28.309 r  clipper_cdf_inst/cdf_wr_data_reg[7]_i_484/CO[3]
                         net (fo=1, routed)           0.000    28.309    clipper_cdf_inst/cdf_wr_data_reg[7]_i_484_n_0
    SLICE_X102Y86        CARRY4 (Prop_carry4_CI_CO[3])
                                                      0.092    28.401 r  clipper_cdf_inst/cdf_wr_data_reg[7]_i_368/CO[3]
                         net (fo=1, routed)           0.000    28.401    clipper_cdf_inst/cdf_wr_data_reg[7]_i_368_n_0
    SLICE_X102Y87        CARRY4 (Prop_carry4_CI_CO[3])
                                                      0.092    28.493 r  clipper_cdf_inst/cdf_wr_data_reg[7]_i_230/CO[3]
                         net (fo=1, routed)           0.000    28.493    clipper_cdf_inst/cdf_wr_data_reg[7]_i_230_n_0
    SLICE_X102Y88        CARRY4 (Prop_carry4_CI_CO[3])
                                                      0.092    28.585 r  clipper_cdf_inst/cdf_wr_data_reg[7]_i_107/CO[3]
                         net (fo=1, routed)           0.000    28.585    clipper_cdf_inst/cdf_wr_data_reg[7]_i_107_n_0
    SLICE_X102Y89        CARRY4 (Prop_carry4_CI_CO[1])
                                                      0.119    28.704 r  clipper_cdf_inst/cdf_wr_data_reg[7]_i_44/CO[1]
                         net (fo=20, routed)          0.399    29.104    clipper_cdf_inst/cdf_wr_data_reg[7]_i_100_0[15]
    SLICE_X103Y88        LUT3 (Prop_lut3_I0_O)        0.251    29.355 r  clipper_cdf_inst/cdf_wr_data[7]_i_585/O
                         net (fo=1, routed)           0.000    29.355    clipper_cdf_inst/cdf_wr_data[7]_i_585_n_0
    SLICE_X103Y88        CARRY4 (Prop_carry4_S[1]_CO[3])
                                                      0.412    29.767 r  clipper_cdf_inst/cdf_wr_data_reg[7]_i_508/CO[3]
                         net (fo=1, routed)           0.000    29.767    clipper_cdf_inst/cdf_wr_data_reg[7]_i_508_n_0
    SLICE_X103Y89        CARRY4 (Prop_carry4_CI_CO[3])
                                                      0.089    29.856 r  clipper_cdf_inst/cdf_wr_data_reg[7]_i_398/CO[3]
                         net (fo=1, routed)           0.000    29.856    clipper_cdf_inst/cdf_wr_data_reg[7]_i_398_n_0
    SLICE_X103Y90        CARRY4 (Prop_carry4_CI_CO[3])
                                                      0.089    29.945 r  clipper_cdf_inst/cdf_wr_data_reg[7]_i_265/CO[3]
                         net (fo=1, routed)           0.000    29.945    clipper_cdf_inst/cdf_wr_data_reg[7]_i_265_n_0
    SLICE_X103Y91        CARRY4 (Prop_carry4_CI_CO[3])
                                                      0.089    30.034 r  clipper_cdf_inst/cdf_wr_data_reg[7]_i_134/CO[3]
                         net (fo=1, routed)           0.000    30.034    clipper_cdf_inst/cdf_wr_data_reg[7]_i_134_n_0
    SLICE_X103Y92        CARRY4 (Prop_carry4_CI_CO[1])
                                                      0.120    30.154 r  clipper_cdf_inst/cdf_wr_data_reg[7]_i_53/CO[1]
                         net (fo=20, routed)          0.425    30.579    clipper_cdf_inst/cdf_wr_data_reg[7]_i_100_0[14]
    SLICE_X102Y91        LUT3 (Prop_lut3_I0_O)        0.249    30.828 r  clipper_cdf_inst/cdf_wr_data[7]_i_582/O
                         net (fo=1, routed)           0.000    30.828    clipper_cdf_inst/cdf_wr_data[7]_i_582_n_0
    SLICE_X102Y91        CARRY4 (Prop_carry4_S[1]_CO[3])
                                                      0.402    31.230 r  clipper_cdf_inst/cdf_wr_data_reg[7]_i_503/CO[3]
                         net (fo=1, routed)           0.000    31.230    clipper_cdf_inst/cdf_wr_data_reg[7]_i_503_n_0
    SLICE_X102Y92        CARRY4 (Prop_carry4_CI_CO[3])
                                                      0.092    31.322 r  clipper_cdf_inst/cdf_wr_data_reg[7]_i_393/CO[3]
                         net (fo=1, routed)           0.000    31.322    clipper_cdf_inst/cdf_wr_data_reg[7]_i_393_n_0
    SLICE_X102Y93        CARRY4 (Prop_carry4_CI_CO[3])
                                                      0.092    31.414 r  clipper_cdf_inst/cdf_wr_data_reg[7]_i_260/CO[3]
                         net (fo=1, routed)           0.000    31.414    clipper_cdf_inst/cdf_wr_data_reg[7]_i_260_n_0
    SLICE_X102Y94        CARRY4 (Prop_carry4_CI_CO[3])
                                                      0.092    31.506 r  clipper_cdf_inst/cdf_wr_data_reg[7]_i_128/CO[3]
                         net (fo=1, routed)           0.000    31.506    clipper_cdf_inst/cdf_wr_data_reg[7]_i_128_n_0
    SLICE_X102Y95        CARRY4 (Prop_carry4_CI_CO[1])
                                                      0.119    31.625 r  clipper_cdf_inst/cdf_wr_data_reg[7]_i_54/CO[1]
                         net (fo=20, routed)          0.374    31.999    clipper_cdf_inst/cdf_wr_data_reg[7]_i_100_0[13]
    SLICE_X103Y94        LUT3 (Prop_lut3_I0_O)        0.251    32.250 r  clipper_cdf_inst/cdf_wr_data[7]_i_519/O
                         net (fo=1, routed)           0.000    32.250    clipper_cdf_inst/cdf_wr_data[7]_i_519_n_0
    SLICE_X103Y94        CARRY4 (Prop_carry4_S[1]_CO[3])
                                                      0.412    32.662 r  clipper_cdf_inst/cdf_wr_data_reg[7]_i_411/CO[3]
                         net (fo=1, routed)           0.000    32.662    clipper_cdf_inst/cdf_wr_data_reg[7]_i_411_n_0
    SLICE_X103Y95        CARRY4 (Prop_carry4_CI_CO[3])
                                                      0.089    32.751 r  clipper_cdf_inst/cdf_wr_data_reg[7]_i_392/CO[3]
                         net (fo=1, routed)           0.000    32.751    clipper_cdf_inst/cdf_wr_data_reg[7]_i_392_n_0
    SLICE_X103Y96        CARRY4 (Prop_carry4_CI_CO[3])
                                                      0.089    32.840 r  clipper_cdf_inst/cdf_wr_data_reg[7]_i_259/CO[3]
                         net (fo=1, routed)           0.000    32.840    clipper_cdf_inst/cdf_wr_data_reg[7]_i_259_n_0
    SLICE_X103Y97        CARRY4 (Prop_carry4_CI_CO[3])
                                                      0.089    32.929 r  clipper_cdf_inst/cdf_wr_data_reg[7]_i_127/CO[3]
                         net (fo=1, routed)           0.000    32.929    clipper_cdf_inst/cdf_wr_data_reg[7]_i_127_n_0
    SLICE_X103Y98        CARRY4 (Prop_carry4_CI_CO[1])
                                                      0.120    33.049 r  clipper_cdf_inst/cdf_wr_data_reg[7]_i_51/CO[1]
                         net (fo=20, routed)          0.415    33.465    clipper_cdf_inst/cdf_wr_data_reg[7]_i_100_0[12]
    SLICE_X104Y97        LUT3 (Prop_lut3_I0_O)        0.249    33.714 r  clipper_cdf_inst/cdf_wr_data[7]_i_418/O
                         net (fo=1, routed)           0.000    33.714    clipper_cdf_inst/cdf_wr_data[7]_i_418_n_0
    SLICE_X104Y97        CARRY4 (Prop_carry4_S[1]_CO[3])
                                                      0.402    34.116 r  clipper_cdf_inst/cdf_wr_data_reg[7]_i_300/CO[3]
                         net (fo=1, routed)           0.000    34.116    clipper_cdf_inst/cdf_wr_data_reg[7]_i_300_n_0
    SLICE_X104Y98        CARRY4 (Prop_carry4_CI_CO[3])
                                                      0.092    34.208 r  clipper_cdf_inst/cdf_wr_data_reg[7]_i_295/CO[3]
                         net (fo=1, routed)           0.000    34.208    clipper_cdf_inst/cdf_wr_data_reg[7]_i_295_n_0
    SLICE_X104Y99        CARRY4 (Prop_carry4_CI_CO[3])
                                                      0.092    34.300 r  clipper_cdf_inst/cdf_wr_data_reg[7]_i_270/CO[3]
                         net (fo=1, routed)           0.001    34.300    clipper_cdf_inst/cdf_wr_data_reg[7]_i_270_n_0
    SLICE_X104Y100       CARRY4 (Prop_carry4_CI_CO[3])
                                                      0.092    34.392 r  clipper_cdf_inst/cdf_wr_data_reg[7]_i_131/CO[3]
                         net (fo=1, routed)           0.000    34.392    clipper_cdf_inst/cdf_wr_data_reg[7]_i_131_n_0
    SLICE_X104Y101       CARRY4 (Prop_carry4_CI_CO[1])
                                                      0.119    34.511 r  clipper_cdf_inst/cdf_wr_data_reg[7]_i_52/CO[1]
                         net (fo=20, routed)          0.391    34.902    clipper_cdf_inst/cdf_wr_data_reg[7]_i_100_0[11]
    SLICE_X103Y100       LUT3 (Prop_lut3_I0_O)        0.251    35.153 r  clipper_cdf_inst/cdf_wr_data[7]_i_307/O
                         net (fo=1, routed)           0.000    35.153    clipper_cdf_inst/cdf_wr_data[7]_i_307_n_0
    SLICE_X103Y100       CARRY4 (Prop_carry4_S[1]_CO[3])
                                                      0.412    35.565 r  clipper_cdf_inst/cdf_wr_data_reg[7]_i_170/CO[3]
                         net (fo=1, routed)           0.000    35.565    clipper_cdf_inst/cdf_wr_data_reg[7]_i_170_n_0
    SLICE_X103Y101       CARRY4 (Prop_carry4_CI_CO[3])
                                                      0.089    35.654 r  clipper_cdf_inst/cdf_wr_data_reg[7]_i_165/CO[3]
                         net (fo=1, routed)           0.000    35.654    clipper_cdf_inst/cdf_wr_data_reg[7]_i_165_n_0
    SLICE_X103Y102       CARRY4 (Prop_carry4_CI_CO[3])
                                                      0.089    35.743 r  clipper_cdf_inst/cdf_wr_data_reg[7]_i_160/CO[3]
                         net (fo=1, routed)           0.000    35.743    clipper_cdf_inst/cdf_wr_data_reg[7]_i_160_n_0
    SLICE_X103Y103       CARRY4 (Prop_carry4_CI_CO[3])
                                                      0.089    35.832 r  clipper_cdf_inst/cdf_wr_data_reg[7]_i_139/CO[3]
                         net (fo=1, routed)           0.000    35.832    clipper_cdf_inst/cdf_wr_data_reg[7]_i_139_n_0
    SLICE_X103Y104       CARRY4 (Prop_carry4_CI_CO[1])
                                                      0.120    35.952 r  clipper_cdf_inst/cdf_wr_data_reg[7]_i_55/CO[1]
                         net (fo=20, routed)          0.403    36.355    clipper_cdf_inst/cdf_wr_data_reg[7]_i_100_0[10]
    SLICE_X104Y103       LUT3 (Prop_lut3_I0_O)        0.249    36.604 r  clipper_cdf_inst/cdf_wr_data[7]_i_294/O
                         net (fo=1, routed)           0.000    36.604    clipper_cdf_inst/cdf_wr_data[7]_i_294_n_0
    SLICE_X104Y103       CARRY4 (Prop_carry4_S[1]_CO[3])
                                                      0.402    37.006 r  clipper_cdf_inst/cdf_wr_data_reg[7]_i_155/CO[3]
                         net (fo=1, routed)           0.000    37.006    clipper_cdf_inst/cdf_wr_data_reg[7]_i_155_n_0
    SLICE_X104Y104       CARRY4 (Prop_carry4_CI_CO[3])
                                                      0.092    37.098 r  clipper_cdf_inst/cdf_wr_data_reg[7]_i_76/CO[3]
                         net (fo=1, routed)           0.000    37.098    clipper_cdf_inst/cdf_wr_data_reg[7]_i_76_n_0
    SLICE_X104Y105       CARRY4 (Prop_carry4_CI_CO[3])
                                                      0.092    37.190 r  clipper_cdf_inst/cdf_wr_data_reg[7]_i_71/CO[3]
                         net (fo=1, routed)           0.000    37.190    clipper_cdf_inst/cdf_wr_data_reg[7]_i_71_n_0
    SLICE_X104Y106       CARRY4 (Prop_carry4_CI_CO[3])
                                                      0.092    37.282 r  clipper_cdf_inst/cdf_wr_data_reg[7]_i_68/CO[3]
                         net (fo=1, routed)           0.000    37.282    clipper_cdf_inst/cdf_wr_data_reg[7]_i_68_n_0
    SLICE_X104Y107       CARRY4 (Prop_carry4_CI_CO[1])
                                                      0.119    37.401 r  clipper_cdf_inst/cdf_wr_data_reg[7]_i_56/CO[1]
                         net (fo=20, routed)          0.506    37.906    clipper_cdf_inst/cdf_wr_data_reg[7]_i_100_0[9]
    SLICE_X102Y105       LUT3 (Prop_lut3_I0_O)        0.251    38.157 r  clipper_cdf_inst/cdf_wr_data[7]_i_291/O
                         net (fo=1, routed)           0.000    38.157    clipper_cdf_inst/cdf_wr_data[7]_i_291_n_0
    SLICE_X102Y105       CARRY4 (Prop_carry4_S[1]_CO[3])
                                                      0.402    38.559 r  clipper_cdf_inst/cdf_wr_data_reg[7]_i_150/CO[3]
                         net (fo=1, routed)           0.000    38.559    clipper_cdf_inst/cdf_wr_data_reg[7]_i_150_n_0
    SLICE_X102Y106       CARRY4 (Prop_carry4_CI_CO[3])
                                                      0.092    38.651 r  clipper_cdf_inst/cdf_wr_data_reg[7]_i_63/CO[3]
                         net (fo=1, routed)           0.000    38.651    clipper_cdf_inst/cdf_wr_data_reg[7]_i_63_n_0
    SLICE_X102Y107       CARRY4 (Prop_carry4_CI_CO[3])
                                                      0.092    38.743 r  clipper_cdf_inst/cdf_wr_data_reg[7]_i_30/CO[3]
                         net (fo=1, routed)           0.000    38.743    clipper_cdf_inst/cdf_wr_data_reg[7]_i_30_n_0
    SLICE_X102Y108       CARRY4 (Prop_carry4_CI_CO[3])
                                                      0.092    38.835 r  clipper_cdf_inst/cdf_wr_data_reg[7]_i_27/CO[3]
                         net (fo=1, routed)           0.000    38.835    clipper_cdf_inst/cdf_wr_data_reg[7]_i_27_n_0
    SLICE_X102Y109       CARRY4 (Prop_carry4_CI_CO[1])
                                                      0.119    38.954 r  clipper_cdf_inst/cdf_wr_data_reg[7]_i_26/CO[1]
                         net (fo=20, routed)          0.387    39.341    clipper_cdf_inst/cdf_wr_data_reg[7]_i_100_0[8]
    SLICE_X103Y108       LUT3 (Prop_lut3_I0_O)        0.251    39.592 r  clipper_cdf_inst/cdf_wr_data[7]_i_288/O
                         net (fo=1, routed)           0.000    39.592    clipper_cdf_inst/cdf_wr_data[7]_i_288_n_0
    SLICE_X103Y108       CARRY4 (Prop_carry4_S[1]_CO[3])
                                                      0.412    40.004 r  clipper_cdf_inst/cdf_wr_data_reg[7]_i_145/CO[3]
                         net (fo=1, routed)           0.000    40.004    clipper_cdf_inst/cdf_wr_data_reg[7]_i_145_n_0
    SLICE_X103Y109       CARRY4 (Prop_carry4_CI_CO[3])
                                                      0.089    40.093 r  clipper_cdf_inst/cdf_wr_data_reg[7]_i_58/CO[3]
                         net (fo=1, routed)           0.000    40.093    clipper_cdf_inst/cdf_wr_data_reg[7]_i_58_n_0
    SLICE_X103Y110       CARRY4 (Prop_carry4_CI_CO[3])
                                                      0.089    40.182 r  clipper_cdf_inst/cdf_wr_data_reg[7]_i_21/CO[3]
                         net (fo=1, routed)           0.000    40.182    clipper_cdf_inst/cdf_wr_data_reg[7]_i_21_n_0
    SLICE_X103Y111       CARRY4 (Prop_carry4_CI_CO[3])
                                                      0.089    40.271 r  clipper_cdf_inst/cdf_wr_data_reg[7]_i_10/CO[3]
                         net (fo=1, routed)           0.000    40.271    clipper_cdf_inst/cdf_wr_data_reg[7]_i_10_n_0
    SLICE_X103Y112       CARRY4 (Prop_carry4_CI_CO[1])
                                                      0.120    40.391 r  clipper_cdf_inst/cdf_wr_data_reg[7]_i_9/CO[1]
                         net (fo=20, routed)          0.569    40.960    clipper_cdf_inst/cdf_wr_data_reg[7]_i_100_0[7]
    SLICE_X104Y113       LUT3 (Prop_lut3_I0_O)        0.249    41.209 r  clipper_cdf_inst/cdf_wr_data[7]_i_147/O
                         net (fo=1, routed)           0.000    41.209    clipper_cdf_inst/cdf_wr_data[7]_i_147_n_0
    SLICE_X104Y113       CARRY4 (Prop_carry4_S[2]_CO[3])
                                                      0.286    41.495 r  clipper_cdf_inst/cdf_wr_data_reg[7]_i_57/CO[3]
                         net (fo=1, routed)           0.000    41.495    clipper_cdf_inst/cdf_wr_data_reg[7]_i_57_n_0
    SLICE_X104Y114       CARRY4 (Prop_carry4_CI_CO[3])
                                                      0.092    41.587 r  clipper_cdf_inst/cdf_wr_data_reg[7]_i_20/CO[3]
                         net (fo=1, routed)           0.000    41.587    clipper_cdf_inst/cdf_wr_data_reg[7]_i_20_n_0
    SLICE_X104Y115       CARRY4 (Prop_carry4_CI_CO[3])
                                                      0.092    41.679 r  clipper_cdf_inst/cdf_wr_data_reg[7]_i_8/CO[3]
                         net (fo=1, routed)           0.000    41.679    clipper_cdf_inst/cdf_wr_data_reg[7]_i_8_n_0
    SLICE_X104Y116       CARRY4 (Prop_carry4_CI_CO[1])
                                                      0.119    41.798 r  clipper_cdf_inst/cdf_wr_data_reg[7]_i_4/CO[1]
                         net (fo=20, routed)          0.525    42.323    clipper_cdf_inst/cdf_wr_data_reg[7]_i_100_0[6]
    SLICE_X103Y114       CARRY4 (Prop_carry4_CYINIT_CO[3])
                                                      0.586    42.909 r  clipper_cdf_inst/cdf_wr_data_reg[6]_i_16/CO[3]
                         net (fo=1, routed)           0.000    42.909    clipper_cdf_inst/cdf_wr_data_reg[6]_i_16_n_0
    SLICE_X103Y115       CARRY4 (Prop_carry4_CI_CO[3])
                                                      0.089    42.998 r  clipper_cdf_inst/cdf_wr_data_reg[6]_i_11/CO[3]
                         net (fo=1, routed)           0.000    42.998    clipper_cdf_inst/cdf_wr_data_reg[6]_i_11_n_0
    SLICE_X103Y116       CARRY4 (Prop_carry4_CI_CO[3])
                                                      0.089    43.087 r  clipper_cdf_inst/cdf_wr_data_reg[6]_i_6/CO[3]
                         net (fo=1, routed)           0.000    43.087    clipper_cdf_inst/cdf_wr_data_reg[6]_i_6_n_0
    SLICE_X103Y117       CARRY4 (Prop_carry4_CI_CO[3])
                                                      0.089    43.176 r  clipper_cdf_inst/cdf_wr_data_reg[6]_i_3/CO[3]
                         net (fo=1, routed)           0.000    43.176    clipper_cdf_inst/cdf_wr_data_reg[6]_i_3_n_0
    SLICE_X103Y118       CARRY4 (Prop_carry4_CI_CO[1])
                                                      0.120    43.296 r  clipper_cdf_inst/cdf_wr_data_reg[6]_i_2/CO[1]
                         net (fo=20, routed)          0.419    43.715    clipper_cdf_inst/cdf_wr_data_reg[7]_i_100_0[5]
    SLICE_X107Y118       LUT3 (Prop_lut3_I0_O)        0.249    43.964 r  clipper_cdf_inst/cdf_wr_data[6]_i_1/O
                         net (fo=1, routed)           0.000    43.964    clipper_cdf_inst/norm_saturated[6]
    SLICE_X107Y118       FDCE                                         r  clipper_cdf_inst/cdf_wr_data_reg[6]/D
  -------------------------------------------------------------------    -------------------

                         (clock pclk rise edge)      13.500    13.500 r  
    U7                                                0.000    13.500 r  pclk (IN)
                         net (fo=0)                   0.000    13.500    pclk
    U7                   IBUF (Prop_ibuf_I_O)         0.776    14.276 r  pclk_IBUF_inst/O
                         net (fo=1, routed)           1.484    15.759    pclk_IBUF
    BUFGCTRL_X0Y0        BUFG (Prop_bufg_I_O)         0.072    15.831 r  pclk_IBUF_BUFG_inst/O
                         net (fo=647, routed)         1.409    17.241    clipper_cdf_inst/pclk_IBUF_BUFG
    SLICE_X107Y118       FDCE                                         r  clipper_cdf_inst/cdf_wr_data_reg[6]/C
                         clock pessimism              0.302    17.543    
                         clock uncertainty           -0.035    17.508    
    SLICE_X107Y118       FDCE (Setup_fdce_C_D)        0.030    17.538    clipper_cdf_inst/cdf_wr_data_reg[6]
  -------------------------------------------------------------------
                         required time                         17.538    
                         arrival time                         -43.964    
  -------------------------------------------------------------------
                         slack                                -26.426    

Slack (VIOLATED) :        -24.863ns  (required time - arrival time)
  Source:                 clipper_cdf_inst/cdf_range_reg[1]/C
                            (rising edge-triggered cell FDCE clocked by pclk  {rise@0.000ns fall@6.750ns period=13.500ns})
  Destination:            clipper_cdf_inst/cdf_wr_data_reg[7]/D
                            (rising edge-triggered cell FDCE clocked by pclk  {rise@0.000ns fall@6.750ns period=13.500ns})
  Path Group:             pclk
  Path Type:              Setup (Max at Slow Process Corner)
  Requirement:            13.500ns  (pclk rise@13.500ns - pclk rise@0.000ns)
  Data Path Delay:        38.369ns  (logic 25.696ns (66.971%)  route 12.673ns (33.029%))
  Logic Levels:           145  (CARRY4=118 LUT1=1 LUT2=6 LUT3=18 LUT4=1 LUT6=1)
  Clock Path Skew:        -0.057ns (DCD - SCD + CPR)
    Destination Clock Delay (DCD):    3.685ns = ( 17.185 - 13.500 ) 
    Source Clock Delay      (SCD):    4.044ns
    Clock Pessimism Removal (CPR):    0.302ns
  Clock Uncertainty:      0.035ns  ((TSJ^2 + TIJ^2)^1/2 + DJ) / 2 + PE
    Total System Jitter     (TSJ):    0.071ns
    Total Input Jitter      (TIJ):    0.000ns
    Discrete Jitter          (DJ):    0.000ns
    Phase Error              (PE):    0.000ns

    Location             Delay type                Incr(ns)  Path(ns)    Netlist Resource(s)
  -------------------------------------------------------------------    -------------------
                         (clock pclk rise edge)       0.000     0.000 r  
    U7                                                0.000     0.000 r  pclk (IN)
                         net (fo=0)                   0.000     0.000    pclk
    U7                   IBUF (Prop_ibuf_I_O)         0.908     0.908 r  pclk_IBUF_inst/O
                         net (fo=1, routed)           1.636     2.544    pclk_IBUF
    BUFGCTRL_X0Y0        BUFG (Prop_bufg_I_O)         0.079     2.623 r  pclk_IBUF_BUFG_inst/O
                         net (fo=647, routed)         1.421     4.044    clipper_cdf_inst/pclk_IBUF_BUFG
    SLICE_X109Y51        FDCE                                         r  clipper_cdf_inst/cdf_range_reg[1]/C
  -------------------------------------------------------------------    -------------------
    SLICE_X109Y51        FDCE (Prop_fdce_C_Q)         0.341     4.385 f  clipper_cdf_inst/cdf_range_reg[1]/Q
                         net (fo=34, routed)          0.322     4.707    clipper_cdf_inst/cdf_range[1]
    SLICE_X108Y52        LUT1 (Prop_lut1_I0_O)        0.097     4.804 r  clipper_cdf_inst/cdf_wr_data[7]_i_554/O
                         net (fo=1, routed)           0.000     4.804    clipper_cdf_inst/cdf_wr_data[7]_i_554_n_0
    SLICE_X108Y52        CARRY4 (Prop_carry4_S[1]_CO[3])
                                                      0.402     5.206 r  clipper_cdf_inst/cdf_wr_data_reg[7]_i_450/CO[3]
                         net (fo=1, routed)           0.000     5.206    clipper_cdf_inst/cdf_wr_data_reg[7]_i_450_n_0
    SLICE_X108Y53        CARRY4 (Prop_carry4_CI_CO[3])
                                                      0.092     5.298 r  clipper_cdf_inst/cdf_wr_data_reg[7]_i_339/CO[3]
                         net (fo=1, routed)           0.000     5.298    clipper_cdf_inst/cdf_wr_data_reg[7]_i_339_n_0
    SLICE_X108Y54        CARRY4 (Prop_carry4_CI_CO[3])
                                                      0.092     5.390 r  clipper_cdf_inst/cdf_wr_data_reg[7]_i_206/CO[3]
                         net (fo=1, routed)           0.000     5.390    clipper_cdf_inst/cdf_wr_data_reg[7]_i_206_n_0
    SLICE_X108Y55        CARRY4 (Prop_carry4_CI_CO[3])
                                                      0.092     5.482 r  clipper_cdf_inst/cdf_wr_data_reg[7]_i_100/CO[3]
                         net (fo=1, routed)           0.000     5.482    clipper_cdf_inst/cdf_wr_data_reg[7]_i_100_n_0
    SLICE_X108Y56        CARRY4 (Prop_carry4_CI_CO[0])
                                                      0.184     5.666 r  clipper_cdf_inst/cdf_wr_data_reg[7]_i_41/CO[0]
                         net (fo=21, routed)          0.731     6.396    clipper_cdf_inst/cdf_wr_data_reg[7]_i_100_0[30]
    SLICE_X107Y52        LUT3 (Prop_lut3_I0_O)        0.262     6.658 r  clipper_cdf_inst/cdf_wr_data[7]_i_453/O
                         net (fo=1, routed)           0.000     6.658    clipper_cdf_inst/cdf_wr_data[7]_i_453_n_0
    SLICE_X107Y52        CARRY4 (Prop_carry4_S[1]_CO[3])
                                                      0.412     7.070 r  clipper_cdf_inst/cdf_wr_data_reg[7]_i_334/CO[3]
                         net (fo=1, routed)           0.000     7.070    clipper_cdf_inst/cdf_wr_data_reg[7]_i_334_n_0
    SLICE_X107Y53        CARRY4 (Prop_carry4_CI_CO[3])
                                                      0.089     7.159 r  clipper_cdf_inst/cdf_wr_data_reg[7]_i_201/CO[3]
                         net (fo=1, routed)           0.000     7.159    clipper_cdf_inst/cdf_wr_data_reg[7]_i_201_n_0
    SLICE_X107Y54        CARRY4 (Prop_carry4_CI_CO[3])
                                                      0.089     7.248 r  clipper_cdf_inst/cdf_wr_data_reg[7]_i_95/CO[3]
                         net (fo=1, routed)           0.000     7.248    clipper_cdf_inst/cdf_wr_data_reg[7]_i_95_n_0
    SLICE_X107Y55        CARRY4 (Prop_carry4_CI_CO[1])
                                                      0.120     7.368 r  clipper_cdf_inst/cdf_wr_data_reg[7]_i_42/CO[1]
                         net (fo=21, routed)          0.585     7.953    clipper_cdf_inst/cdf_wr_data_reg[7]_i_100_0[29]
    SLICE_X106Y51        LUT2 (Prop_lut2_I1_O)        0.249     8.202 r  clipper_cdf_inst/cdf_wr_data[7]_i_539/O
                         net (fo=1, routed)           0.000     8.202    clipper_cdf_inst/cdf_wr_data[7]_i_539_n_0
    SLICE_X106Y51        CARRY4 (Prop_carry4_S[1]_CO[3])
                                                      0.412     8.614 r  clipper_cdf_inst/cdf_wr_data_reg[7]_i_435/CO[3]
                         net (fo=1, routed)           0.000     8.614    clipper_cdf_inst/cdf_wr_data_reg[7]_i_435_n_0
    SLICE_X106Y52        CARRY4 (Prop_carry4_CI_CO[3])
                                                      0.089     8.703 r  clipper_cdf_inst/cdf_wr_data_reg[7]_i_329/CO[3]
                         net (fo=1, routed)           0.000     8.703    clipper_cdf_inst/cdf_wr_data_reg[7]_i_329_n_0
    SLICE_X106Y53        CARRY4 (Prop_carry4_CI_CO[3])
                                                      0.089     8.792 r  clipper_cdf_inst/cdf_wr_data_reg[7]_i_196/CO[3]
                         net (fo=1, routed)           0.000     8.792    clipper_cdf_inst/cdf_wr_data_reg[7]_i_196_n_0
    SLICE_X106Y54        CARRY4 (Prop_carry4_CI_CO[3])
                                                      0.089     8.881 r  clipper_cdf_inst/cdf_wr_data_reg[7]_i_94/CO[3]
                         net (fo=1, routed)           0.000     8.881    clipper_cdf_inst/cdf_wr_data_reg[7]_i_94_n_0
    SLICE_X106Y55        CARRY4 (Prop_carry4_CI_CO[1])
                                                      0.120     9.001 r  clipper_cdf_inst/cdf_wr_data_reg[7]_i_39/CO[1]
                         net (fo=21, routed)          0.635     9.636    clipper_cdf_inst/cdf_wr_data_reg[7]_i_100_0[28]
    SLICE_X105Y53        LUT2 (Prop_lut2_I1_O)        0.249     9.885 r  clipper_cdf_inst/cdf_wr_data[7]_i_535/O
                         net (fo=1, routed)           0.000     9.885    clipper_cdf_inst/cdf_wr_data[7]_i_535_n_0
    SLICE_X105Y53        CARRY4 (Prop_carry4_S[1]_CO[3])
                                                      0.412    10.297 r  clipper_cdf_inst/cdf_wr_data_reg[7]_i_430/CO[3]
                         net (fo=1, routed)           0.000    10.297    clipper_cdf_inst/cdf_wr_data_reg[7]_i_430_n_0
    SLICE_X105Y54        CARRY4 (Prop_carry4_CI_CO[3])
                                                      0.089    10.386 r  clipper_cdf_inst/cdf_wr_data_reg[7]_i_319/CO[3]
                         net (fo=1, routed)           0.000    10.386    clipper_cdf_inst/cdf_wr_data_reg[7]_i_319_n_0
    SLICE_X105Y55        CARRY4 (Prop_carry4_CI_CO[3])
                                                      0.089    10.475 r  clipper_cdf_inst/cdf_wr_data_reg[7]_i_191/CO[3]
                         net (fo=1, routed)           0.000    10.475    clipper_cdf_inst/cdf_wr_data_reg[7]_i_191_n_0
    SLICE_X105Y56        CARRY4 (Prop_carry4_CI_CO[3])
                                                      0.089    10.564 r  clipper_cdf_inst/cdf_wr_data_reg[7]_i_89/CO[3]
                         net (fo=1, routed)           0.000    10.564    clipper_cdf_inst/cdf_wr_data_reg[7]_i_89_n_0
    SLICE_X105Y57        CARRY4 (Prop_carry4_CI_CO[1])
                                                      0.120    10.684 r  clipper_cdf_inst/cdf_wr_data_reg[7]_i_40/CO[1]
                         net (fo=21, routed)          0.506    11.190    clipper_cdf_inst/cdf_wr_data_reg[7]_i_100_0[27]
    SLICE_X104Y55        LUT2 (Prop_lut2_I1_O)        0.249    11.439 r  clipper_cdf_inst/cdf_wr_data[7]_i_531/O
                         net (fo=1, routed)           0.000    11.439    clipper_cdf_inst/cdf_wr_data[7]_i_531_n_0
    SLICE_X104Y55        CARRY4 (Prop_carry4_S[1]_CO[3])
                                                      0.402    11.841 r  clipper_cdf_inst/cdf_wr_data_reg[7]_i_425/CO[3]
                         net (fo=1, routed)           0.000    11.841    clipper_cdf_inst/cdf_wr_data_reg[7]_i_425_n_0
    SLICE_X104Y56        CARRY4 (Prop_carry4_CI_CO[3])
                                                      0.092    11.933 r  clipper_cdf_inst/cdf_wr_data_reg[7]_i_314/CO[3]
                         net (fo=1, routed)           0.000    11.933    clipper_cdf_inst/cdf_wr_data_reg[7]_i_314_n_0
    SLICE_X104Y57        CARRY4 (Prop_carry4_CI_CO[3])
                                                      0.092    12.025 r  clipper_cdf_inst/cdf_wr_data_reg[7]_i_181/CO[3]
                         net (fo=1, routed)           0.000    12.025    clipper_cdf_inst/cdf_wr_data_reg[7]_i_181_n_0
    SLICE_X104Y58        CARRY4 (Prop_carry4_CI_CO[3])
                                                      0.092    12.117 r  clipper_cdf_inst/cdf_wr_data_reg[7]_i_88/CO[3]
                         net (fo=1, routed)           0.000    12.117    clipper_cdf_inst/cdf_wr_data_reg[7]_i_88_n_0
    SLICE_X104Y59        CARRY4 (Prop_carry4_CI_CO[1])
                                                      0.119    12.236 r  clipper_cdf_inst/cdf_wr_data_reg[7]_i_37/CO[1]
                         net (fo=21, routed)          0.604    12.841    clipper_cdf_inst/cdf_wr_data_reg[7]_i_100_0[26]
    SLICE_X103Y57        LUT2 (Prop_lut2_I1_O)        0.251    13.092 r  clipper_cdf_inst/cdf_wr_data[7]_i_527/O
                         net (fo=1, routed)           0.000    13.092    clipper_cdf_inst/cdf_wr_data[7]_i_527_n_0
    SLICE_X103Y57        CARRY4 (Prop_carry4_S[1]_CO[3])
                                                      0.412    13.504 r  clipper_cdf_inst/cdf_wr_data_reg[7]_i_420/CO[3]
                         net (fo=1, routed)           0.000    13.504    clipper_cdf_inst/cdf_wr_data_reg[7]_i_420_n_0
    SLICE_X103Y58        CARRY4 (Prop_carry4_CI_CO[3])
                                                      0.089    13.593 r  clipper_cdf_inst/cdf_wr_data_reg[7]_i_309/CO[3]
                         net (fo=1, routed)           0.000    13.593    clipper_cdf_inst/cdf_wr_data_reg[7]_i_309_n_0
    SLICE_X103Y59        CARRY4 (Prop_carry4_CI_CO[3])
                                                      0.089    13.682 r  clipper_cdf_inst/cdf_wr_data_reg[7]_i_176/CO[3]
                         net (fo=1, routed)           0.000    13.682    clipper_cdf_inst/cdf_wr_data_reg[7]_i_176_n_0
    SLICE_X103Y60        CARRY4 (Prop_carry4_CI_CO[3])
                                                      0.089    13.771 r  clipper_cdf_inst/cdf_wr_data_reg[7]_i_82/CO[3]
                         net (fo=1, routed)           0.000    13.771    clipper_cdf_inst/cdf_wr_data_reg[7]_i_82_n_0
    SLICE_X103Y61        CARRY4 (Prop_carry4_CI_CO[1])
                                                      0.120    13.891 r  clipper_cdf_inst/cdf_wr_data_reg[7]_i_38/CO[1]
                         net (fo=21, routed)          0.477    14.368    clipper_cdf_inst/cdf_wr_data_reg[7]_i_100_0[25]
    SLICE_X102Y60        LUT2 (Prop_lut2_I1_O)        0.249    14.617 r  clipper_cdf_inst/cdf_wr_data[7]_i_523/O
                         net (fo=1, routed)           0.000    14.617    clipper_cdf_inst/cdf_wr_data[7]_i_523_n_0
    SLICE_X102Y60        CARRY4 (Prop_carry4_S[1]_CO[3])
                                                      0.402    15.019 r  clipper_cdf_inst/cdf_wr_data_reg[7]_i_419/CO[3]
                         net (fo=1, routed)           0.000    15.019    clipper_cdf_inst/cdf_wr_data_reg[7]_i_419_n_0
    SLICE_X102Y61        CARRY4 (Prop_carry4_CI_CO[3])
                                                      0.092    15.111 r  clipper_cdf_inst/cdf_wr_data_reg[7]_i_308/CO[3]
                         net (fo=1, routed)           0.000    15.111    clipper_cdf_inst/cdf_wr_data_reg[7]_i_308_n_0
    SLICE_X102Y62        CARRY4 (Prop_carry4_CI_CO[3])
                                                      0.092    15.203 r  clipper_cdf_inst/cdf_wr_data_reg[7]_i_175/CO[3]
                         net (fo=1, routed)           0.000    15.203    clipper_cdf_inst/cdf_wr_data_reg[7]_i_175_n_0
    SLICE_X102Y63        CARRY4 (Prop_carry4_CI_CO[3])
                                                      0.092    15.295 r  clipper_cdf_inst/cdf_wr_data_reg[7]_i_81/CO[3]
                         net (fo=1, routed)           0.000    15.295    clipper_cdf_inst/cdf_wr_data_reg[7]_i_81_n_0
    SLICE_X102Y64        CARRY4 (Prop_carry4_CI_CO[1])
                                                      0.119    15.414 r  clipper_cdf_inst/cdf_wr_data_reg[7]_i_35/CO[1]
                         net (fo=21, routed)          0.479    15.893    clipper_cdf_inst/cdf_wr_data_reg[7]_i_100_0[24]
    SLICE_X103Y63        LUT2 (Prop_lut2_I1_O)        0.251    16.144 r  clipper_cdf_inst/cdf_wr_data[7]_i_543/O
                         net (fo=1, routed)           0.000    16.144    clipper_cdf_inst/cdf_wr_data[7]_i_543_n_0
    SLICE_X103Y63        CARRY4 (Prop_carry4_S[1]_CO[3])
                                                      0.412    16.556 r  clipper_cdf_inst/cdf_wr_data_reg[7]_i_440/CO[3]
                         net (fo=1, routed)           0.000    16.556    clipper_cdf_inst/cdf_wr_data_reg[7]_i_440_n_0
    SLICE_X103Y64        CARRY4 (Prop_carry4_CI_CO[3])
                                                      0.089    16.645 r  clipper_cdf_inst/cdf_wr_data_reg[7]_i_324/CO[3]
                         net (fo=1, routed)           0.000    16.645    clipper_cdf_inst/cdf_wr_data_reg[7]_i_324_n_0
    SLICE_X103Y65        CARRY4 (Prop_carry4_CI_CO[3])
                                                      0.089    16.734 r  clipper_cdf_inst/cdf_wr_data_reg[7]_i_186/CO[3]
                         net (fo=1, routed)           0.000    16.734    clipper_cdf_inst/cdf_wr_data_reg[7]_i_186_n_0
    SLICE_X103Y66        CARRY4 (Prop_carry4_CI_CO[3])
                                                      0.089    16.823 r  clipper_cdf_inst/cdf_wr_data_reg[7]_i_85/CO[3]
                         net (fo=1, routed)           0.000    16.823    clipper_cdf_inst/cdf_wr_data_reg[7]_i_85_n_0
    SLICE_X103Y67        CARRY4 (Prop_carry4_CI_CO[1])
                                                      0.120    16.943 r  clipper_cdf_inst/cdf_wr_data_reg[7]_i_36/CO[1]
                         net (fo=20, routed)          0.424    17.367    clipper_cdf_inst/cdf_wr_data_reg[7]_i_100_0[23]
    SLICE_X102Y65        LUT3 (Prop_lut3_I0_O)        0.249    17.616 r  clipper_cdf_inst/cdf_wr_data[7]_i_579/O
                         net (fo=1, routed)           0.000    17.616    clipper_cdf_inst/cdf_wr_data[7]_i_579_n_0
    SLICE_X102Y65        CARRY4 (Prop_carry4_S[1]_CO[3])
                                                      0.402    18.018 r  clipper_cdf_inst/cdf_wr_data_reg[7]_i_494/CO[3]
                         net (fo=1, routed)           0.000    18.018    clipper_cdf_inst/cdf_wr_data_reg[7]_i_494_n_0
    SLICE_X102Y66        CARRY4 (Prop_carry4_CI_CO[3])
                                                      0.092    18.110 r  clipper_cdf_inst/cdf_wr_data_reg[7]_i_383/CO[3]
                         net (fo=1, routed)           0.000    18.110    clipper_cdf_inst/cdf_wr_data_reg[7]_i_383_n_0
    SLICE_X102Y67        CARRY4 (Prop_carry4_CI_CO[3])
                                                      0.092    18.202 r  clipper_cdf_inst/cdf_wr_data_reg[7]_i_250/CO[3]
                         net (fo=1, routed)           0.000    18.202    clipper_cdf_inst/cdf_wr_data_reg[7]_i_250_n_0
    SLICE_X102Y68        CARRY4 (Prop_carry4_CI_CO[3])
                                                      0.092    18.294 r  clipper_cdf_inst/cdf_wr_data_reg[7]_i_122/CO[3]
                         net (fo=1, routed)           0.000    18.294    clipper_cdf_inst/cdf_wr_data_reg[7]_i_122_n_0
    SLICE_X102Y69        CARRY4 (Prop_carry4_CI_CO[1])
                                                      0.119    18.413 r  clipper_cdf_inst/cdf_wr_data_reg[7]_i_49/CO[1]
                         net (fo=20, routed)          0.374    18.788    clipper_cdf_inst/cdf_wr_data_reg[7]_i_100_0[22]
    SLICE_X103Y68        LUT3 (Prop_lut3_I0_O)        0.251    19.039 r  clipper_cdf_inst/cdf_wr_data[7]_i_576/O
                         net (fo=1, routed)           0.000    19.039    clipper_cdf_inst/cdf_wr_data[7]_i_576_n_0
    SLICE_X103Y68        CARRY4 (Prop_carry4_S[1]_CO[3])
                                                      0.412    19.451 r  clipper_cdf_inst/cdf_wr_data_reg[7]_i_489/CO[3]
                         net (fo=1, routed)           0.000    19.451    clipper_cdf_inst/cdf_wr_data_reg[7]_i_489_n_0
    SLICE_X103Y69        CARRY4 (Prop_carry4_CI_CO[3])
                                                      0.089    19.540 r  clipper_cdf_inst/cdf_wr_data_reg[7]_i_378/CO[3]
                         net (fo=1, routed)           0.000    19.540    clipper_cdf_inst/cdf_wr_data_reg[7]_i_378_n_0
    SLICE_X103Y70        CARRY4 (Prop_carry4_CI_CO[3])
                                                      0.089    19.629 r  clipper_cdf_inst/cdf_wr_data_reg[7]_i_245/CO[3]
                         net (fo=1, routed)           0.000    19.629    clipper_cdf_inst/cdf_wr_data_reg[7]_i_245_n_0
    SLICE_X103Y71        CARRY4 (Prop_carry4_CI_CO[3])
                                                      0.089    19.718 r  clipper_cdf_inst/cdf_wr_data_reg[7]_i_117/CO[3]
                         net (fo=1, routed)           0.000    19.718    clipper_cdf_inst/cdf_wr_data_reg[7]_i_117_n_0
    SLICE_X103Y72        CARRY4 (Prop_carry4_CI_CO[1])
                                                      0.120    19.838 r  clipper_cdf_inst/cdf_wr_data_reg[7]_i_50/CO[1]
                         net (fo=20, routed)          0.413    20.250    clipper_cdf_inst/cdf_wr_data_reg[7]_i_100_0[21]
    SLICE_X102Y71        LUT3 (Prop_lut3_I0_O)        0.249    20.499 r  clipper_cdf_inst/cdf_wr_data[7]_i_570/O
                         net (fo=1, routed)           0.000    20.499    clipper_cdf_inst/cdf_wr_data[7]_i_570_n_0
    SLICE_X102Y71        CARRY4 (Prop_carry4_S[1]_CO[3])
                                                      0.402    20.901 r  clipper_cdf_inst/cdf_wr_data_reg[7]_i_479/CO[3]
                         net (fo=1, routed)           0.000    20.901    clipper_cdf_inst/cdf_wr_data_reg[7]_i_479_n_0
    SLICE_X102Y72        CARRY4 (Prop_carry4_CI_CO[3])
                                                      0.092    20.993 r  clipper_cdf_inst/cdf_wr_data_reg[7]_i_373/CO[3]
                         net (fo=1, routed)           0.000    20.993    clipper_cdf_inst/cdf_wr_data_reg[7]_i_373_n_0
    SLICE_X102Y73        CARRY4 (Prop_carry4_CI_CO[3])
                                                      0.092    21.085 r  clipper_cdf_inst/cdf_wr_data_reg[7]_i_240/CO[3]
                         net (fo=1, routed)           0.000    21.085    clipper_cdf_inst/cdf_wr_data_reg[7]_i_240_n_0
    SLICE_X102Y74        CARRY4 (Prop_carry4_CI_CO[3])
                                                      0.092    21.177 r  clipper_cdf_inst/cdf_wr_data_reg[7]_i_116/CO[3]
                         net (fo=1, routed)           0.007    21.185    clipper_cdf_inst/cdf_wr_data_reg[7]_i_116_n_0
    SLICE_X102Y75        CARRY4 (Prop_carry4_CI_CO[1])
                                                      0.119    21.304 r  clipper_cdf_inst/cdf_wr_data_reg[7]_i_47/CO[1]
                         net (fo=20, routed)          0.413    21.717    clipper_cdf_inst/cdf_wr_data_reg[7]_i_100_0[20]
    SLICE_X103Y74        LUT3 (Prop_lut3_I0_O)        0.251    21.968 r  clipper_cdf_inst/cdf_wr_data[7]_i_567/O
                         net (fo=1, routed)           0.000    21.968    clipper_cdf_inst/cdf_wr_data[7]_i_567_n_0
    SLICE_X103Y74        CARRY4 (Prop_carry4_S[1]_CO[3])
                                                      0.412    22.380 r  clipper_cdf_inst/cdf_wr_data_reg[7]_i_474/CO[3]
                         net (fo=1, routed)           0.007    22.387    clipper_cdf_inst/cdf_wr_data_reg[7]_i_474_n_0
    SLICE_X103Y75        CARRY4 (Prop_carry4_CI_CO[3])
                                                      0.089    22.476 r  clipper_cdf_inst/cdf_wr_data_reg[7]_i_363/CO[3]
                         net (fo=1, routed)           0.000    22.476    clipper_cdf_inst/cdf_wr_data_reg[7]_i_363_n_0
    SLICE_X103Y76        CARRY4 (Prop_carry4_CI_CO[3])
                                                      0.089    22.565 r  clipper_cdf_inst/cdf_wr_data_reg[7]_i_235/CO[3]
                         net (fo=1, routed)           0.000    22.565    clipper_cdf_inst/cdf_wr_data_reg[7]_i_235_n_0
    SLICE_X103Y77        CARRY4 (Prop_carry4_CI_CO[3])
                                                      0.089    22.654 r  clipper_cdf_inst/cdf_wr_data_reg[7]_i_111/CO[3]
                         net (fo=1, routed)           0.000    22.654    clipper_cdf_inst/cdf_wr_data_reg[7]_i_111_n_0
    SLICE_X103Y78        CARRY4 (Prop_carry4_CI_CO[1])
                                                      0.120    22.774 r  clipper_cdf_inst/cdf_wr_data_reg[7]_i_48/CO[1]
                         net (fo=20, routed)          0.544    23.319    clipper_cdf_inst/cdf_wr_data_reg[7]_i_100_0[19]
    SLICE_X102Y78        LUT3 (Prop_lut3_I0_O)        0.249    23.568 r  clipper_cdf_inst/cdf_wr_data[7]_i_477/O
                         net (fo=1, routed)           0.000    23.568    clipper_cdf_inst/cdf_wr_data[7]_i_477_n_0
    SLICE_X102Y78        CARRY4 (Prop_carry4_S[1]_CO[3])
                                                      0.402    23.970 r  clipper_cdf_inst/cdf_wr_data_reg[7]_i_358/CO[3]
                         net (fo=1, routed)           0.000    23.970    clipper_cdf_inst/cdf_wr_data_reg[7]_i_358_n_0
    SLICE_X102Y79        CARRY4 (Prop_carry4_CI_CO[3])
                                                      0.092    24.062 r  clipper_cdf_inst/cdf_wr_data_reg[7]_i_225/CO[3]
                         net (fo=1, routed)           0.000    24.062    clipper_cdf_inst/cdf_wr_data_reg[7]_i_225_n_0
    SLICE_X102Y80        CARRY4 (Prop_carry4_CI_CO[3])
                                                      0.092    24.154 r  clipper_cdf_inst/cdf_wr_data_reg[7]_i_110/CO[3]
                         net (fo=1, routed)           0.000    24.154    clipper_cdf_inst/cdf_wr_data_reg[7]_i_110_n_0
    SLICE_X102Y81        CARRY4 (Prop_carry4_CI_CO[1])
                                                      0.119    24.273 r  clipper_cdf_inst/cdf_wr_data_reg[7]_i_45/CO[1]
                         net (fo=20, routed)          0.403    24.675    clipper_cdf_inst/cdf_wr_data_reg[7]_i_100_0[18]
    SLICE_X104Y80        LUT3 (Prop_lut3_I0_O)        0.251    24.926 r  clipper_cdf_inst/cdf_wr_data[7]_i_561/O
                         net (fo=1, routed)           0.000    24.926    clipper_cdf_inst/cdf_wr_data[7]_i_561_n_0
    SLICE_X104Y80        CARRY4 (Prop_carry4_S[1]_CO[3])
                                                      0.402    25.328 r  clipper_cdf_inst/cdf_wr_data_reg[7]_i_464/CO[3]
                         net (fo=1, routed)           0.000    25.328    clipper_cdf_inst/cdf_wr_data_reg[7]_i_464_n_0
    SLICE_X104Y81        CARRY4 (Prop_carry4_CI_CO[3])
                                                      0.092    25.420 r  clipper_cdf_inst/cdf_wr_data_reg[7]_i_353/CO[3]
                         net (fo=1, routed)           0.000    25.420    clipper_cdf_inst/cdf_wr_data_reg[7]_i_353_n_0
    SLICE_X104Y82        CARRY4 (Prop_carry4_CI_CO[3])
                                                      0.092    25.512 r  clipper_cdf_inst/cdf_wr_data_reg[7]_i_220/CO[3]
                         net (fo=1, routed)           0.000    25.512    clipper_cdf_inst/cdf_wr_data_reg[7]_i_220_n_0
    SLICE_X104Y83        CARRY4 (Prop_carry4_CI_CO[3])
                                                      0.092    25.604 r  clipper_cdf_inst/cdf_wr_data_reg[7]_i_104/CO[3]
                         net (fo=1, routed)           0.000    25.604    clipper_cdf_inst/cdf_wr_data_reg[7]_i_104_n_0
    SLICE_X104Y84        CARRY4 (Prop_carry4_CI_CO[1])
                                                      0.119    25.723 r  clipper_cdf_inst/cdf_wr_data_reg[7]_i_46/CO[1]
                         net (fo=20, routed)          0.441    26.165    clipper_cdf_inst/cdf_wr_data_reg[7]_i_100_0[17]
    SLICE_X103Y83        LUT3 (Prop_lut3_I0_O)        0.251    26.416 r  clipper_cdf_inst/cdf_wr_data[7]_i_558/O
                         net (fo=1, routed)           0.000    26.416    clipper_cdf_inst/cdf_wr_data[7]_i_558_n_0
    SLICE_X103Y83        CARRY4 (Prop_carry4_S[1]_CO[3])
                                                      0.412    26.828 r  clipper_cdf_inst/cdf_wr_data_reg[7]_i_463/CO[3]
                         net (fo=1, routed)           0.000    26.828    clipper_cdf_inst/cdf_wr_data_reg[7]_i_463_n_0
    SLICE_X103Y84        CARRY4 (Prop_carry4_CI_CO[3])
                                                      0.089    26.917 r  clipper_cdf_inst/cdf_wr_data_reg[7]_i_352/CO[3]
                         net (fo=1, routed)           0.000    26.917    clipper_cdf_inst/cdf_wr_data_reg[7]_i_352_n_0
    SLICE_X103Y85        CARRY4 (Prop_carry4_CI_CO[3])
                                                      0.089    27.006 r  clipper_cdf_inst/cdf_wr_data_reg[7]_i_219/CO[3]
                         net (fo=1, routed)           0.000    27.006    clipper_cdf_inst/cdf_wr_data_reg[7]_i_219_n_0
    SLICE_X103Y86        CARRY4 (Prop_carry4_CI_CO[3])
                                                      0.089    27.095 r  clipper_cdf_inst/cdf_wr_data_reg[7]_i_103/CO[3]
                         net (fo=1, routed)           0.000    27.095    clipper_cdf_inst/cdf_wr_data_reg[7]_i_103_n_0
    SLICE_X103Y87        CARRY4 (Prop_carry4_CI_CO[1])
                                                      0.120    27.215 r  clipper_cdf_inst/cdf_wr_data_reg[7]_i_43/CO[1]
                         net (fo=20, routed)          0.444    27.658    clipper_cdf_inst/cdf_wr_data_reg[7]_i_100_0[16]
    SLICE_X102Y85        LUT3 (Prop_lut3_I0_O)        0.249    27.907 r  clipper_cdf_inst/cdf_wr_data[7]_i_573/O
                         net (fo=1, routed)           0.000    27.907    clipper_cdf_inst/cdf_wr_data[7]_i_573_n_0
    SLICE_X102Y85        CARRY4 (Prop_carry4_S[1]_CO[3])
                                                      0.402    28.309 r  clipper_cdf_inst/cdf_wr_data_reg[7]_i_484/CO[3]
                         net (fo=1, routed)           0.000    28.309    clipper_cdf_inst/cdf_wr_data_reg[7]_i_484_n_0
    SLICE_X102Y86        CARRY4 (Prop_carry4_CI_CO[3])
                                                      0.092    28.401 r  clipper_cdf_inst/cdf_wr_data_reg[7]_i_368/CO[3]
                         net (fo=1, routed)           0.000    28.401    clipper_cdf_inst/cdf_wr_data_reg[7]_i_368_n_0
    SLICE_X102Y87        CARRY4 (Prop_carry4_CI_CO[3])
                                                      0.092    28.493 r  clipper_cdf_inst/cdf_wr_data_reg[7]_i_230/CO[3]
                         net (fo=1, routed)           0.000    28.493    clipper_cdf_inst/cdf_wr_data_reg[7]_i_230_n_0
    SLICE_X102Y88        CARRY4 (Prop_carry4_CI_CO[3])
                                                      0.092    28.585 r  clipper_cdf_inst/cdf_wr_data_reg[7]_i_107/CO[3]
                         net (fo=1, routed)           0.000    28.585    clipper_cdf_inst/cdf_wr_data_reg[7]_i_107_n_0
    SLICE_X102Y89        CARRY4 (Prop_carry4_CI_CO[1])
                                                      0.119    28.704 r  clipper_cdf_inst/cdf_wr_data_reg[7]_i_44/CO[1]
                         net (fo=20, routed)          0.399    29.104    clipper_cdf_inst/cdf_wr_data_reg[7]_i_100_0[15]
    SLICE_X103Y88        LUT3 (Prop_lut3_I0_O)        0.251    29.355 r  clipper_cdf_inst/cdf_wr_data[7]_i_585/O
                         net (fo=1, routed)           0.000    29.355    clipper_cdf_inst/cdf_wr_data[7]_i_585_n_0
    SLICE_X103Y88        CARRY4 (Prop_carry4_S[1]_CO[3])
                                                      0.412    29.767 r  clipper_cdf_inst/cdf_wr_data_reg[7]_i_508/CO[3]
                         net (fo=1, routed)           0.000    29.767    clipper_cdf_inst/cdf_wr_data_reg[7]_i_508_n_0
    SLICE_X103Y89        CARRY4 (Prop_carry4_CI_CO[3])
                                                      0.089    29.856 r  clipper_cdf_inst/cdf_wr_data_reg[7]_i_398/CO[3]
                         net (fo=1, routed)           0.000    29.856    clipper_cdf_inst/cdf_wr_data_reg[7]_i_398_n_0
    SLICE_X103Y90        CARRY4 (Prop_carry4_CI_CO[3])
                                                      0.089    29.945 r  clipper_cdf_inst/cdf_wr_data_reg[7]_i_265/CO[3]
                         net (fo=1, routed)           0.000    29.945    clipper_cdf_inst/cdf_wr_data_reg[7]_i_265_n_0
    SLICE_X103Y91        CARRY4 (Prop_carry4_CI_CO[3])
                                                      0.089    30.034 r  clipper_cdf_inst/cdf_wr_data_reg[7]_i_134/CO[3]
                         net (fo=1, routed)           0.000    30.034    clipper_cdf_inst/cdf_wr_data_reg[7]_i_134_n_0
    SLICE_X103Y92        CARRY4 (Prop_carry4_CI_CO[1])
                                                      0.120    30.154 r  clipper_cdf_inst/cdf_wr_data_reg[7]_i_53/CO[1]
                         net (fo=20, routed)          0.425    30.579    clipper_cdf_inst/cdf_wr_data_reg[7]_i_100_0[14]
    SLICE_X102Y91        LUT3 (Prop_lut3_I0_O)        0.249    30.828 r  clipper_cdf_inst/cdf_wr_data[7]_i_582/O
                         net (fo=1, routed)           0.000    30.828    clipper_cdf_inst/cdf_wr_data[7]_i_582_n_0
    SLICE_X102Y91        CARRY4 (Prop_carry4_S[1]_CO[3])
                                                      0.402    31.230 r  clipper_cdf_inst/cdf_wr_data_reg[7]_i_503/CO[3]
                         net (fo=1, routed)           0.000    31.230    clipper_cdf_inst/cdf_wr_data_reg[7]_i_503_n_0
    SLICE_X102Y92        CARRY4 (Prop_carry4_CI_CO[3])
                                                      0.092    31.322 r  clipper_cdf_inst/cdf_wr_data_reg[7]_i_393/CO[3]
                         net (fo=1, routed)           0.000    31.322    clipper_cdf_inst/cdf_wr_data_reg[7]_i_393_n_0
    SLICE_X102Y93        CARRY4 (Prop_carry4_CI_CO[3])
                                                      0.092    31.414 r  clipper_cdf_inst/cdf_wr_data_reg[7]_i_260/CO[3]
                         net (fo=1, routed)           0.000    31.414    clipper_cdf_inst/cdf_wr_data_reg[7]_i_260_n_0
    SLICE_X102Y94        CARRY4 (Prop_carry4_CI_CO[3])
                                                      0.092    31.506 r  clipper_cdf_inst/cdf_wr_data_reg[7]_i_128/CO[3]
                         net (fo=1, routed)           0.000    31.506    clipper_cdf_inst/cdf_wr_data_reg[7]_i_128_n_0
    SLICE_X102Y95        CARRY4 (Prop_carry4_CI_CO[1])
                                                      0.119    31.625 r  clipper_cdf_inst/cdf_wr_data_reg[7]_i_54/CO[1]
                         net (fo=20, routed)          0.374    31.999    clipper_cdf_inst/cdf_wr_data_reg[7]_i_100_0[13]
    SLICE_X103Y94        LUT3 (Prop_lut3_I0_O)        0.251    32.250 r  clipper_cdf_inst/cdf_wr_data[7]_i_519/O
                         net (fo=1, routed)           0.000    32.250    clipper_cdf_inst/cdf_wr_data[7]_i_519_n_0
    SLICE_X103Y94        CARRY4 (Prop_carry4_S[1]_CO[3])
                                                      0.412    32.662 r  clipper_cdf_inst/cdf_wr_data_reg[7]_i_411/CO[3]
                         net (fo=1, routed)           0.000    32.662    clipper_cdf_inst/cdf_wr_data_reg[7]_i_411_n_0
    SLICE_X103Y95        CARRY4 (Prop_carry4_CI_CO[3])
                                                      0.089    32.751 r  clipper_cdf_inst/cdf_wr_data_reg[7]_i_392/CO[3]
                         net (fo=1, routed)           0.000    32.751    clipper_cdf_inst/cdf_wr_data_reg[7]_i_392_n_0
    SLICE_X103Y96        CARRY4 (Prop_carry4_CI_CO[3])
                                                      0.089    32.840 r  clipper_cdf_inst/cdf_wr_data_reg[7]_i_259/CO[3]
                         net (fo=1, routed)           0.000    32.840    clipper_cdf_inst/cdf_wr_data_reg[7]_i_259_n_0
    SLICE_X103Y97        CARRY4 (Prop_carry4_CI_CO[3])
                                                      0.089    32.929 r  clipper_cdf_inst/cdf_wr_data_reg[7]_i_127/CO[3]
                         net (fo=1, routed)           0.000    32.929    clipper_cdf_inst/cdf_wr_data_reg[7]_i_127_n_0
    SLICE_X103Y98        CARRY4 (Prop_carry4_CI_CO[1])
                                                      0.120    33.049 r  clipper_cdf_inst/cdf_wr_data_reg[7]_i_51/CO[1]
                         net (fo=20, routed)          0.415    33.465    clipper_cdf_inst/cdf_wr_data_reg[7]_i_100_0[12]
    SLICE_X104Y97        LUT3 (Prop_lut3_I0_O)        0.249    33.714 r  clipper_cdf_inst/cdf_wr_data[7]_i_418/O
                         net (fo=1, routed)           0.000    33.714    clipper_cdf_inst/cdf_wr_data[7]_i_418_n_0
    SLICE_X104Y97        CARRY4 (Prop_carry4_S[1]_CO[3])
                                                      0.402    34.116 r  clipper_cdf_inst/cdf_wr_data_reg[7]_i_300/CO[3]
                         net (fo=1, routed)           0.000    34.116    clipper_cdf_inst/cdf_wr_data_reg[7]_i_300_n_0
    SLICE_X104Y98        CARRY4 (Prop_carry4_CI_CO[3])
                                                      0.092    34.208 r  clipper_cdf_inst/cdf_wr_data_reg[7]_i_295/CO[3]
                         net (fo=1, routed)           0.000    34.208    clipper_cdf_inst/cdf_wr_data_reg[7]_i_295_n_0
    SLICE_X104Y99        CARRY4 (Prop_carry4_CI_CO[3])
                                                      0.092    34.300 r  clipper_cdf_inst/cdf_wr_data_reg[7]_i_270/CO[3]
                         net (fo=1, routed)           0.001    34.300    clipper_cdf_inst/cdf_wr_data_reg[7]_i_270_n_0
    SLICE_X104Y100       CARRY4 (Prop_carry4_CI_CO[3])
                                                      0.092    34.392 r  clipper_cdf_inst/cdf_wr_data_reg[7]_i_131/CO[3]
                         net (fo=1, routed)           0.000    34.392    clipper_cdf_inst/cdf_wr_data_reg[7]_i_131_n_0
    SLICE_X104Y101       CARRY4 (Prop_carry4_CI_CO[1])
                                                      0.119    34.511 r  clipper_cdf_inst/cdf_wr_data_reg[7]_i_52/CO[1]
                         net (fo=20, routed)          0.391    34.902    clipper_cdf_inst/cdf_wr_data_reg[7]_i_100_0[11]
    SLICE_X103Y100       LUT3 (Prop_lut3_I0_O)        0.251    35.153 r  clipper_cdf_inst/cdf_wr_data[7]_i_307/O
                         net (fo=1, routed)           0.000    35.153    clipper_cdf_inst/cdf_wr_data[7]_i_307_n_0
    SLICE_X103Y100       CARRY4 (Prop_carry4_S[1]_CO[3])
                                                      0.412    35.565 r  clipper_cdf_inst/cdf_wr_data_reg[7]_i_170/CO[3]
                         net (fo=1, routed)           0.000    35.565    clipper_cdf_inst/cdf_wr_data_reg[7]_i_170_n_0
    SLICE_X103Y101       CARRY4 (Prop_carry4_CI_CO[3])
                                                      0.089    35.654 r  clipper_cdf_inst/cdf_wr_data_reg[7]_i_165/CO[3]
                         net (fo=1, routed)           0.000    35.654    clipper_cdf_inst/cdf_wr_data_reg[7]_i_165_n_0
    SLICE_X103Y102       CARRY4 (Prop_carry4_CI_CO[3])
                                                      0.089    35.743 r  clipper_cdf_inst/cdf_wr_data_reg[7]_i_160/CO[3]
                         net (fo=1, routed)           0.000    35.743    clipper_cdf_inst/cdf_wr_data_reg[7]_i_160_n_0
    SLICE_X103Y103       CARRY4 (Prop_carry4_CI_CO[3])
                                                      0.089    35.832 r  clipper_cdf_inst/cdf_wr_data_reg[7]_i_139/CO[3]
                         net (fo=1, routed)           0.000    35.832    clipper_cdf_inst/cdf_wr_data_reg[7]_i_139_n_0
    SLICE_X103Y104       CARRY4 (Prop_carry4_CI_CO[1])
                                                      0.120    35.952 r  clipper_cdf_inst/cdf_wr_data_reg[7]_i_55/CO[1]
                         net (fo=20, routed)          0.403    36.355    clipper_cdf_inst/cdf_wr_data_reg[7]_i_100_0[10]
    SLICE_X104Y103       LUT3 (Prop_lut3_I0_O)        0.249    36.604 r  clipper_cdf_inst/cdf_wr_data[7]_i_294/O
                         net (fo=1, routed)           0.000    36.604    clipper_cdf_inst/cdf_wr_data[7]_i_294_n_0
    SLICE_X104Y103       CARRY4 (Prop_carry4_S[1]_CO[3])
                                                      0.402    37.006 r  clipper_cdf_inst/cdf_wr_data_reg[7]_i_155/CO[3]
                         net (fo=1, routed)           0.000    37.006    clipper_cdf_inst/cdf_wr_data_reg[7]_i_155_n_0
    SLICE_X104Y104       CARRY4 (Prop_carry4_CI_CO[3])
                                                      0.092    37.098 r  clipper_cdf_inst/cdf_wr_data_reg[7]_i_76/CO[3]
                         net (fo=1, routed)           0.000    37.098    clipper_cdf_inst/cdf_wr_data_reg[7]_i_76_n_0
    SLICE_X104Y105       CARRY4 (Prop_carry4_CI_CO[3])
                                                      0.092    37.190 r  clipper_cdf_inst/cdf_wr_data_reg[7]_i_71/CO[3]
                         net (fo=1, routed)           0.000    37.190    clipper_cdf_inst/cdf_wr_data_reg[7]_i_71_n_0
    SLICE_X104Y106       CARRY4 (Prop_carry4_CI_CO[3])
                                                      0.092    37.282 r  clipper_cdf_inst/cdf_wr_data_reg[7]_i_68/CO[3]
                         net (fo=1, routed)           0.000    37.282    clipper_cdf_inst/cdf_wr_data_reg[7]_i_68_n_0
    SLICE_X104Y107       CARRY4 (Prop_carry4_CI_CO[1])
                                                      0.119    37.401 r  clipper_cdf_inst/cdf_wr_data_reg[7]_i_56/CO[1]
                         net (fo=20, routed)          0.506    37.906    clipper_cdf_inst/cdf_wr_data_reg[7]_i_100_0[9]
    SLICE_X102Y105       LUT3 (Prop_lut3_I0_O)        0.251    38.157 r  clipper_cdf_inst/cdf_wr_data[7]_i_291/O
                         net (fo=1, routed)           0.000    38.157    clipper_cdf_inst/cdf_wr_data[7]_i_291_n_0
    SLICE_X102Y105       CARRY4 (Prop_carry4_S[1]_CO[3])
                                                      0.402    38.559 r  clipper_cdf_inst/cdf_wr_data_reg[7]_i_150/CO[3]
                         net (fo=1, routed)           0.000    38.559    clipper_cdf_inst/cdf_wr_data_reg[7]_i_150_n_0
    SLICE_X102Y106       CARRY4 (Prop_carry4_CI_CO[3])
                                                      0.092    38.651 r  clipper_cdf_inst/cdf_wr_data_reg[7]_i_63/CO[3]
                         net (fo=1, routed)           0.000    38.651    clipper_cdf_inst/cdf_wr_data_reg[7]_i_63_n_0
    SLICE_X102Y107       CARRY4 (Prop_carry4_CI_CO[3])
                                                      0.092    38.743 r  clipper_cdf_inst/cdf_wr_data_reg[7]_i_30/CO[3]
                         net (fo=1, routed)           0.000    38.743    clipper_cdf_inst/cdf_wr_data_reg[7]_i_30_n_0
    SLICE_X102Y108       CARRY4 (Prop_carry4_CI_CO[3])
                                                      0.092    38.835 r  clipper_cdf_inst/cdf_wr_data_reg[7]_i_27/CO[3]
                         net (fo=1, routed)           0.000    38.835    clipper_cdf_inst/cdf_wr_data_reg[7]_i_27_n_0
    SLICE_X102Y109       CARRY4 (Prop_carry4_CI_CO[1])
                                                      0.119    38.954 r  clipper_cdf_inst/cdf_wr_data_reg[7]_i_26/CO[1]
                         net (fo=20, routed)          0.387    39.341    clipper_cdf_inst/cdf_wr_data_reg[7]_i_100_0[8]
    SLICE_X103Y108       LUT3 (Prop_lut3_I0_O)        0.251    39.592 r  clipper_cdf_inst/cdf_wr_data[7]_i_288/O
                         net (fo=1, routed)           0.000    39.592    clipper_cdf_inst/cdf_wr_data[7]_i_288_n_0
    SLICE_X103Y108       CARRY4 (Prop_carry4_S[1]_CO[3])
                                                      0.412    40.004 r  clipper_cdf_inst/cdf_wr_data_reg[7]_i_145/CO[3]
                         net (fo=1, routed)           0.000    40.004    clipper_cdf_inst/cdf_wr_data_reg[7]_i_145_n_0
    SLICE_X103Y109       CARRY4 (Prop_carry4_CI_CO[3])
                                                      0.089    40.093 r  clipper_cdf_inst/cdf_wr_data_reg[7]_i_58/CO[3]
                         net (fo=1, routed)           0.000    40.093    clipper_cdf_inst/cdf_wr_data_reg[7]_i_58_n_0
    SLICE_X103Y110       CARRY4 (Prop_carry4_CI_CO[3])
                                                      0.089    40.182 r  clipper_cdf_inst/cdf_wr_data_reg[7]_i_21/CO[3]
                         net (fo=1, routed)           0.000    40.182    clipper_cdf_inst/cdf_wr_data_reg[7]_i_21_n_0
    SLICE_X103Y111       CARRY4 (Prop_carry4_CI_CO[3])
                                                      0.089    40.271 r  clipper_cdf_inst/cdf_wr_data_reg[7]_i_10/CO[3]
                         net (fo=1, routed)           0.000    40.271    clipper_cdf_inst/cdf_wr_data_reg[7]_i_10_n_0
    SLICE_X103Y112       CARRY4 (Prop_carry4_CI_CO[1])
                                                      0.120    40.391 r  clipper_cdf_inst/cdf_wr_data_reg[7]_i_9/CO[1]
                         net (fo=20, routed)          0.476    40.868    clipper_cdf_inst/cdf_wr_data_reg[7]_i_100_0[7]
    SLICE_X102Y110       LUT4 (Prop_lut4_I1_O)        0.249    41.117 r  clipper_cdf_inst/cdf_wr_data[7]_i_18/O
                         net (fo=1, routed)           0.315    41.431    clipper_cdf_inst/cdf_wr_data[7]_i_18_n_0
    SLICE_X102Y110       LUT6 (Prop_lut6_I5_O)        0.097    41.528 r  clipper_cdf_inst/cdf_wr_data[7]_i_5/O
                         net (fo=8, routed)           0.770    42.298    clipper_cdf_inst/cdf_wr_data[7]_i_5_n_0
    SLICE_X104Y116       LUT3 (Prop_lut3_I2_O)        0.114    42.412 r  clipper_cdf_inst/cdf_wr_data[7]_i_2/O
                         net (fo=1, routed)           0.000    42.412    clipper_cdf_inst/norm_saturated[7]
    SLICE_X104Y116       FDCE                                         r  clipper_cdf_inst/cdf_wr_data_reg[7]/D
  -------------------------------------------------------------------    -------------------

                         (clock pclk rise edge)      13.500    13.500 r  
    U7                                                0.000    13.500 r  pclk (IN)
                         net (fo=0)                   0.000    13.500    pclk
    U7                   IBUF (Prop_ibuf_I_O)         0.776    14.276 r  pclk_IBUF_inst/O
                         net (fo=1, routed)           1.484    15.759    pclk_IBUF
    BUFGCTRL_X0Y0        BUFG (Prop_bufg_I_O)         0.072    15.831 r  pclk_IBUF_BUFG_inst/O
                         net (fo=647, routed)         1.353    17.185    clipper_cdf_inst/pclk_IBUF_BUFG
    SLICE_X104Y116       FDCE                                         r  clipper_cdf_inst/cdf_wr_data_reg[7]/C
                         clock pessimism              0.302    17.487    
                         clock uncertainty           -0.035    17.452    
    SLICE_X104Y116       FDCE (Setup_fdce_C_D)        0.098    17.550    clipper_cdf_inst/cdf_wr_data_reg[7]
  -------------------------------------------------------------------
                         required time                         17.550    
                         arrival time                         -42.412    
  -------------------------------------------------------------------
                         slack                                -24.863    

Slack (MET) :             2.058ns  (required time - arrival time)
  Source:                 clipper_cdf_inst/cdf_wr_en_reg/C
                            (rising edge-triggered cell FDCE clocked by pclk  {rise@0.000ns fall@6.750ns period=13.500ns})
  Destination:            clipper_cdf_inst/excess_total_reg[12]/CE
                            (rising edge-triggered cell FDCE clocked by pclk  {rise@0.000ns fall@6.750ns period=13.500ns})
  Path Group:             pclk
  Path Type:              Setup (Max at Slow Process Corner)
  Requirement:            13.500ns  (pclk rise@13.500ns - pclk rise@0.000ns)
  Data Path Delay:        11.171ns  (logic 1.504ns (13.463%)  route 9.667ns (86.537%))
  Logic Levels:           7  (CARRY4=1 LUT3=1 LUT4=1 LUT6=3 MUXF7=1)
  Clock Path Skew:        -0.117ns (DCD - SCD + CPR)
    Destination Clock Delay (DCD):    3.565ns = ( 17.065 - 13.500 ) 
    Source Clock Delay      (SCD):    3.974ns
    Clock Pessimism Removal (CPR):    0.291ns
  Clock Uncertainty:      0.035ns  ((TSJ^2 + TIJ^2)^1/2 + DJ) / 2 + PE
    Total System Jitter     (TSJ):    0.071ns
    Total Input Jitter      (TIJ):    0.000ns
    Discrete Jitter          (DJ):    0.000ns
    Phase Error              (PE):    0.000ns

    Location             Delay type                Incr(ns)  Path(ns)    Netlist Resource(s)
  -------------------------------------------------------------------    -------------------
                         (clock pclk rise edge)       0.000     0.000 r  
    U7                                                0.000     0.000 r  pclk (IN)
                         net (fo=0)                   0.000     0.000    pclk
    U7                   IBUF (Prop_ibuf_I_O)         0.908     0.908 r  pclk_IBUF_inst/O
                         net (fo=1, routed)           1.636     2.544    pclk_IBUF
    BUFGCTRL_X0Y0        BUFG (Prop_bufg_I_O)         0.079     2.623 r  pclk_IBUF_BUFG_inst/O
                         net (fo=647, routed)         1.351     3.974    clipper_cdf_inst/pclk_IBUF_BUFG
    SLICE_X105Y68        FDCE                                         r  clipper_cdf_inst/cdf_wr_en_reg/C
  -------------------------------------------------------------------    -------------------
    SLICE_X105Y68        FDCE (Prop_fdce_C_Q)         0.341     4.315 r  clipper_cdf_inst/cdf_wr_en_reg/Q
                         net (fo=46, routed)          1.033     5.348    clipper_cdf_inst/cdf_wr_en
    SLICE_X110Y60        LUT3 (Prop_lut3_I2_O)        0.097     5.445 r  clipper_cdf_inst/ram_reg_i_57/O
                         net (fo=416, routed)         5.472    10.917    ram_16tiles_inst/gen_ram_b[15].ram_b_inst/cdf_tile_idx[1]
    SLICE_X101Y53        LUT6 (Prop_lut6_I2_O)        0.097    11.014 r  ram_16tiles_inst/gen_ram_b[15].ram_b_inst/hist_buf_dina_r[9]_i_8/O
                         net (fo=1, routed)           0.000    11.014    ram_16tiles_inst/gen_ram_b[11].ram_b_inst/hist_buf_dina_r[9]_i_2_0
    SLICE_X101Y53        MUXF7 (Prop_muxf7_I1_O)      0.167    11.181 r  ram_16tiles_inst/gen_ram_b[11].ram_b_inst/hist_buf_dina_r_reg[9]_i_3/O
                         net (fo=1, routed)           0.583    11.764    ram_16tiles_inst/gen_ram_b[11].ram_b_inst/hist_buf_dina_r_reg[9]_i_3_n_0
    SLICE_X99Y53         LUT6 (Prop_lut6_I0_O)        0.229    11.993 r  ram_16tiles_inst/gen_ram_b[11].ram_b_inst/hist_buf_dina_r[9]_i_2/O
                         net (fo=6, routed)           0.908    12.901    ram_16tiles_inst/gen_ram_b[11].ram_b_inst/ping_pong_flag_reg_rep_5
    SLICE_X102Y48        LUT4 (Prop_lut4_I3_O)        0.097    12.998 r  ram_16tiles_inst/gen_ram_b[11].ram_b_inst/excess_total[16]_i_14/O
                         net (fo=1, routed)           0.000    12.998    ram_16tiles_inst/gen_ram_b[11].ram_b_inst/excess_total[16]_i_14_n_0
    SLICE_X102Y48        CARRY4 (Prop_carry4_S[0]_CO[3])
                                                      0.379    13.377 r  ram_16tiles_inst/gen_ram_b[11].ram_b_inst/excess_total_reg[16]_i_4/CO[3]
                         net (fo=17, routed)          0.967    14.345    clipper_cdf_inst/CO[0]
    SLICE_X108Y49        LUT6 (Prop_lut6_I2_O)        0.097    14.442 r  clipper_cdf_inst/excess_total[16]_i_1/O
                         net (fo=17, routed)          0.703    15.145    clipper_cdf_inst/excess_total[16]_i_1_n_0
    SLICE_X102Y49        FDCE                                         r  clipper_cdf_inst/excess_total_reg[12]/CE
  -------------------------------------------------------------------    -------------------

                         (clock pclk rise edge)      13.500    13.500 r  
    U7                                                0.000    13.500 r  pclk (IN)
                         net (fo=0)                   0.000    13.500    pclk
    U7                   IBUF (Prop_ibuf_I_O)         0.776    14.276 r  pclk_IBUF_inst/O
                         net (fo=1, routed)           1.484    15.759    pclk_IBUF
    BUFGCTRL_X0Y0        BUFG (Prop_bufg_I_O)         0.072    15.831 r  pclk_IBUF_BUFG_inst/O
                         net (fo=647, routed)         1.234    17.065    clipper_cdf_inst/pclk_IBUF_BUFG
    SLICE_X102Y49        FDCE                                         r  clipper_cdf_inst/excess_total_reg[12]/C
                         clock pessimism              0.291    17.357    
                         clock uncertainty           -0.035    17.321    
    SLICE_X102Y49        FDCE (Setup_fdce_C_CE)      -0.119    17.202    clipper_cdf_inst/excess_total_reg[12]
  -------------------------------------------------------------------
                         required time                         17.202    
                         arrival time                         -15.145    
  -------------------------------------------------------------------
                         slack                                  2.058    

Slack (MET) :             2.058ns  (required time - arrival time)
  Source:                 clipper_cdf_inst/cdf_wr_en_reg/C
                            (rising edge-triggered cell FDCE clocked by pclk  {rise@0.000ns fall@6.750ns period=13.500ns})
  Destination:            clipper_cdf_inst/excess_total_reg[13]/CE
                            (rising edge-triggered cell FDCE clocked by pclk  {rise@0.000ns fall@6.750ns period=13.500ns})
  Path Group:             pclk
  Path Type:              Setup (Max at Slow Process Corner)
  Requirement:            13.500ns  (pclk rise@13.500ns - pclk rise@0.000ns)
  Data Path Delay:        11.171ns  (logic 1.504ns (13.463%)  route 9.667ns (86.537%))
  Logic Levels:           7  (CARRY4=1 LUT3=1 LUT4=1 LUT6=3 MUXF7=1)
  Clock Path Skew:        -0.117ns (DCD - SCD + CPR)
    Destination Clock Delay (DCD):    3.565ns = ( 17.065 - 13.500 ) 
    Source Clock Delay      (SCD):    3.974ns
    Clock Pessimism Removal (CPR):    0.291ns
  Clock Uncertainty:      0.035ns  ((TSJ^2 + TIJ^2)^1/2 + DJ) / 2 + PE
    Total System Jitter     (TSJ):    0.071ns
    Total Input Jitter      (TIJ):    0.000ns
    Discrete Jitter          (DJ):    0.000ns
    Phase Error              (PE):    0.000ns

    Location             Delay type                Incr(ns)  Path(ns)    Netlist Resource(s)
  -------------------------------------------------------------------    -------------------
                         (clock pclk rise edge)       0.000     0.000 r  
    U7                                                0.000     0.000 r  pclk (IN)
                         net (fo=0)                   0.000     0.000    pclk
    U7                   IBUF (Prop_ibuf_I_O)         0.908     0.908 r  pclk_IBUF_inst/O
                         net (fo=1, routed)           1.636     2.544    pclk_IBUF
    BUFGCTRL_X0Y0        BUFG (Prop_bufg_I_O)         0.079     2.623 r  pclk_IBUF_BUFG_inst/O
                         net (fo=647, routed)         1.351     3.974    clipper_cdf_inst/pclk_IBUF_BUFG
    SLICE_X105Y68        FDCE                                         r  clipper_cdf_inst/cdf_wr_en_reg/C
  -------------------------------------------------------------------    -------------------
    SLICE_X105Y68        FDCE (Prop_fdce_C_Q)         0.341     4.315 r  clipper_cdf_inst/cdf_wr_en_reg/Q
                         net (fo=46, routed)          1.033     5.348    clipper_cdf_inst/cdf_wr_en
    SLICE_X110Y60        LUT3 (Prop_lut3_I2_O)        0.097     5.445 r  clipper_cdf_inst/ram_reg_i_57/O
                         net (fo=416, routed)         5.472    10.917    ram_16tiles_inst/gen_ram_b[15].ram_b_inst/cdf_tile_idx[1]
    SLICE_X101Y53        LUT6 (Prop_lut6_I2_O)        0.097    11.014 r  ram_16tiles_inst/gen_ram_b[15].ram_b_inst/hist_buf_dina_r[9]_i_8/O
                         net (fo=1, routed)           0.000    11.014    ram_16tiles_inst/gen_ram_b[11].ram_b_inst/hist_buf_dina_r[9]_i_2_0
    SLICE_X101Y53        MUXF7 (Prop_muxf7_I1_O)      0.167    11.181 r  ram_16tiles_inst/gen_ram_b[11].ram_b_inst/hist_buf_dina_r_reg[9]_i_3/O
                         net (fo=1, routed)           0.583    11.764    ram_16tiles_inst/gen_ram_b[11].ram_b_inst/hist_buf_dina_r_reg[9]_i_3_n_0
    SLICE_X99Y53         LUT6 (Prop_lut6_I0_O)        0.229    11.993 r  ram_16tiles_inst/gen_ram_b[11].ram_b_inst/hist_buf_dina_r[9]_i_2/O
                         net (fo=6, routed)           0.908    12.901    ram_16tiles_inst/gen_ram_b[11].ram_b_inst/ping_pong_flag_reg_rep_5
    SLICE_X102Y48        LUT4 (Prop_lut4_I3_O)        0.097    12.998 r  ram_16tiles_inst/gen_ram_b[11].ram_b_inst/excess_total[16]_i_14/O
                         net (fo=1, routed)           0.000    12.998    ram_16tiles_inst/gen_ram_b[11].ram_b_inst/excess_total[16]_i_14_n_0
    SLICE_X102Y48        CARRY4 (Prop_carry4_S[0]_CO[3])
                                                      0.379    13.377 r  ram_16tiles_inst/gen_ram_b[11].ram_b_inst/excess_total_reg[16]_i_4/CO[3]
                         net (fo=17, routed)          0.967    14.345    clipper_cdf_inst/CO[0]
    SLICE_X108Y49        LUT6 (Prop_lut6_I2_O)        0.097    14.442 r  clipper_cdf_inst/excess_total[16]_i_1/O
                         net (fo=17, routed)          0.703    15.145    clipper_cdf_inst/excess_total[16]_i_1_n_0
    SLICE_X102Y49        FDCE                                         r  clipper_cdf_inst/excess_total_reg[13]/CE
  -------------------------------------------------------------------    -------------------

                         (clock pclk rise edge)      13.500    13.500 r  
    U7                                                0.000    13.500 r  pclk (IN)
                         net (fo=0)                   0.000    13.500    pclk
    U7                   IBUF (Prop_ibuf_I_O)         0.776    14.276 r  pclk_IBUF_inst/O
                         net (fo=1, routed)           1.484    15.759    pclk_IBUF
    BUFGCTRL_X0Y0        BUFG (Prop_bufg_I_O)         0.072    15.831 r  pclk_IBUF_BUFG_inst/O
                         net (fo=647, routed)         1.234    17.065    clipper_cdf_inst/pclk_IBUF_BUFG
    SLICE_X102Y49        FDCE                                         r  clipper_cdf_inst/excess_total_reg[13]/C
                         clock pessimism              0.291    17.357    
                         clock uncertainty           -0.035    17.321    
    SLICE_X102Y49        FDCE (Setup_fdce_C_CE)      -0.119    17.202    clipper_cdf_inst/excess_total_reg[13]
  -------------------------------------------------------------------
                         required time                         17.202    
                         arrival time                         -15.145    
  -------------------------------------------------------------------
                         slack                                  2.058    





Min Delay Paths
--------------------------------------------------------------------------------------
Slack (MET) :             0.075ns  (arrival time - required time)
  Source:                 clipper_cdf_inst/hist_buf_dina_r_reg[1]/C
                            (rising edge-triggered cell FDCE clocked by pclk  {rise@0.000ns fall@6.750ns period=13.500ns})
  Destination:            clipper_cdf_inst/hist_buf_ram_inst/ram_reg/DIADI[1]
                            (rising edge-triggered cell RAMB18E1 clocked by pclk  {rise@0.000ns fall@6.750ns period=13.500ns})
  Path Group:             pclk
  Path Type:              Hold (Min at Fast Process Corner)
  Requirement:            0.000ns  (pclk rise@0.000ns - pclk rise@0.000ns)
  Data Path Delay:        0.229ns  (logic 0.128ns (55.887%)  route 0.101ns (44.113%))
  Logic Levels:           0  
  Clock Path Skew:        0.052ns (DCD - SCD - CPR)
    Destination Clock Delay (DCD):    2.143ns
    Source Clock Delay      (SCD):    1.588ns
    Clock Pessimism Removal (CPR):    0.503ns

    Location             Delay type                Incr(ns)  Path(ns)    Netlist Resource(s)
  -------------------------------------------------------------------    -------------------
                         (clock pclk rise edge)       0.000     0.000 r  
    U7                                                0.000     0.000 r  pclk (IN)
                         net (fo=0)                   0.000     0.000    pclk
    U7                   IBUF (Prop_ibuf_I_O)         0.286     0.286 r  pclk_IBUF_inst/O
                         net (fo=1, routed)           0.663     0.949    pclk_IBUF
    BUFGCTRL_X0Y0        BUFG (Prop_bufg_I_O)         0.026     0.975 r  pclk_IBUF_BUFG_inst/O
                         net (fo=647, routed)         0.613     1.588    clipper_cdf_inst/pclk_IBUF_BUFG
    SLICE_X105Y49        FDCE                                         r  clipper_cdf_inst/hist_buf_dina_r_reg[1]/C
  -------------------------------------------------------------------    -------------------
    SLICE_X105Y49        FDCE (Prop_fdce_C_Q)         0.128     1.716 r  clipper_cdf_inst/hist_buf_dina_r_reg[1]/Q
                         net (fo=1, routed)           0.101     1.817    clipper_cdf_inst/hist_buf_ram_inst/ram_reg_3[1]
    RAMB18_X5Y19         RAMB18E1                                     r  clipper_cdf_inst/hist_buf_ram_inst/ram_reg/DIADI[1]
  -------------------------------------------------------------------    -------------------

                         (clock pclk rise edge)       0.000     0.000 r  
    U7                                                0.000     0.000 r  pclk (IN)
                         net (fo=0)                   0.000     0.000    pclk
    U7                   IBUF (Prop_ibuf_I_O)         0.476     0.476 r  pclk_IBUF_inst/O
                         net (fo=1, routed)           0.719     1.195    pclk_IBUF
    BUFGCTRL_X0Y0        BUFG (Prop_bufg_I_O)         0.029     1.224 r  pclk_IBUF_BUFG_inst/O
                         net (fo=647, routed)         0.919     2.143    clipper_cdf_inst/hist_buf_ram_inst/pclk_IBUF_BUFG
    RAMB18_X5Y19         RAMB18E1                                     r  clipper_cdf_inst/hist_buf_ram_inst/ram_reg/CLKARDCLK
                         clock pessimism             -0.503     1.640    
    RAMB18_X5Y19         RAMB18E1 (Hold_ramb18e1_CLKARDCLK_DIADI[1])
                                                      0.102     1.742    clipper_cdf_inst/hist_buf_ram_inst/ram_reg
  -------------------------------------------------------------------
                         required time                         -1.742    
                         arrival time                           1.817    
  -------------------------------------------------------------------
                         slack                                  0.075    

Slack (MET) :             0.077ns  (arrival time - required time)
  Source:                 clipper_cdf_inst/hist_buf_dina_r_reg[8]/C
                            (rising edge-triggered cell FDCE clocked by pclk  {rise@0.000ns fall@6.750ns period=13.500ns})
  Destination:            clipper_cdf_inst/hist_buf_ram_inst/ram_reg/DIADI[8]
                            (rising edge-triggered cell RAMB18E1 clocked by pclk  {rise@0.000ns fall@6.750ns period=13.500ns})
  Path Group:             pclk
  Path Type:              Hold (Min at Fast Process Corner)
  Requirement:            0.000ns  (pclk rise@0.000ns - pclk rise@0.000ns)
  Data Path Delay:        0.231ns  (logic 0.128ns (55.487%)  route 0.103ns (44.513%))
  Logic Levels:           0  
  Clock Path Skew:        0.052ns (DCD - SCD - CPR)
    Destination Clock Delay (DCD):    2.143ns
    Source Clock Delay      (SCD):    1.588ns
    Clock Pessimism Removal (CPR):    0.503ns

    Location             Delay type                Incr(ns)  Path(ns)    Netlist Resource(s)
  -------------------------------------------------------------------    -------------------
                         (clock pclk rise edge)       0.000     0.000 r  
    U7                                                0.000     0.000 r  pclk (IN)
                         net (fo=0)                   0.000     0.000    pclk
    U7                   IBUF (Prop_ibuf_I_O)         0.286     0.286 r  pclk_IBUF_inst/O
                         net (fo=1, routed)           0.663     0.949    pclk_IBUF
    BUFGCTRL_X0Y0        BUFG (Prop_bufg_I_O)         0.026     0.975 r  pclk_IBUF_BUFG_inst/O
                         net (fo=647, routed)         0.613     1.588    clipper_cdf_inst/pclk_IBUF_BUFG
    SLICE_X105Y48        FDCE                                         r  clipper_cdf_inst/hist_buf_dina_r_reg[8]/C
  -------------------------------------------------------------------    -------------------
    SLICE_X105Y48        FDCE (Prop_fdce_C_Q)         0.128     1.716 r  clipper_cdf_inst/hist_buf_dina_r_reg[8]/Q
                         net (fo=1, routed)           0.103     1.819    clipper_cdf_inst/hist_buf_ram_inst/ram_reg_3[8]
    RAMB18_X5Y19         RAMB18E1                                     r  clipper_cdf_inst/hist_buf_ram_inst/ram_reg/DIADI[8]
  -------------------------------------------------------------------    -------------------

                         (clock pclk rise edge)       0.000     0.000 r  
    U7                                                0.000     0.000 r  pclk (IN)
                         net (fo=0)                   0.000     0.000    pclk
    U7                   IBUF (Prop_ibuf_I_O)         0.476     0.476 r  pclk_IBUF_inst/O
                         net (fo=1, routed)           0.719     1.195    pclk_IBUF
    BUFGCTRL_X0Y0        BUFG (Prop_bufg_I_O)         0.029     1.224 r  pclk_IBUF_BUFG_inst/O
                         net (fo=647, routed)         0.919     2.143    clipper_cdf_inst/hist_buf_ram_inst/pclk_IBUF_BUFG
    RAMB18_X5Y19         RAMB18E1                                     r  clipper_cdf_inst/hist_buf_ram_inst/ram_reg/CLKARDCLK
                         clock pessimism             -0.503     1.640    
    RAMB18_X5Y19         RAMB18E1 (Hold_ramb18e1_CLKARDCLK_DIADI[8])
                                                      0.102     1.742    clipper_cdf_inst/hist_buf_ram_inst/ram_reg
  -------------------------------------------------------------------
                         required time                         -1.742    
                         arrival time                           1.819    
  -------------------------------------------------------------------
                         slack                                  0.077    

Slack (MET) :             0.077ns  (arrival time - required time)
  Source:                 clipper_cdf_inst/hist_buf_dina_r_reg[3]/C
                            (rising edge-triggered cell FDCE clocked by pclk  {rise@0.000ns fall@6.750ns period=13.500ns})
  Destination:            clipper_cdf_inst/hist_buf_ram_inst/ram_reg/DIADI[3]
                            (rising edge-triggered cell RAMB18E1 clocked by pclk  {rise@0.000ns fall@6.750ns period=13.500ns})
  Path Group:             pclk
  Path Type:              Hold (Min at Fast Process Corner)
  Requirement:            0.000ns  (pclk rise@0.000ns - pclk rise@0.000ns)
  Data Path Delay:        0.231ns  (logic 0.128ns (55.427%)  route 0.103ns (44.573%))
  Logic Levels:           0  
  Clock Path Skew:        0.052ns (DCD - SCD - CPR)
    Destination Clock Delay (DCD):    2.143ns
    Source Clock Delay      (SCD):    1.588ns
    Clock Pessimism Removal (CPR):    0.503ns

    Location             Delay type                Incr(ns)  Path(ns)    Netlist Resource(s)
  -------------------------------------------------------------------    -------------------
                         (clock pclk rise edge)       0.000     0.000 r  
    U7                                                0.000     0.000 r  pclk (IN)
                         net (fo=0)                   0.000     0.000    pclk
    U7                   IBUF (Prop_ibuf_I_O)         0.286     0.286 r  pclk_IBUF_inst/O
                         net (fo=1, routed)           0.663     0.949    pclk_IBUF
    BUFGCTRL_X0Y0        BUFG (Prop_bufg_I_O)         0.026     0.975 r  pclk_IBUF_BUFG_inst/O
                         net (fo=647, routed)         0.613     1.588    clipper_cdf_inst/pclk_IBUF_BUFG
    SLICE_X105Y48        FDCE                                         r  clipper_cdf_inst/hist_buf_dina_r_reg[3]/C
  -------------------------------------------------------------------    -------------------
    SLICE_X105Y48        FDCE (Prop_fdce_C_Q)         0.128     1.716 r  clipper_cdf_inst/hist_buf_dina_r_reg[3]/Q
                         net (fo=1, routed)           0.103     1.819    clipper_cdf_inst/hist_buf_ram_inst/ram_reg_3[3]
    RAMB18_X5Y19         RAMB18E1                                     r  clipper_cdf_inst/hist_buf_ram_inst/ram_reg/DIADI[3]
  -------------------------------------------------------------------    -------------------

                         (clock pclk rise edge)       0.000     0.000 r  
    U7                                                0.000     0.000 r  pclk (IN)
                         net (fo=0)                   0.000     0.000    pclk
    U7                   IBUF (Prop_ibuf_I_O)         0.476     0.476 r  pclk_IBUF_inst/O
                         net (fo=1, routed)           0.719     1.195    pclk_IBUF
    BUFGCTRL_X0Y0        BUFG (Prop_bufg_I_O)         0.029     1.224 r  pclk_IBUF_BUFG_inst/O
                         net (fo=647, routed)         0.919     2.143    clipper_cdf_inst/hist_buf_ram_inst/pclk_IBUF_BUFG
    RAMB18_X5Y19         RAMB18E1                                     r  clipper_cdf_inst/hist_buf_ram_inst/ram_reg/CLKARDCLK
                         clock pessimism             -0.503     1.640    
    RAMB18_X5Y19         RAMB18E1 (Hold_ramb18e1_CLKARDCLK_DIADI[3])
                                                      0.102     1.742    clipper_cdf_inst/hist_buf_ram_inst/ram_reg
  -------------------------------------------------------------------
                         required time                         -1.742    
                         arrival time                           1.819    
  -------------------------------------------------------------------
                         slack                                  0.077    

Slack (MET) :             0.088ns  (arrival time - required time)
  Source:                 clipper_cdf_inst/hist_buf_dina_r_reg[13]/C
                            (rising edge-triggered cell FDCE clocked by pclk  {rise@0.000ns fall@6.750ns period=13.500ns})
  Destination:            clipper_cdf_inst/hist_buf_ram_inst/ram_reg/DIADI[13]
                            (rising edge-triggered cell RAMB18E1 clocked by pclk  {rise@0.000ns fall@6.750ns period=13.500ns})
  Path Group:             pclk
  Path Type:              Hold (Min at Fast Process Corner)
  Requirement:            0.000ns  (pclk rise@0.000ns - pclk rise@0.000ns)
  Data Path Delay:        0.295ns  (logic 0.141ns (47.750%)  route 0.154ns (52.250%))
  Logic Levels:           0  
  Clock Path Skew:        0.052ns (DCD - SCD - CPR)
    Destination Clock Delay (DCD):    2.143ns
    Source Clock Delay      (SCD):    1.588ns
    Clock Pessimism Removal (CPR):    0.503ns

    Location             Delay type                Incr(ns)  Path(ns)    Netlist Resource(s)
  -------------------------------------------------------------------    -------------------
                         (clock pclk rise edge)       0.000     0.000 r  
    U7                                                0.000     0.000 r  pclk (IN)
                         net (fo=0)                   0.000     0.000    pclk
    U7                   IBUF (Prop_ibuf_I_O)         0.286     0.286 r  pclk_IBUF_inst/O
                         net (fo=1, routed)           0.663     0.949    pclk_IBUF
    BUFGCTRL_X0Y0        BUFG (Prop_bufg_I_O)         0.026     0.975 r  pclk_IBUF_BUFG_inst/O
                         net (fo=647, routed)         0.613     1.588    clipper_cdf_inst/pclk_IBUF_BUFG
    SLICE_X105Y49        FDCE                                         r  clipper_cdf_inst/hist_buf_dina_r_reg[13]/C
  -------------------------------------------------------------------    -------------------
    SLICE_X105Y49        FDCE (Prop_fdce_C_Q)         0.141     1.729 r  clipper_cdf_inst/hist_buf_dina_r_reg[13]/Q
                         net (fo=1, routed)           0.154     1.883    clipper_cdf_inst/hist_buf_ram_inst/ram_reg_3[13]
    RAMB18_X5Y19         RAMB18E1                                     r  clipper_cdf_inst/hist_buf_ram_inst/ram_reg/DIADI[13]
  -------------------------------------------------------------------    -------------------

                         (clock pclk rise edge)       0.000     0.000 r  
    U7                                                0.000     0.000 r  pclk (IN)
                         net (fo=0)                   0.000     0.000    pclk
    U7                   IBUF (Prop_ibuf_I_O)         0.476     0.476 r  pclk_IBUF_inst/O
                         net (fo=1, routed)           0.719     1.195    pclk_IBUF
    BUFGCTRL_X0Y0        BUFG (Prop_bufg_I_O)         0.029     1.224 r  pclk_IBUF_BUFG_inst/O
                         net (fo=647, routed)         0.919     2.143    clipper_cdf_inst/hist_buf_ram_inst/pclk_IBUF_BUFG
    RAMB18_X5Y19         RAMB18E1                                     r  clipper_cdf_inst/hist_buf_ram_inst/ram_reg/CLKARDCLK
                         clock pessimism             -0.503     1.640    
    RAMB18_X5Y19         RAMB18E1 (Hold_ramb18e1_CLKARDCLK_DIADI[13])
                                                      0.155     1.795    clipper_cdf_inst/hist_buf_ram_inst/ram_reg
  -------------------------------------------------------------------
                         required time                         -1.795    
                         arrival time                           1.883    
  -------------------------------------------------------------------
                         slack                                  0.088    

Slack (MET) :             0.089ns  (arrival time - required time)
  Source:                 clipper_cdf_inst/hist_buf_dina_r_reg[14]/C
                            (rising edge-triggered cell FDCE clocked by pclk  {rise@0.000ns fall@6.750ns period=13.500ns})
  Destination:            clipper_cdf_inst/hist_buf_ram_inst/ram_reg/DIADI[14]
                            (rising edge-triggered cell RAMB18E1 clocked by pclk  {rise@0.000ns fall@6.750ns period=13.500ns})
  Path Group:             pclk
  Path Type:              Hold (Min at Fast Process Corner)
  Requirement:            0.000ns  (pclk rise@0.000ns - pclk rise@0.000ns)
  Data Path Delay:        0.296ns  (logic 0.141ns (47.589%)  route 0.155ns (52.411%))
  Logic Levels:           0  
  Clock Path Skew:        0.052ns (DCD - SCD - CPR)
    Destination Clock Delay (DCD):    2.143ns
    Source Clock Delay      (SCD):    1.588ns
    Clock Pessimism Removal (CPR):    0.503ns

    Location             Delay type                Incr(ns)  Path(ns)    Netlist Resource(s)
  -------------------------------------------------------------------    -------------------
                         (clock pclk rise edge)       0.000     0.000 r  
    U7                                                0.000     0.000 r  pclk (IN)
                         net (fo=0)                   0.000     0.000    pclk
    U7                   IBUF (Prop_ibuf_I_O)         0.286     0.286 r  pclk_IBUF_inst/O
                         net (fo=1, routed)           0.663     0.949    pclk_IBUF
    BUFGCTRL_X0Y0        BUFG (Prop_bufg_I_O)         0.026     0.975 r  pclk_IBUF_BUFG_inst/O
                         net (fo=647, routed)         0.613     1.588    clipper_cdf_inst/pclk_IBUF_BUFG
    SLICE_X105Y49        FDCE                                         r  clipper_cdf_inst/hist_buf_dina_r_reg[14]/C
  -------------------------------------------------------------------    -------------------
    SLICE_X105Y49        FDCE (Prop_fdce_C_Q)         0.141     1.729 r  clipper_cdf_inst/hist_buf_dina_r_reg[14]/Q
                         net (fo=1, routed)           0.155     1.884    clipper_cdf_inst/hist_buf_ram_inst/ram_reg_3[14]
    RAMB18_X5Y19         RAMB18E1                                     r  clipper_cdf_inst/hist_buf_ram_inst/ram_reg/DIADI[14]
  -------------------------------------------------------------------    -------------------

                         (clock pclk rise edge)       0.000     0.000 r  
    U7                                                0.000     0.000 r  pclk (IN)
                         net (fo=0)                   0.000     0.000    pclk
    U7                   IBUF (Prop_ibuf_I_O)         0.476     0.476 r  pclk_IBUF_inst/O
                         net (fo=1, routed)           0.719     1.195    pclk_IBUF
    BUFGCTRL_X0Y0        BUFG (Prop_bufg_I_O)         0.029     1.224 r  pclk_IBUF_BUFG_inst/O
                         net (fo=647, routed)         0.919     2.143    clipper_cdf_inst/hist_buf_ram_inst/pclk_IBUF_BUFG
    RAMB18_X5Y19         RAMB18E1                                     r  clipper_cdf_inst/hist_buf_ram_inst/ram_reg/CLKARDCLK
                         clock pessimism             -0.503     1.640    
    RAMB18_X5Y19         RAMB18E1 (Hold_ramb18e1_CLKARDCLK_DIADI[14])
                                                      0.155     1.795    clipper_cdf_inst/hist_buf_ram_inst/ram_reg
  -------------------------------------------------------------------
                         required time                         -1.795    
                         arrival time                           1.884    
  -------------------------------------------------------------------
                         slack                                  0.089    

Slack (MET) :             0.092ns  (arrival time - required time)
  Source:                 clipper_cdf_inst/hist_buf_dina_r_reg[12]/C
                            (rising edge-triggered cell FDCE clocked by pclk  {rise@0.000ns fall@6.750ns period=13.500ns})
  Destination:            clipper_cdf_inst/hist_buf_ram_inst/ram_reg/DIADI[12]
                            (rising edge-triggered cell RAMB18E1 clocked by pclk  {rise@0.000ns fall@6.750ns period=13.500ns})
  Path Group:             pclk
  Path Type:              Hold (Min at Fast Process Corner)
  Requirement:            0.000ns  (pclk rise@0.000ns - pclk rise@0.000ns)
  Data Path Delay:        0.299ns  (logic 0.141ns (47.213%)  route 0.158ns (52.787%))
  Logic Levels:           0  
  Clock Path Skew:        0.052ns (DCD - SCD - CPR)
    Destination Clock Delay (DCD):    2.143ns
    Source Clock Delay      (SCD):    1.588ns
    Clock Pessimism Removal (CPR):    0.503ns

    Location             Delay type                Incr(ns)  Path(ns)    Netlist Resource(s)
  -------------------------------------------------------------------    -------------------
                         (clock pclk rise edge)       0.000     0.000 r  
    U7                                                0.000     0.000 r  pclk (IN)
                         net (fo=0)                   0.000     0.000    pclk
    U7                   IBUF (Prop_ibuf_I_O)         0.286     0.286 r  pclk_IBUF_inst/O
                         net (fo=1, routed)           0.663     0.949    pclk_IBUF
    BUFGCTRL_X0Y0        BUFG (Prop_bufg_I_O)         0.026     0.975 r  pclk_IBUF_BUFG_inst/O
                         net (fo=647, routed)         0.613     1.588    clipper_cdf_inst/pclk_IBUF_BUFG
    SLICE_X105Y48        FDCE                                         r  clipper_cdf_inst/hist_buf_dina_r_reg[12]/C
  -------------------------------------------------------------------    -------------------
    SLICE_X105Y48        FDCE (Prop_fdce_C_Q)         0.141     1.729 r  clipper_cdf_inst/hist_buf_dina_r_reg[12]/Q
                         net (fo=1, routed)           0.158     1.887    clipper_cdf_inst/hist_buf_ram_inst/ram_reg_3[12]
    RAMB18_X5Y19         RAMB18E1                                     r  clipper_cdf_inst/hist_buf_ram_inst/ram_reg/DIADI[12]
  -------------------------------------------------------------------    -------------------

                         (clock pclk rise edge)       0.000     0.000 r  
    U7                                                0.000     0.000 r  pclk (IN)
                         net (fo=0)                   0.000     0.000    pclk
    U7                   IBUF (Prop_ibuf_I_O)         0.476     0.476 r  pclk_IBUF_inst/O
                         net (fo=1, routed)           0.719     1.195    pclk_IBUF
    BUFGCTRL_X0Y0        BUFG (Prop_bufg_I_O)         0.029     1.224 r  pclk_IBUF_BUFG_inst/O
                         net (fo=647, routed)         0.919     2.143    clipper_cdf_inst/hist_buf_ram_inst/pclk_IBUF_BUFG
    RAMB18_X5Y19         RAMB18E1                                     r  clipper_cdf_inst/hist_buf_ram_inst/ram_reg/CLKARDCLK
                         clock pessimism             -0.503     1.640    
    RAMB18_X5Y19         RAMB18E1 (Hold_ramb18e1_CLKARDCLK_DIADI[12])
                                                      0.155     1.795    clipper_cdf_inst/hist_buf_ram_inst/ram_reg
  -------------------------------------------------------------------
                         required time                         -1.795    
                         arrival time                           1.887    
  -------------------------------------------------------------------
                         slack                                  0.092    

Slack (MET) :             0.094ns  (arrival time - required time)
  Source:                 clipper_cdf_inst/hist_buf_dina_r_reg[7]/C
                            (rising edge-triggered cell FDCE clocked by pclk  {rise@0.000ns fall@6.750ns period=13.500ns})
  Destination:            clipper_cdf_inst/hist_buf_ram_inst/ram_reg/DIADI[7]
                            (rising edge-triggered cell RAMB18E1 clocked by pclk  {rise@0.000ns fall@6.750ns period=13.500ns})
  Path Group:             pclk
  Path Type:              Hold (Min at Fast Process Corner)
  Requirement:            0.000ns  (pclk rise@0.000ns - pclk rise@0.000ns)
  Data Path Delay:        0.301ns  (logic 0.141ns (46.873%)  route 0.160ns (53.127%))
  Logic Levels:           0  
  Clock Path Skew:        0.052ns (DCD - SCD - CPR)
    Destination Clock Delay (DCD):    2.143ns
    Source Clock Delay      (SCD):    1.588ns
    Clock Pessimism Removal (CPR):    0.503ns

    Location             Delay type                Incr(ns)  Path(ns)    Netlist Resource(s)
  -------------------------------------------------------------------    -------------------
                         (clock pclk rise edge)       0.000     0.000 r  
    U7                                                0.000     0.000 r  pclk (IN)
                         net (fo=0)                   0.000     0.000    pclk
    U7                   IBUF (Prop_ibuf_I_O)         0.286     0.286 r  pclk_IBUF_inst/O
                         net (fo=1, routed)           0.663     0.949    pclk_IBUF
    BUFGCTRL_X0Y0        BUFG (Prop_bufg_I_O)         0.026     0.975 r  pclk_IBUF_BUFG_inst/O
                         net (fo=647, routed)         0.613     1.588    clipper_cdf_inst/pclk_IBUF_BUFG
    SLICE_X105Y48        FDCE                                         r  clipper_cdf_inst/hist_buf_dina_r_reg[7]/C
  -------------------------------------------------------------------    -------------------
    SLICE_X105Y48        FDCE (Prop_fdce_C_Q)         0.141     1.729 r  clipper_cdf_inst/hist_buf_dina_r_reg[7]/Q
                         net (fo=1, routed)           0.160     1.889    clipper_cdf_inst/hist_buf_ram_inst/ram_reg_3[7]
    RAMB18_X5Y19         RAMB18E1                                     r  clipper_cdf_inst/hist_buf_ram_inst/ram_reg/DIADI[7]
  -------------------------------------------------------------------    -------------------

                         (clock pclk rise edge)       0.000     0.000 r  
    U7                                                0.000     0.000 r  pclk (IN)
                         net (fo=0)                   0.000     0.000    pclk
    U7                   IBUF (Prop_ibuf_I_O)         0.476     0.476 r  pclk_IBUF_inst/O
                         net (fo=1, routed)           0.719     1.195    pclk_IBUF
    BUFGCTRL_X0Y0        BUFG (Prop_bufg_I_O)         0.029     1.224 r  pclk_IBUF_BUFG_inst/O
                         net (fo=647, routed)         0.919     2.143    clipper_cdf_inst/hist_buf_ram_inst/pclk_IBUF_BUFG
    RAMB18_X5Y19         RAMB18E1                                     r  clipper_cdf_inst/hist_buf_ram_inst/ram_reg/CLKARDCLK
                         clock pessimism             -0.503     1.640    
    RAMB18_X5Y19         RAMB18E1 (Hold_ramb18e1_CLKARDCLK_DIADI[7])
                                                      0.155     1.795    clipper_cdf_inst/hist_buf_ram_inst/ram_reg
  -------------------------------------------------------------------
                         required time                         -1.795    
                         arrival time                           1.889    
  -------------------------------------------------------------------
                         slack                                  0.094    

Slack (MET) :             0.127ns  (arrival time - required time)
  Source:                 clipper_cdf_inst/hist_buf_dinb_r_reg[1]/C
                            (rising edge-triggered cell FDCE clocked by pclk  {rise@0.000ns fall@6.750ns period=13.500ns})
  Destination:            clipper_cdf_inst/hist_buf_ram_inst/ram_reg/DIBDI[1]
                            (rising edge-triggered cell RAMB18E1 clocked by pclk  {rise@0.000ns fall@6.750ns period=13.500ns})
  Path Group:             pclk
  Path Type:              Hold (Min at Fast Process Corner)
  Requirement:            0.000ns  (pclk rise@0.000ns - pclk rise@0.000ns)
  Data Path Delay:        0.327ns  (logic 0.141ns (43.129%)  route 0.186ns (56.871%))
  Logic Levels:           0  
  Clock Path Skew:        0.045ns (DCD - SCD - CPR)
    Destination Clock Delay (DCD):    2.142ns
    Source Clock Delay      (SCD):    1.615ns
    Clock Pessimism Removal (CPR):    0.482ns

    Location             Delay type                Incr(ns)  Path(ns)    Netlist Resource(s)
  -------------------------------------------------------------------    -------------------
                         (clock pclk rise edge)       0.000     0.000 r  
    U7                                                0.000     0.000 r  pclk (IN)
                         net (fo=0)                   0.000     0.000    pclk
    U7                   IBUF (Prop_ibuf_I_O)         0.286     0.286 r  pclk_IBUF_inst/O
                         net (fo=1, routed)           0.663     0.949    pclk_IBUF
    BUFGCTRL_X0Y0        BUFG (Prop_bufg_I_O)         0.026     0.975 r  pclk_IBUF_BUFG_inst/O
                         net (fo=647, routed)         0.640     1.615    clipper_cdf_inst/pclk_IBUF_BUFG
    SLICE_X106Y47        FDCE                                         r  clipper_cdf_inst/hist_buf_dinb_r_reg[1]/C
  -------------------------------------------------------------------    -------------------
    SLICE_X106Y47        FDCE (Prop_fdce_C_Q)         0.141     1.756 r  clipper_cdf_inst/hist_buf_dinb_r_reg[1]/Q
                         net (fo=1, routed)           0.186     1.942    clipper_cdf_inst/hist_buf_ram_inst/ram_reg_4[1]
    RAMB18_X5Y19         RAMB18E1                                     r  clipper_cdf_inst/hist_buf_ram_inst/ram_reg/DIBDI[1]
  -------------------------------------------------------------------    -------------------

                         (clock pclk rise edge)       0.000     0.000 r  
    U7                                                0.000     0.000 r  pclk (IN)
                         net (fo=0)                   0.000     0.000    pclk
    U7                   IBUF (Prop_ibuf_I_O)         0.476     0.476 r  pclk_IBUF_inst/O
                         net (fo=1, routed)           0.719     1.195    pclk_IBUF
    BUFGCTRL_X0Y0        BUFG (Prop_bufg_I_O)         0.029     1.224 r  pclk_IBUF_BUFG_inst/O
                         net (fo=647, routed)         0.918     2.142    clipper_cdf_inst/hist_buf_ram_inst/pclk_IBUF_BUFG
    RAMB18_X5Y19         RAMB18E1                                     r  clipper_cdf_inst/hist_buf_ram_inst/ram_reg/CLKBWRCLK
                         clock pessimism             -0.482     1.660    
    RAMB18_X5Y19         RAMB18E1 (Hold_ramb18e1_CLKBWRCLK_DIBDI[1])
                                                      0.155     1.815    clipper_cdf_inst/hist_buf_ram_inst/ram_reg
  -------------------------------------------------------------------
                         required time                         -1.815    
                         arrival time                           1.942    
  -------------------------------------------------------------------
                         slack                                  0.127    

Slack (MET) :             0.127ns  (arrival time - required time)
  Source:                 clipper_cdf_inst/hist_buf_dinb_r_reg[5]/C
                            (rising edge-triggered cell FDCE clocked by pclk  {rise@0.000ns fall@6.750ns period=13.500ns})
  Destination:            clipper_cdf_inst/hist_buf_ram_inst/ram_reg/DIBDI[5]
                            (rising edge-triggered cell RAMB18E1 clocked by pclk  {rise@0.000ns fall@6.750ns period=13.500ns})
  Path Group:             pclk
  Path Type:              Hold (Min at Fast Process Corner)
  Requirement:            0.000ns  (pclk rise@0.000ns - pclk rise@0.000ns)
  Data Path Delay:        0.327ns  (logic 0.141ns (43.129%)  route 0.186ns (56.871%))
  Logic Levels:           0  
  Clock Path Skew:        0.045ns (DCD - SCD - CPR)
    Destination Clock Delay (DCD):    2.142ns
    Source Clock Delay      (SCD):    1.615ns
    Clock Pessimism Removal (CPR):    0.482ns

    Location             Delay type                Incr(ns)  Path(ns)    Netlist Resource(s)
  -------------------------------------------------------------------    -------------------
                         (clock pclk rise edge)       0.000     0.000 r  
    U7                                                0.000     0.000 r  pclk (IN)
                         net (fo=0)                   0.000     0.000    pclk
    U7                   IBUF (Prop_ibuf_I_O)         0.286     0.286 r  pclk_IBUF_inst/O
                         net (fo=1, routed)           0.663     0.949    pclk_IBUF
    BUFGCTRL_X0Y0        BUFG (Prop_bufg_I_O)         0.026     0.975 r  pclk_IBUF_BUFG_inst/O
                         net (fo=647, routed)         0.640     1.615    clipper_cdf_inst/pclk_IBUF_BUFG
    SLICE_X106Y48        FDCE                                         r  clipper_cdf_inst/hist_buf_dinb_r_reg[5]/C
  -------------------------------------------------------------------    -------------------
    SLICE_X106Y48        FDCE (Prop_fdce_C_Q)         0.141     1.756 r  clipper_cdf_inst/hist_buf_dinb_r_reg[5]/Q
                         net (fo=1, routed)           0.186     1.942    clipper_cdf_inst/hist_buf_ram_inst/ram_reg_4[5]
    RAMB18_X5Y19         RAMB18E1                                     r  clipper_cdf_inst/hist_buf_ram_inst/ram_reg/DIBDI[5]
  -------------------------------------------------------------------    -------------------

                         (clock pclk rise edge)       0.000     0.000 r  
    U7                                                0.000     0.000 r  pclk (IN)
                         net (fo=0)                   0.000     0.000    pclk
    U7                   IBUF (Prop_ibuf_I_O)         0.476     0.476 r  pclk_IBUF_inst/O
                         net (fo=1, routed)           0.719     1.195    pclk_IBUF
    BUFGCTRL_X0Y0        BUFG (Prop_bufg_I_O)         0.029     1.224 r  pclk_IBUF_BUFG_inst/O
                         net (fo=647, routed)         0.918     2.142    clipper_cdf_inst/hist_buf_ram_inst/pclk_IBUF_BUFG
    RAMB18_X5Y19         RAMB18E1                                     r  clipper_cdf_inst/hist_buf_ram_inst/ram_reg/CLKBWRCLK
                         clock pessimism             -0.482     1.660    
    RAMB18_X5Y19         RAMB18E1 (Hold_ramb18e1_CLKBWRCLK_DIBDI[5])
                                                      0.155     1.815    clipper_cdf_inst/hist_buf_ram_inst/ram_reg
  -------------------------------------------------------------------
                         required time                         -1.815    
                         arrival time                           1.942    
  -------------------------------------------------------------------
                         slack                                  0.127    

Slack (MET) :             0.130ns  (arrival time - required time)
  Source:                 clipper_cdf_inst/hist_buf_dinb_r_reg[3]/C
                            (rising edge-triggered cell FDCE clocked by pclk  {rise@0.000ns fall@6.750ns period=13.500ns})
  Destination:            clipper_cdf_inst/hist_buf_ram_inst/ram_reg/DIBDI[3]
                            (rising edge-triggered cell RAMB18E1 clocked by pclk  {rise@0.000ns fall@6.750ns period=13.500ns})
  Path Group:             pclk
  Path Type:              Hold (Min at Fast Process Corner)
  Requirement:            0.000ns  (pclk rise@0.000ns - pclk rise@0.000ns)
  Data Path Delay:        0.330ns  (logic 0.141ns (42.745%)  route 0.189ns (57.255%))
  Logic Levels:           0  
  Clock Path Skew:        0.045ns (DCD - SCD - CPR)
    Destination Clock Delay (DCD):    2.142ns
    Source Clock Delay      (SCD):    1.615ns
    Clock Pessimism Removal (CPR):    0.482ns

    Location             Delay type                Incr(ns)  Path(ns)    Netlist Resource(s)
  -------------------------------------------------------------------    -------------------
                         (clock pclk rise edge)       0.000     0.000 r  
    U7                                                0.000     0.000 r  pclk (IN)
                         net (fo=0)                   0.000     0.000    pclk
    U7                   IBUF (Prop_ibuf_I_O)         0.286     0.286 r  pclk_IBUF_inst/O
                         net (fo=1, routed)           0.663     0.949    pclk_IBUF
    BUFGCTRL_X0Y0        BUFG (Prop_bufg_I_O)         0.026     0.975 r  pclk_IBUF_BUFG_inst/O
                         net (fo=647, routed)         0.640     1.615    clipper_cdf_inst/pclk_IBUF_BUFG
    SLICE_X106Y47        FDCE                                         r  clipper_cdf_inst/hist_buf_dinb_r_reg[3]/C
  -------------------------------------------------------------------    -------------------
    SLICE_X106Y47        FDCE (Prop_fdce_C_Q)         0.141     1.756 r  clipper_cdf_inst/hist_buf_dinb_r_reg[3]/Q
                         net (fo=1, routed)           0.189     1.945    clipper_cdf_inst/hist_buf_ram_inst/ram_reg_4[3]
    RAMB18_X5Y19         RAMB18E1                                     r  clipper_cdf_inst/hist_buf_ram_inst/ram_reg/DIBDI[3]
  -------------------------------------------------------------------    -------------------

                         (clock pclk rise edge)       0.000     0.000 r  
    U7                                                0.000     0.000 r  pclk (IN)
                         net (fo=0)                   0.000     0.000    pclk
    U7                   IBUF (Prop_ibuf_I_O)         0.476     0.476 r  pclk_IBUF_inst/O
                         net (fo=1, routed)           0.719     1.195    pclk_IBUF
    BUFGCTRL_X0Y0        BUFG (Prop_bufg_I_O)         0.029     1.224 r  pclk_IBUF_BUFG_inst/O
                         net (fo=647, routed)         0.918     2.142    clipper_cdf_inst/hist_buf_ram_inst/pclk_IBUF_BUFG
    RAMB18_X5Y19         RAMB18E1                                     r  clipper_cdf_inst/hist_buf_ram_inst/ram_reg/CLKBWRCLK
                         clock pessimism             -0.482     1.660    
    RAMB18_X5Y19         RAMB18E1 (Hold_ramb18e1_CLKBWRCLK_DIBDI[3])
                                                      0.155     1.815    clipper_cdf_inst/hist_buf_ram_inst/ram_reg
  -------------------------------------------------------------------
                         required time                         -1.815    
                         arrival time                           1.945    
  -------------------------------------------------------------------
                         slack                                  0.130    





Pulse Width Checks
--------------------------------------------------------------------------------------
Clock Name:         pclk
Waveform(ns):       { 0.000 6.750 }
Period(ns):         13.500
Sources:            { pclk }

Check Type        Corner  Lib Pin             Reference Pin  Required(ns)  Actual(ns)  Slack(ns)  Location       Pin
Min Period        n/a     RAMB18E1/CLKARDCLK  n/a            2.234         13.500      11.266     RAMB18_X5Y20   clipper_cdf_inst/cdf_ram_inst/ram_reg/CLKARDCLK
Min Period        n/a     RAMB18E1/CLKBWRCLK  n/a            2.234         13.500      11.266     RAMB18_X5Y20   clipper_cdf_inst/cdf_ram_inst/ram_reg/CLKBWRCLK
Min Period        n/a     RAMB18E1/CLKARDCLK  n/a            2.234         13.500      11.266     RAMB18_X5Y19   clipper_cdf_inst/hist_buf_ram_inst/ram_reg/CLKARDCLK
Min Period        n/a     RAMB18E1/CLKBWRCLK  n/a            2.234         13.500      11.266     RAMB18_X5Y19   clipper_cdf_inst/hist_buf_ram_inst/ram_reg/CLKBWRCLK
Min Period        n/a     RAMB18E1/CLKARDCLK  n/a            1.962         13.500      11.538     RAMB18_X4Y27   ram_16tiles_inst/gen_ram_a[0].ram_a_inst/ram_reg/CLKARDCLK
Min Period        n/a     RAMB18E1/CLKBWRCLK  n/a            1.962         13.500      11.538     RAMB18_X4Y27   ram_16tiles_inst/gen_ram_a[0].ram_a_inst/ram_reg/CLKBWRCLK
Min Period        n/a     RAMB18E1/CLKARDCLK  n/a            1.962         13.500      11.538     RAMB18_X4Y28   ram_16tiles_inst/gen_ram_a[10].ram_a_inst/ram_reg/CLKARDCLK
Min Period        n/a     RAMB18E1/CLKBWRCLK  n/a            1.962         13.500      11.538     RAMB18_X4Y28   ram_16tiles_inst/gen_ram_a[10].ram_a_inst/ram_reg/CLKBWRCLK
Min Period        n/a     RAMB18E1/CLKARDCLK  n/a            1.962         13.500      11.538     RAMB18_X4Y24   ram_16tiles_inst/gen_ram_a[11].ram_a_inst/ram_reg/CLKARDCLK
Min Period        n/a     RAMB18E1/CLKBWRCLK  n/a            1.962         13.500      11.538     RAMB18_X4Y24   ram_16tiles_inst/gen_ram_a[11].ram_a_inst/ram_reg/CLKBWRCLK
Low Pulse Width   Fast    SRL16E/CLK          n/a            0.770         6.750       5.980      SLICE_X108Y78  mapping_inst/href_d3_reg_srl3_mapping_inst_u_d3_reg_c/CLK
Low Pulse Width   Fast    SRL16E/CLK          n/a            0.770         6.750       5.980      SLICE_X112Y74  mapping_inst/u_d3_reg[0]_srl3_mapping_inst_u_d3_reg_c/CLK
Low Pulse Width   Fast    SRL16E/CLK          n/a            0.770         6.750       5.980      SLICE_X112Y74  mapping_inst/u_d3_reg[1]_srl3_mapping_inst_u_d3_reg_c/CLK
Low Pulse Width   Fast    SRL16E/CLK          n/a            0.770         6.750       5.980      SLICE_X112Y74  mapping_inst/u_d3_reg[2]_srl3_mapping_inst_u_d3_reg_c/CLK
Low Pulse Width   Fast    SRL16E/CLK          n/a            0.770         6.750       5.980      SLICE_X112Y74  mapping_inst/u_d3_reg[3]_srl3_mapping_inst_u_d3_reg_c/CLK
Low Pulse Width   Fast    SRL16E/CLK          n/a            0.770         6.750       5.980      SLICE_X112Y74  mapping_inst/u_d3_reg[4]_srl3_mapping_inst_u_d3_reg_c/CLK
Low Pulse Width   Fast    SRL16E/CLK          n/a            0.770         6.750       5.980      SLICE_X112Y74  mapping_inst/u_d3_reg[5]_srl3_mapping_inst_u_d3_reg_c/CLK
Low Pulse Width   Fast    SRL16E/CLK          n/a            0.770         6.750       5.980      SLICE_X112Y74  mapping_inst/u_d3_reg[6]_srl3_mapping_inst_u_d3_reg_c/CLK
Low Pulse Width   Fast    SRL16E/CLK          n/a            0.770         6.750       5.980      SLICE_X112Y74  mapping_inst/u_d3_reg[7]_srl3_mapping_inst_u_d3_reg_c/CLK
Low Pulse Width   Fast    SRL16E/CLK          n/a            0.770         6.750       5.980      SLICE_X108Y77  mapping_inst/v_d3_reg[0]_srl3_mapping_inst_u_d3_reg_c/CLK
High Pulse Width  Slow    SRL16E/CLK          n/a            0.770         6.750       5.980      SLICE_X108Y78  mapping_inst/href_d3_reg_srl3_mapping_inst_u_d3_reg_c/CLK
High Pulse Width  Slow    SRL16E/CLK          n/a            0.770         6.750       5.980      SLICE_X112Y74  mapping_inst/u_d3_reg[0]_srl3_mapping_inst_u_d3_reg_c/CLK
High Pulse Width  Slow    SRL16E/CLK          n/a            0.770         6.750       5.980      SLICE_X112Y74  mapping_inst/u_d3_reg[1]_srl3_mapping_inst_u_d3_reg_c/CLK
High Pulse Width  Slow    SRL16E/CLK          n/a            0.770         6.750       5.980      SLICE_X112Y74  mapping_inst/u_d3_reg[2]_srl3_mapping_inst_u_d3_reg_c/CLK
High Pulse Width  Slow    SRL16E/CLK          n/a            0.770         6.750       5.980      SLICE_X112Y74  mapping_inst/u_d3_reg[3]_srl3_mapping_inst_u_d3_reg_c/CLK
High Pulse Width  Slow    SRL16E/CLK          n/a            0.770         6.750       5.980      SLICE_X112Y74  mapping_inst/u_d3_reg[4]_srl3_mapping_inst_u_d3_reg_c/CLK
High Pulse Width  Slow    SRL16E/CLK          n/a            0.770         6.750       5.980      SLICE_X112Y74  mapping_inst/u_d3_reg[5]_srl3_mapping_inst_u_d3_reg_c/CLK
High Pulse Width  Slow    SRL16E/CLK          n/a            0.770         6.750       5.980      SLICE_X112Y74  mapping_inst/u_d3_reg[6]_srl3_mapping_inst_u_d3_reg_c/CLK
High Pulse Width  Slow    SRL16E/CLK          n/a            0.770         6.750       5.980      SLICE_X112Y74  mapping_inst/u_d3_reg[7]_srl3_mapping_inst_u_d3_reg_c/CLK
High Pulse Width  Slow    SRL16E/CLK          n/a            0.770         6.750       5.980      SLICE_X108Y77  mapping_inst/v_d3_reg[0]_srl3_mapping_inst_u_d3_reg_c/CLK



